/*--------------------------------*- C++ -*----------------------------------*\
| =========                 |                                                 |
| \\      /  F ield         | OpenFOAM: The Open Source CFD Toolbox           |
|  \\    /   O peration     | Version:  v2012                                 |
|   \\  /    A nd           | Website:  www.openfoam.com                      |
|    \\/     M anipulation  |                                                 |
\*---------------------------------------------------------------------------*/
FoamFile
{
    version     2.0;
    format      ascii;
    class       volVectorField;
    location    "1.571934130073674";
    object      U;
}
// * * * * * * * * * * * * * * * * * * * * * * * * * * * * * * * * * * * * * //

dimensions      [0 1 -1 0 0 0 0];


internalField   nonuniform List<vector> 
6720
(
(245.521 0.0671705 1.35718e-16)
(245.537 0.0571204 1.66901e-14)
(245.636 0.0206716 2.99669e-15)
(245.541 0.103615 8.89435e-15)
(245.647 0.0528793 2.31683e-14)
(245.666 0.0343283 3.82298e-15)
(245.547 0.139505 1.4895e-14)
(245.658 0.0912121 6.40412e-15)
(245.686 0.0526219 1.9506e-14)
(245.718 0.0299967 1.96235e-15)
(245.548 0.177364 2.26339e-14)
(245.666 0.128564 1.91638e-14)
(245.691 0.0911881 1.17301e-14)
(245.736 0.0490166 1.06727e-14)
(245.76 0.0297367 -8.10801e-16)
(245.549 0.213097 1.43498e-14)
(245.668 0.16741 2.16338e-14)
(245.699 0.127085 2.07477e-14)
(245.749 0.0856288 1.48522e-14)
(245.779 0.0446947 1.76797e-14)
(245.798 0.0277907 3.39055e-15)
(245.548 0.247297 1.29239e-14)
(245.668 0.2059 1.03629e-14)
(245.702 0.166553 2.87448e-14)
(245.759 0.1199 1.17994e-14)
(245.795 0.0794838 1.17637e-14)
(245.818 0.0390198 1.65038e-14)
(245.829 0.0257625 3.64017e-15)
(245.548 0.278783 -4.01113e-15)
(245.665 0.24403 1.34715e-14)
(245.703 0.205082 1.1429e-14)
(245.767 0.159138 2.89591e-14)
(245.809 0.111586 6.81121e-15)
(245.838 0.0706855 1.24096e-14)
(245.85 0.0319705 1.20622e-14)
(245.853 0.0233696 8.44593e-15)
(245.548 0.306955 -1.16743e-14)
(245.66 0.279949 -2.64981e-15)
(245.702 0.244064 1.62255e-14)
(245.771 0.198794 4.48428e-15)
(245.821 0.150048 2.33064e-14)
(245.856 0.100024 2.17025e-14)
(245.874 0.0599668 2.39486e-14)
(245.876 0.0231246 3.09027e-15)
(245.867 0.0208052 3.8252e-15)
(245.548 0.33085 1.14024e-14)
(245.651 0.313135 1.37112e-15)
(245.698 0.281297 -1.34269e-15)
(245.773 0.240264 7.21677e-15)
(245.829 0.190069 1.60623e-14)
(245.874 0.136772 2.36061e-14)
(245.897 0.0858378 2.31433e-14)
(245.902 0.0473061 1.14689e-14)
(245.893 0.0138201 2.34444e-14)
(245.877 0.0171963 5.50339e-15)
(245.548 0.350031 -3.78378e-15)
(245.639 0.342374 5.87009e-15)
(245.689 0.31643 -3.19185e-16)
(245.769 0.281312 -2.48666e-15)
(245.835 0.233421 1.43901e-14)
(245.889 0.176616 -1.12111e-14)
(245.921 0.120228 2.2272e-14)
(245.93 0.0689625 2.0457e-14)
(245.922 0.0335464 1.12896e-14)
(245.903 0.00381255 1.13284e-14)
(245.879 0.0143918 4.54894e-15)
(245.549 0.363587 2.06193e-16)
(245.624 0.366685 -2.76983e-16)
(245.675 0.34798 7.19204e-15)
(245.759 0.32154 6.3964e-16)
(245.834 0.277889 -9.67434e-15)
(245.902 0.221751 1.25766e-14)
(245.945 0.15921 9.20036e-15)
(245.962 0.0998972 2.87705e-14)
(245.955 0.0488432 1.16313e-14)
(245.934 0.018542 4.77064e-15)
(245.903 -0.00559834 1.59181e-14)
(245.875 0.012391 -2.70274e-15)
(245.549 0.371263 4.29947e-15)
(245.606 0.385136 1.35512e-14)
(245.656 0.375028 2.9334e-15)
(245.742 0.359164 5.64792e-16)
(245.825 0.322913 1.41339e-15)
(245.908 0.270186 -1.18361e-14)
(245.967 0.205244 6.74861e-15)
(245.996 0.136648 1.65505e-14)
(245.995 0.0760206 1.54357e-14)
(245.972 0.0281007 2.30821e-14)
(245.937 0.00358366 1.73362e-14)
(245.898 -0.0150921 2.27315e-14)
(245.865 0.0105537 6.68885e-15)
(245.55 0.374027 1.76434e-16)
(245.586 0.397597 8.53334e-15)
(245.632 0.396279 7.51473e-15)
(245.718 0.393015 7.45284e-15)
(245.808 0.366513 4.97068e-16)
(245.905 0.321167 3.29823e-15)
(245.982 0.256988 5.56322e-15)
(246.029 0.182352 -7.74357e-15)
(246.038 0.109469 2.75545e-14)
(246.019 0.0491111 2.71848e-14)
(245.979 0.00655838 1.99007e-14)
(245.934 -0.0113645 1.106e-14)
(245.889 -0.0234453 7.37043e-15)
(245.852 0.00873354 7.24482e-15)
(245.55 0.371552 -8.83838e-15)
(245.566 0.404346 -1.12011e-15)
(245.605 0.410948 1.63302e-15)
(245.687 0.421899 1.64555e-14)
(245.78 0.407162 1.36449e-14)
(245.89 0.372832 -3.54296e-17)
(245.986 0.313685 -1.33238e-15)
(246.057 0.23614 -3.33603e-15)
(246.085 0.15337 1.43179e-14)
(246.073 0.0771462 1.80322e-14)
(246.033 0.0209514 1.39086e-14)
(245.979 -0.0147867 1.66749e-14)
(245.925 -0.0256351 -3.17196e-15)
(245.877 -0.0313313 -3.47552e-15)
(245.835 0.00697785 5.46325e-15)
(245.55 0.363906 -1.77269e-14)
(245.542 0.405257 -7.55456e-15)
(245.576 0.419907 -2.81686e-15)
(245.649 0.44448 -3.77367e-15)
(245.742 0.442855 1.69202e-14)
(245.863 0.423265 6.89242e-16)
(245.978 0.373365 -5.39624e-16)
(246.074 0.298267 4.80452e-15)
(246.127 0.20775 5.74864e-16)
(246.132 0.118277 1.58797e-14)
(246.096 0.0427075 8.88597e-15)
(246.037 -0.00776708 1.53968e-14)
(245.971 -0.0355726 1.98674e-14)
(245.909 -0.0393206 3.24903e-14)
(245.86 -0.0387246 1.21518e-14)
(245.817 0.00532114 1.04133e-15)
(245.55 0.352797 -2.00579e-14)
(245.519 0.400826 -2.92272e-14)
(245.546 0.422978 -1.79609e-14)
(245.607 0.459872 -8.69037e-15)
(245.696 0.47195 -7.2864e-15)
(245.823 0.470217 3.94291e-15)
(245.954 0.434 8.94518e-15)
(246.077 0.366484 -1.06324e-15)
(246.161 0.273525 -1.20274e-14)
(246.191 0.171186 3.20491e-15)
(246.169 0.0771278 -6.79768e-15)
(246.109 0.00622479 1.45687e-14)
(246.033 -0.0356742 1.2762e-14)
(245.957 -0.0552411 7.56921e-16)
(245.891 -0.0505686 1.71724e-15)
(245.839 -0.0449237 -3.63862e-15)
(245.798 0.00385731 1.17927e-14)
(245.551 0.33759 -3.63391e-14)
(245.498 0.391548 -2.82298e-14)
(245.515 0.420554 -2.09386e-14)
(245.562 0.468089 -1.7694e-14)
(245.642 0.492687 -7.3373e-15)
(245.77 0.511611 -1.09434e-14)
(245.913 0.492574 -2.50087e-15)
(246.061 0.438525 1.53567e-14)
(246.179 0.349491 -4.68764e-15)
(246.245 0.238456 2.14479e-15)
(246.246 0.127154 1.23203e-16)
(246.194 0.0334998 5.03616e-15)
(246.111 -0.0299415 1.39251e-14)
(246.021 -0.0625844 3.50643e-14)
(245.938 -0.072896 1.59764e-14)
(245.87 -0.0605942 1.95158e-14)
(245.818 -0.049995 1.07516e-14)
(245.778 0.00262673 2.1986e-14)
(245.551 0.31954 -3.74751e-14)
(245.479 0.377865 -3.19271e-14)
(245.484 0.412537 -3.13108e-14)
(245.515 0.468713 -2.50618e-14)
(245.585 0.506504 -1.0827e-14)
(245.705 0.544235 -3.12446e-15)
(245.855 0.545906 -2.34335e-14)
(246.025 0.511391 -7.99143e-15)
(246.178 0.432967 4.07626e-15)
(246.285 0.320193 -1.39428e-15)
(246.321 0.193579 2.9688e-15)
(246.288 0.0759424 -7.33399e-16)
(246.206 -0.0119198 -1.32473e-15)
(246.103 -0.0654264 1.13565e-14)
(246.002 -0.0870154 -4.0074e-15)
(245.915 -0.0884881 1.82112e-14)
(245.848 -0.0687585 2.12617e-14)
(245.796 -0.0540609 4.94305e-15)
(245.759 0.00161762 3.17122e-15)
(245.551 0.299134 -5.85151e-14)
(245.459 0.360546 -4.62428e-14)
(245.454 0.399069 -3.08513e-14)
(245.468 0.462479 -2.67409e-14)
(245.525 0.511998 -3.36238e-14)
(245.633 0.568555 -1.46935e-14)
(245.78 0.590518 -5.89982e-15)
(245.967 0.58134 -7.41558e-15)
(246.152 0.520705 8.42573e-16)
(246.303 0.41461 7.20582e-15)
(246.387 0.278162 -4.24496e-16)
(246.386 0.139519 8.58896e-15)
(246.316 0.0217686 5.55837e-15)
(246.206 -0.0568612 2.66726e-14)
(246.087 -0.0985855 3.57085e-14)
(245.979 -0.109001 3.15144e-14)
(245.89 -0.101455 1.99432e-14)
(245.825 -0.0753908 2.51656e-14)
(245.775 -0.057191 -7.20364e-15)
(245.741 0.000814704 -4.73528e-15)
(245.551 0.27701 -4.70359e-14)
(245.44 0.339889 -5.72812e-14)
(245.426 0.381425 -4.75909e-14)
(245.422 0.450122 -3.92449e-14)
(245.463 0.509668 -2.80004e-14)
(245.554 0.58218 -3.21791e-14)
(245.692 0.624284 -2.20585e-14)
(245.888 0.644731 -2.24067e-15)
(246.098 0.608475 -2.12785e-14)
(246.294 0.517838 -2.35767e-15)
(246.432 0.381122 -1.18749e-14)
(246.479 0.223775 -9.61857e-15)
(246.436 0.0767834 3.93526e-15)
(246.329 -0.0338023 4.23114e-15)
(246.195 -0.100366 3.79582e-15)
(246.063 -0.128787 1.17237e-14)
(245.952 -0.127675 1.36307e-14)
(245.865 -0.111987 1.88733e-14)
(245.802 -0.0805791 3.86744e-14)
(245.755 -0.0595171 2.1893e-14)
(245.724 0.000197445 2.24643e-14)
(245.549 0.253986 -5.15422e-14)
(245.422 0.316931 -4.89004e-14)
(245.4 0.359977 -5.39861e-14)
(245.379 0.432195 -5.29021e-14)
(245.402 0.499849 -4.09985e-14)
(245.472 0.585225 -3.31464e-14)
(245.597 0.647876 -3.50748e-14)
(245.788 0.696487 -2.07417e-14)
(246.016 0.691076 -1.68679e-15)
(246.253 0.625444 -7.93096e-15)
(246.446 0.499139 -4.05565e-15)
(246.557 0.331403 1.94672e-14)
(246.558 0.15841 -2.26364e-14)
(246.469 0.0103238 -1.2194e-14)
(246.327 -0.0889246 -5.55551e-15)
(246.174 -0.140759 1.48187e-15)
(246.035 -0.15514 1.22121e-14)
(245.923 -0.143205 3.44899e-14)
(245.839 -0.120266 1.70216e-14)
(245.78 -0.0845048 -6.45728e-15)
(245.736 -0.0611733 2.08117e-14)
(245.708 -0.000257774 1.00254e-14)
(245.546 0.230525 -5.30475e-14)
(245.404 0.292191 -5.47162e-14)
(245.376 0.335905 -4.66297e-14)
(245.338 0.40977 -4.56503e-14)
(245.342 0.483161 -5.89068e-14)
(245.39 0.578664 -4.49415e-14)
(245.496 0.659382 -3.24114e-14)
(245.675 0.736684 -3.65352e-14)
(245.906 0.762859 -2.29128e-14)
(246.176 0.73182 -1.18415e-14)
(246.425 0.627009 -2.94012e-15)
(246.604 0.461774 -1.8618e-15)
(246.671 0.266805 -3.38084e-15)
(246.62 0.0830762 8.12935e-15)
(246.485 -0.057251 1.52238e-14)
(246.313 -0.141702 2.80162e-14)
(246.146 -0.17706 9.24191e-16)
(246.004 -0.177714 5.70594e-15)
(245.894 -0.155728 1.23914e-14)
(245.814 -0.126577 1.0485e-14)
(245.759 -0.0873643 5.41644e-14)
(245.718 -0.0622982 9.17572e-15)
(245.694 -0.000563174 2.27423e-14)
(245.541 0.207065 -4.70887e-14)
(245.385 0.266336 -5.1481e-14)
(245.353 0.309898 -5.34688e-14)
(245.3 0.38379 -4.3093e-14)
(245.285 0.460573 -3.85074e-14)
(245.309 0.563195 -6.00142e-14)
(245.393 0.659319 -4.74295e-14)
(245.55 0.761473 -3.17862e-14)
(245.773 0.819401 -3.81114e-14)
(246.065 0.830665 -3.0414e-14)
(246.362 0.758665 -2.19573e-14)
(246.612 0.609483 -5.99641e-15)
(246.76 0.404544 -2.88033e-15)
(246.769 0.188829 -1.14266e-14)
(246.662 0.00189004 -1.91355e-14)
(246.483 -0.124061 3.7391e-15)
(246.289 -0.190465 -1.54814e-16)
(246.113 -0.208698 -3.03257e-16)
(245.971 -0.196267 2.2291e-15)
(245.866 -0.165592 1.71676e-14)
(245.791 -0.131221 -1.94129e-14)
(245.74 -0.0893623 -8.89942e-15)
(245.703 -0.0630173 1.33565e-14)
(245.682 -0.000742106 5.59058e-15)
(245.534 0.183908 -5.2436e-14)
(245.367 0.24001 -5.02607e-14)
(245.331 0.282751 -5.46051e-14)
(245.264 0.355217 -5.47509e-14)
(245.233 0.433154 -4.98963e-14)
(245.233 0.540171 -3.40475e-14)
(245.29 0.648339 -4.66163e-14)
(245.419 0.770655 -5.11065e-14)
(245.627 0.861099 -3.75037e-14)
(245.919 0.914522 -3.4297e-14)
(246.253 0.886295 -3.73774e-14)
(246.572 0.767538 -2.49491e-14)
(246.806 0.569557 -2.34318e-14)
(246.902 0.329044 1.5504e-16)
(246.847 0.0998575 1.47114e-14)
(246.682 -0.0798922 7.77457e-15)
(246.468 -0.187809 -3.35346e-14)
(246.256 -0.234113 3.95461e-15)
(246.077 -0.235542 2.28891e-15)
(245.938 -0.211131 1.54137e-15)
(245.839 -0.173118 1.9175e-14)
(245.769 -0.134501 4.52044e-14)
(245.724 -0.0906846 2.03398e-14)
(245.689 -0.0634511 1.80306e-14)
(245.671 -0.000835146 -1.82013e-15)
(245.528 0.161576 -5.1301e-14)
(245.349 0.213753 -5.19365e-14)
(245.309 0.255098 -4.58682e-14)
(245.231 0.324966 -5.42547e-14)
(245.185 0.402294 -5.46968e-14)
(245.162 0.510583 -5.74182e-14)
(245.191 0.627246 -4.00673e-14)
(245.287 0.765522 -5.09298e-14)
(245.469 0.884445 -5.48571e-14)
(245.75 0.981607 -3.73629e-14)
(246.102 1.0015 -3.97576e-14)
(246.478 0.928316 -3.32196e-14)
(246.801 0.75374 -1.99554e-14)
(247 0.505406 -5.74518e-15)
(247.027 0.237271 1.65643e-14)
(246.902 0.00217516 1.71126e-15)
(246.684 -0.16029 1.07882e-14)
(246.44 -0.246522 2.02243e-14)
(246.218 -0.272012 1.17912e-15)
(246.04 -0.257614 4.00579e-16)
(245.907 -0.222771 1.87468e-15)
(245.814 -0.178686 2.18313e-14)
(245.75 -0.136697 1.57726e-14)
(245.709 -0.0915038 -1.19469e-14)
(245.677 -0.0637074 3.9332e-14)
(245.661 -0.000822768 2.6183e-14)
(245.522 0.140451 -4.34267e-14)
(245.334 0.187951 -4.49265e-14)
(245.289 0.227446 -5.22466e-14)
(245.2 0.293811 -4.78293e-14)
(245.141 0.369053 -4.85495e-14)
(245.096 0.476416 -5.44604e-14)
(245.097 0.597783 -5.80055e-14)
(245.158 0.74702 -3.8222e-14)
(245.307 0.890103 -4.9164e-14)
(245.561 1.02646 -4.40914e-14)
(245.909 1.0958 -3.83465e-14)
(246.329 1.08109 -3.38299e-14)
(246.732 0.94831 -3.49253e-14)
(247.04 0.713355 -2.31543e-14)
(247.179 0.419066 -1.06483e-14)
(247.127 0.132839 -9.84494e-15)
(246.932 -0.0968336 2.33269e-15)
(246.668 -0.236942 4.62318e-15)
(246.403 -0.298975 -9.48668e-15)
(246.177 -0.304088 -1.01053e-16)
(246.003 -0.275244 -2.34877e-14)
(245.877 -0.231685 -9.37181e-16)
(245.792 -0.182661 1.5714e-14)
(245.733 -0.138079 2.60864e-14)
(245.696 -0.0919206 1.6765e-14)
(245.666 -0.0637594 3.96701e-14)
(245.651 -0.000767226 1.17213e-14)
(245.515 0.120658 -3.52931e-14)
(245.321 0.162963 -4.28528e-14)
(245.272 0.200274 -4.48165e-14)
(245.172 0.262567 -5.30157e-14)
(245.101 0.334518 -4.85306e-14)
(245.036 0.438688 -4.50906e-14)
(245.01 0.560779 -5.20996e-14)
(245.036 0.716677 -5.66981e-14)
(245.145 0.878959 -3.65224e-14)
(245.361 1.04794 -4.49828e-14)
(245.691 1.16782 -5.10219e-14)
(246.126 1.21544 -4.23414e-14)
(246.597 1.14177 -3.42047e-14)
(247.011 0.941777 -2.43937e-14)
(247.28 0.644017 -3.67224e-14)
(247.338 0.312907 -2.52975e-14)
(247.201 0.0190054 -1.55942e-14)
(246.94 -0.19325 8.26214e-16)
(246.638 -0.307618 -1.84222e-14)
(246.36 -0.344495 2.14698e-14)
(246.135 -0.330531 -5.89631e-15)
(245.968 -0.289158 -1.14031e-15)
(245.85 -0.2383 4.22622e-14)
(245.772 -0.185416 9.03264e-15)
(245.718 -0.138788 5.3307e-14)
(245.683 -0.0919645 -1.26442e-14)
(245.655 -0.0637065 1.21695e-14)
(245.641 -0.000671629 2.46e-14)
(245.505 0.102253 -3.34972e-14)
(245.307 0.139195 -3.56957e-14)
(245.258 0.174105 -4.30947e-14)
(245.148 0.231737 -4.29326e-14)
(245.065 0.299505 -5.35692e-14)
(244.981 0.398795 -4.89077e-14)
(244.931 0.518906 -4.7552e-14)
(244.921 0.677276 -5.48949e-14)
(244.988 0.85224 -5.23114e-14)
(245.158 1.04749 -4.93188e-14)
(245.454 1.21291 -5.04603e-14)
(245.883 1.32596 -5.34228e-14)
(246.395 1.32262 -4.45363e-14)
(246.904 1.17854 -4.15172e-14)
(247.303 0.904348 -3.47307e-14)
(247.505 0.548107 -1.7118e-14)
(247.47 0.192346 -2.17843e-14)
(247.246 -0.0998086 -3.28093e-14)
(246.927 -0.285019 2.4378e-14)
(246.599 -0.370712 2.96103e-14)
(246.315 -0.383034 1.59883e-14)
(246.095 -0.351823 -2.42192e-14)
(245.936 -0.299839 -2.45201e-15)
(245.827 -0.243117 -3.33128e-15)
(245.754 -0.187147 -2.40239e-14)
(245.704 -0.138915 -1.8736e-14)
(245.671 -0.0918019 2.71615e-14)
(245.643 -0.0635326 3.65344e-14)
(245.631 -0.000532817 9.97031e-15)
(245.493 0.0853331 -1.24653e-14)
(245.292 0.117007 -3.22056e-14)
(245.242 0.149264 -3.68051e-14)
(245.128 0.201953 -4.13638e-14)
(245.035 0.264778 -3.97457e-14)
(244.934 0.357767 -4.89813e-14)
(244.86 0.473928 -4.94474e-14)
(244.817 0.629469 -5.30213e-14)
(244.841 0.811956 -5.35365e-14)
(244.958 1.02634 -5.22271e-14)
(245.206 1.2305 -5.47508e-14)
(245.605 1.40526 -5.52364e-14)
(246.127 1.47528 -5.49192e-14)
(246.712 1.40999 -4.45768e-14)
(247.24 1.18411 -4.51396e-14)
(247.599 0.833451 -3.40704e-14)
(247.71 0.427374 -1.62066e-14)
(247.57 0.0603912 -4.1875e-15)
(247.265 -0.215446 8.63381e-15)
(246.898 -0.369617 -1.41597e-14)
(246.552 -0.425593 -3.36256e-17)
(246.269 -0.41499 -1.10261e-14)
(246.056 -0.36851 -2.58694e-14)
(245.907 -0.307922 -6.63232e-15)
(245.805 -0.246382 -1.24476e-16)
(245.737 -0.1881 -2.71631e-14)
(245.689 -0.138766 2.3619e-14)
(245.659 -0.0914223 4.55116e-14)
(245.632 -0.0632227 2.44321e-15)
(245.621 -0.000353506 1.36042e-14)
(245.478 0.0700219 1.65064e-14)
(245.276 0.0965952 -8.37806e-15)
(245.226 0.126021 -2.83103e-14)
(245.108 0.173496 -3.65361e-14)
(245.009 0.231112 -4.15777e-14)
(244.894 0.316746 -4.02692e-14)
(244.798 0.426873 -4.6983e-14)
(244.723 0.577074 -4.45866e-14)
(244.704 0.761573 -5.39377e-14)
(244.768 0.986593 -5.35197e-14)
(244.958 1.22197 -4.77935e-14)
(245.306 1.44972 -5.03738e-14)
(245.814 1.59733 -4.56183e-14)
(246.44 1.61969 -4.42903e-14)
(247.078 1.46975 -4.51579e-14)
(247.595 1.15462 -5.67727e-14)
(247.884 0.730002 -4.13682e-14)
(247.881 0.291479 -2.0667e-14)
(247.637 -0.0757427 -4.56012e-14)
(247.261 -0.324846 -1.15648e-14)
(246.858 -0.445482 -3.19862e-14)
(246.504 -0.471916 -2.63017e-14)
(246.225 -0.440778 -1.5675e-15)
(246.022 -0.381562 8.51729e-16)
(245.881 -0.313691 -6.80304e-15)
(245.784 -0.248561 2.09395e-15)
(245.72 -0.188632 1.6073e-14)
(245.675 -0.138368 1.80814e-14)
(245.647 -0.0908747 4.56089e-14)
(245.621 -0.0627686 -1.29515e-14)
(245.611 -0.000134824 1.30167e-14)
(245.464 0.0563936 6.41611e-14)
(245.258 0.0781288 2.10353e-14)
(245.21 0.104622 -8.13351e-15)
(245.088 0.146783 -2.71405e-14)
(244.984 0.198976 -3.73636e-14)
(244.86 0.276675 -3.85544e-14)
(244.746 0.379229 -3.91648e-14)
(244.642 0.521423 -4.53088e-14)
(244.581 0.701828 -4.37441e-14)
(244.59 0.932005 -4.96326e-14)
(244.716 1.18901 -4.83778e-14)
(244.999 1.46014 -4.40088e-14)
(245.464 1.67953 -5.00119e-14)
(246.099 1.79623 -4.18142e-14)
(246.816 1.74219 -4.76824e-14)
(247.48 1.4944 -4.67794e-14)
(247.957 1.0867 -4.48439e-14)
(248.142 0.600579 -3.23712e-14)
(248.019 0.141939 -2.86708e-14)
(247.674 -0.212955 -5.21838e-14)
(247.238 -0.425613 -3.94092e-14)
(246.811 -0.511459 -2.46753e-14)
(246.454 -0.510921 4.51034e-15)
(246.184 -0.461065 5.86407e-16)
(245.99 -0.391306 1.43514e-15)
(245.855 -0.31799 -7.08218e-15)
(245.764 -0.250129 4.93203e-15)
(245.703 -0.188718 8.3666e-15)
(245.662 -0.137715 1.68489e-14)
(245.635 -0.0901191 -1.21963e-14)
(245.611 -0.0621666 1.25863e-14)
(245.602 0.000122497 1.32883e-14)
(245.446 0.0445486 6.88826e-14)
(245.241 0.0616604 6.66907e-14)
(245.192 0.0852124 2.50576e-14)
(245.069 0.122216 -4.89043e-15)
(244.96 0.168711 -2.66312e-14)
(244.828 0.238284 -3.8108e-14)
(244.701 0.332192 -3.76927e-14)
(244.574 0.464419 -4.05446e-14)
(244.475 0.63774 -4.56676e-14)
(244.429 0.863995 -4.53285e-14)
(244.487 1.13427 -4.53089e-14)
(244.695 1.43859 -4.93821e-14)
(245.095 1.72034 -4.849e-14)
(245.703 1.93256 -5.17333e-14)
(246.456 1.98175 -5.33707e-14)
(247.245 1.83267 -5.7154e-14)
(247.906 1.47892 -4.1813e-14)
(248.308 0.981749 -3.37341e-14)
(248.367 0.447945 -3.75943e-14)
(248.119 -0.013855 -3.2507e-14)
(247.685 -0.343059 -2.63786e-14)
(247.202 -0.515677 -2.29598e-14)
(246.76 -0.567604 6.50558e-15)
(246.409 -0.541868 -4.9559e-15)
(246.145 -0.477053 4.19755e-16)
(245.958 -0.399065 2.98042e-15)
(245.829 -0.321419 -8.57446e-15)
(245.743 -0.251046 3.11009e-15)
(245.686 -0.188368 9.20161e-15)
(245.648 -0.136818 1.5174e-14)
(245.623 -0.0892004 1.73668e-14)
(245.6 -0.0614215 -1.30899e-14)
(245.593 0.00041685 7.9248e-15)
(245.411 0.0342452 7.01055e-14)
(245.222 0.0476062 6.73515e-14)
(245.175 0.0680235 6.90684e-14)
(245.049 0.0998565 2.90301e-14)
(244.938 0.140599 -2.20054e-15)
(244.799 0.202053 -2.78678e-14)
(244.661 0.2867 -3.99076e-14)
(244.515 0.407699 -3.79555e-14)
(244.385 0.570496 -3.85444e-14)
(244.29 0.789076 -4.58962e-14)
(244.277 1.06323 -4.9527e-14)
(244.401 1.38774 -4.70127e-14)
(244.72 1.72107 -4.75267e-14)
(245.266 2.01769 -5.08837e-14)
(246.024 2.18196 -5.38357e-14)
(246.892 2.14843 -5.37735e-14)
(247.72 1.88436 -5.23542e-14)
(248.342 1.42082 -4.94017e-14)
(248.631 0.845645 -3.771e-14)
(248.553 0.283456 -5.66169e-14)
(248.184 -0.168343 -3.00364e-14)
(247.676 -0.461303 -1.10725e-14)
(247.157 -0.594456 -4.042e-14)
(246.712 -0.613543 -2.92885e-14)
(246.363 -0.567176 -3.33447e-14)
(246.106 -0.490231 8.91637e-17)
(245.926 -0.405618 9.16112e-15)
(245.804 -0.323948 -9.03449e-15)
(245.722 -0.251344 2.84044e-15)
(245.67 -0.187602 7.20668e-15)
(245.634 -0.135735 1.69395e-14)
(245.612 -0.0881184 1.74932e-14)
(245.59 -0.0605533 3.68801e-14)
(245.583 0.000740344 -1.0342e-14)
(245.361 0.0254112 5.68907e-14)
(245.183 0.035334 7.01107e-14)
(245.155 0.0534439 6.78003e-14)
(245.031 0.0803043 7.12788e-14)
(244.917 0.115104 3.37836e-14)
(244.773 0.168551 1.28262e-15)
(244.626 0.243455 -2.48954e-14)
(244.464 0.352416 -3.92658e-14)
(244.308 0.502562 -4.42113e-14)
(244.171 0.70896 -3.50279e-14)
(244.095 0.976621 -4.23998e-14)
(244.13 1.31169 -4.92261e-14)
(244.351 1.68352 -4.20667e-14)
(244.811 2.05162 -4.30446e-14)
(245.522 2.32522 -4.86685e-14)
(246.429 2.42176 -5.38784e-14)
(247.392 2.27997 -5.23567e-14)
(248.223 1.89108 -5.7601e-14)
(248.768 1.32174 -6.16668e-14)
(248.922 0.681569 -3.60672e-14)
(248.697 0.110271 -4.50267e-14)
(248.219 -0.316079 -3.3117e-14)
(247.65 -0.568118 -1.10163e-14)
(247.11 -0.66107 -1.79803e-14)
(246.66 -0.652342 -2.55531e-14)
(246.315 -0.588786 3.07759e-14)
(246.066 -0.501832 3.13685e-14)
(245.893 -0.410944 3.24306e-14)
(245.778 -0.325615 1.39936e-14)
(245.702 -0.251039 1.94888e-15)
(245.654 -0.186448 -7.44165e-16)
(245.621 -0.13437 1.73229e-14)
(245.601 -0.0868626 1.90903e-14)
(245.58 -0.0595536 -1.24873e-14)
(245.574 0.00108865 -6.9869e-15)
(245.314 0.0185233 4.32379e-14)
(245.131 0.025922 5.7515e-14)
(245.116 0.0399901 7.03118e-14)
(245.01 0.0636433 6.7886e-14)
(244.898 0.0925648 6.83137e-14)
(244.749 0.138052 3.54341e-14)
(244.595 0.20326 4.77573e-15)
(244.42 0.299692 -2.09027e-14)
(244.241 0.435621 -3.99031e-14)
(244.069 0.626694 -4.83777e-14)
(243.937 0.882943 -3.54141e-14)
(243.888 1.2173 -4.15678e-14)
(244.003 1.611 -4.91364e-14)
(244.353 2.0371 -4.58065e-14)
(244.984 2.40958 -4.22343e-14)
(245.885 2.64622 -4.38762e-14)
(246.926 2.64081 -5.40575e-14)
(247.943 2.36705 -5.07155e-14)
(248.739 1.8514 -5.81048e-14)
(249.171 1.18527 -5.44506e-14)
(249.166 0.507847 -5.20098e-14)
(248.802 -0.0613675 -4.76028e-14)
(248.227 -0.453154 -3.69125e-14)
(247.615 -0.660876 -3.12985e-14)
(247.056 -0.717104 -3.4064e-15)
(246.606 -0.686631 9.6769e-15)
(246.266 -0.608222 -1.53466e-14)
(246.025 -0.511787 -8.58821e-15)
(245.861 -0.415078 2.75405e-15)
(245.753 -0.326441 -8.95852e-15)
(245.682 -0.250152 1.63541e-15)
(245.638 -0.184921 -3.13824e-14)
(245.608 -0.132683 1.71253e-14)
(245.589 -0.0854589 1.87064e-14)
(245.57 -0.0584453 2.35168e-14)
(245.566 0.00145353 1.10344e-14)
(245.215 0.0134563 2.95562e-14)
(245.07 0.0191485 4.2533e-14)
(245.065 0.0294474 5.5655e-14)
(244.969 0.0480294 6.83925e-14)
(244.876 0.0733692 7.08345e-14)
(244.728 0.111012 7.06594e-14)
(244.566 0.166685 3.94133e-14)
(244.382 0.250353 6.53542e-15)
(244.185 0.371281 -1.40785e-14)
(243.981 0.544748 -3.74911e-14)
(243.799 0.784415 -4.95504e-14)
(243.677 1.10611 -3.71072e-14)
(243.685 1.51033 -4.23565e-14)
(243.91 1.97646 -4.73649e-14)
(244.43 2.43403 -3.92505e-14)
(245.266 2.80005 -4.43294e-14)
(246.348 2.95217 -4.68819e-14)
(247.499 2.82207 -4.12067e-14)
(248.527 2.4054 -4.40455e-14)
(249.248 1.76615 -4.81744e-14)
(249.529 1.02456 -5.79057e-14)
(249.366 0.32453 -4.99324e-14)
(248.87 -0.224721 -3.57523e-14)
(248.22 -0.577031 -2.96725e-14)
(247.568 -0.738955 -3.26296e-14)
(246.996 -0.769067 -2.15707e-14)
(246.548 -0.717959 -1.60914e-14)
(246.216 -0.625482 -4.05193e-14)
(245.984 -0.520115 -1.19758e-14)
(245.829 -0.418039 7.29639e-15)
(245.727 -0.326454 4.06506e-14)
(245.663 -0.248714 1.77256e-15)
(245.622 -0.183068 7.19545e-15)
(245.595 -0.130753 1.67957e-14)
(245.579 -0.0839193 1.02353e-14)
(245.561 -0.0571873 3.93256e-14)
(245.557 0.00183702 -1.09266e-14)
(244.865 0.00844557 2.35574e-14)
(244.96 0.0137854 2.88884e-14)
(245.029 0.0218248 4.28998e-14)
(244.917 0.03572 5.71648e-14)
(244.833 0.0554686 6.89311e-14)
(244.703 0.0878326 7.30736e-14)
(244.543 0.134082 7.21731e-14)
(244.348 0.205307 4.50958e-14)
(244.138 0.310817 1.1413e-14)
(243.909 0.465325 -1.23755e-14)
(243.684 0.684565 -3.255e-14)
(243.495 0.988296 -4.71988e-14)
(243.405 1.38467 -4.03051e-14)
(243.499 1.87446 -4.08508e-14)
(243.879 2.40001 -4.50595e-14)
(244.606 2.88184 -4.34427e-14)
(245.66 3.19297 -4.78704e-14)
(246.899 3.22828 -4.6606e-14)
(248.127 2.95465 -4.70064e-14)
(249.125 2.3927 -5.07605e-14)
(249.727 1.6431 -5.57454e-14)
(249.845 0.84107 -4.3525e-14)
(249.521 0.141327 -5.25815e-14)
(248.912 -0.376823 -6.10818e-14)
(248.193 -0.684538 -2.94427e-14)
(247.507 -0.816983 -1.33352e-14)
(246.933 -0.818058 -2.17388e-15)
(246.487 -0.746664 -8.81855e-15)
(246.165 -0.640632 4.86803e-16)
(245.943 -0.526827 -3.79828e-14)
(245.796 -0.419858 7.65862e-15)
(245.703 -0.325685 -5.33674e-15)
(245.644 -0.246761 -3.85355e-14)
(245.607 -0.181015 -2.46438e-16)
(245.583 -0.128621 1.44191e-14)
(245.568 -0.0822554 -3.75865e-14)
(245.551 -0.0558215 1.16697e-14)
(245.549 0.00223771 -1.11704e-14)
(244.477 0.00479174 2.35294e-14)
(244.596 0.00866062 2.34873e-14)
(244.924 0.016166 2.85157e-14)
(244.869 0.0264665 4.08228e-14)
(244.78 0.0414045 5.40334e-14)
(244.658 0.0662763 7.01778e-14)
(244.516 0.106103 7.23595e-14)
(244.321 0.165111 7.39025e-14)
(244.097 0.255072 4.90467e-14)
(243.849 0.390202 1.66569e-14)
(243.588 0.586638 -1.00162e-14)
(243.341 0.866355 -3.275e-14)
(243.16 1.24675 -4.34426e-14)
(243.123 1.74144 -4.25429e-14)
(243.352 2.31118 -4.3465e-14)
(243.935 2.89172 -4.61258e-14)
(244.901 3.35364 -4.49295e-14)
(246.179 3.57897 -4.31391e-14)
(247.546 3.46829 -4.64774e-14)
(248.791 3.03312 -4.73648e-14)
(249.714 2.33234 -5.15223e-14)
(250.166 1.48872 -5.47855e-14)
(250.106 0.657659 -5.8783e-14)
(249.637 -0.0339774 -5.62533e-14)
(248.921 -0.513149 -5.13725e-14)
(248.148 -0.794711 -6.62341e-14)
(247.443 -0.886997 -2.01388e-14)
(246.863 -0.863934 -4.34247e-14)
(246.424 -0.772491 8.67078e-15)
(246.112 -0.653612 4.54427e-15)
(245.902 -0.531945 4.31001e-15)
(245.765 -0.420568 3.11494e-15)
(245.678 -0.324165 4.28405e-14)
(245.625 -0.244441 8.51032e-16)
(245.593 -0.178462 -1.63797e-15)
(245.571 -0.126295 -1.43592e-14)
(245.558 -0.0804758 3.75121e-14)
(245.542 -0.0543709 1.89818e-14)
(245.541 0.00265223 1.24417e-14)
(241.408 0.00176332 2.71258e-14)
(244.265 0.00528634 2.3573e-14)
(244.556 0.0109652 2.33984e-14)
(244.762 0.0184995 2.79108e-14)
(244.732 0.0312645 4.15511e-14)
(244.604 0.0493505 5.00907e-14)
(244.467 0.0802578 6.96425e-14)
(244.29 0.130572 7.22918e-14)
(244.064 0.205215 7.52188e-14)
(243.798 0.320658 5.57434e-14)
(243.51 0.493112 2.11818e-14)
(243.214 0.745145 -7.48176e-15)
(242.953 1.10005 -3.07798e-14)
(242.796 1.57845 -4.07508e-14)
(242.862 2.17313 -4.22607e-14)
(243.273 2.83203 -4.4095e-14)
(244.107 3.43101 -4.35491e-14)
(245.337 3.84173 -4.43051e-14)
(246.804 3.93026 -4.56534e-14)
(248.251 3.65424 -5.02777e-14)
(249.468 3.05713 -4.71466e-14)
(250.273 2.23113 -4.96099e-14)
(250.547 1.31984 -5.58599e-14)
(250.319 0.472746 -5.88653e-14)
(249.711 -0.197212 -5.85845e-14)
(248.907 -0.655 -5.67967e-14)
(248.093 -0.894678 -3.83021e-14)
(247.366 -0.95754 -4.09763e-14)
(246.79 -0.905827 -2.41914e-14)
(246.359 -0.795366 -1.66524e-14)
(246.06 -0.664413 3.67631e-14)
(245.861 -0.535504 2.24477e-14)
(245.733 -0.420208 -3.9528e-17)
(245.654 -0.321943 -8.80243e-15)
(245.607 -0.241967 1.02442e-15)
(245.578 -0.175591 -2.49503e-15)
(245.559 -0.123794 2.31597e-14)
(245.548 -0.0785913 7.10323e-14)
(245.534 -0.0528474 2.01427e-14)
(245.533 0.00307839 4.43359e-15)
(241.184 0.0020538 2.71878e-14)
(241.408 -0.00175846 2.90638e-14)
(244.179 0.00728098 2.35841e-14)
(244.37 0.0111548 2.29555e-14)
(244.613 0.0225001 2.78606e-14)
(244.555 0.0370112 4.0762e-14)
(244.413 0.0601128 4.90722e-14)
(244.238 0.0987252 6.92895e-14)
(244.029 0.162302 7.21208e-14)
(243.759 0.257991 7.33662e-14)
(243.447 0.406086 6.09308e-14)
(243.111 0.628162 2.94116e-14)
(242.781 0.950912 -4.56057e-16)
(242.516 1.40302 -2.85573e-14)
(242.418 1.99931 -3.84609e-14)
(242.639 2.70557 -4.19483e-14)
(243.299 3.42396 -4.57032e-14)
(244.423 4.01167 -4.36838e-14)
(245.907 4.31217 -4.5933e-14)
(247.513 4.23047 -4.50592e-14)
(248.99 3.7808 -4.00654e-14)
(250.131 3.03088 -5.38917e-14)
(250.78 2.10089 -4.21395e-14)
(250.877 1.13608 -5.45167e-14)
(250.482 0.290974 -5.83004e-14)
(249.754 -0.371332 -7.11604e-14)
(248.876 -0.798255 -5.63179e-14)
(248.022 -0.997954 -3.29216e-14)
(247.287 -1.02105 -3.81981e-14)
(246.711 -0.944517 -3.18667e-14)
(246.293 -0.815413 -1.62127e-14)
(246.007 -0.673041 -3.30843e-14)
(245.82 -0.537542 2.34708e-14)
(245.702 -0.418823 -2.64845e-14)
(245.631 -0.319123 -3.46257e-15)
(245.589 -0.238869 1.2906e-15)
(245.564 -0.172451 -5.66387e-15)
(245.548 -0.121136 1.24535e-14)
(245.539 -0.076614 1.03755e-14)
(245.525 -0.0512631 2.26233e-14)
(245.526 0.00351409 -1.05928e-14)
(241.061 0.00285161 2.72333e-14)
(241.184 -0.00204904 2.91767e-14)
(244.477 -0.00478755 2.36521e-14)
(244.057 0.0069759 2.38397e-14)
(244.22 0.0147394 2.18165e-14)
(244.431 0.0264778 2.93418e-14)
(244.364 0.0454131 4.11545e-14)
(244.183 0.0740391 4.81328e-14)
(243.973 0.122966 6.87076e-14)
(243.718 0.203784 7.29232e-14)
(243.398 0.326968 7.14608e-14)
(243.028 0.51846 6.32905e-14)
(242.643 0.804824 3.15608e-14)
(242.283 1.22015 7.35877e-16)
(242.038 1.79131 -2.54307e-14)
(242.051 2.52232 -3.72968e-14)
(242.499 3.33321 -4.16313e-14)
(243.465 4.08481 -4.27106e-14)
(244.895 4.5961 -4.22647e-14)
(246.598 4.7453 -4.50406e-14)
(248.287 4.47341 -4.48372e-14)
(249.734 3.84891 -4.5681e-14)
(250.755 2.96352 -4.38087e-14)
(251.229 1.95021 -5.87184e-14)
(251.149 0.956727 -5.35342e-14)
(250.611 0.0899735 -5.764e-14)
(249.775 -0.547825 -7.21905e-14)
(248.829 -0.938999 -6.07855e-14)
(247.942 -1.09193 -2.35324e-14)
(247.198 -1.08425 -4.0722e-14)
(246.63 -0.979073 -2.69772e-14)
(246.226 -0.832553 -2.00414e-14)
(245.954 -0.679534 5.73046e-16)
(245.779 -0.538114 -1.13056e-14)
(245.672 -0.416438 1.24643e-15)
(245.609 -0.315907 -4.99382e-14)
(245.572 -0.235204 2.94288e-15)
(245.551 -0.169064 -1.55484e-14)
(245.537 -0.118337 -3.47389e-16)
(245.529 -0.0745499 1.32918e-14)
(245.517 -0.0496266 3.26411e-14)
(245.519 0.00395729 5.19181e-15)
(240.897 0.0030375 2.73081e-14)
(241.061 -0.00284637 2.9259e-14)
(244.265 -0.0052822 2.36496e-14)
(244.865 -0.00844115 2.38811e-14)
(243.912 0.00976632 2.50453e-14)
(244.024 0.0168291 2.08958e-14)
(244.225 0.0325585 2.69104e-14)
(244.132 0.0556436 3.76523e-14)
(243.918 0.0926557 4.61719e-14)
(243.657 0.15478 6.62553e-14)
(243.347 0.25807 7.26296e-14)
(242.965 0.418053 7.08608e-14)
(242.533 0.666247 6.85769e-14)
(242.094 1.03768 3.91319e-14)
(241.718 1.57111 8.16041e-15)
(241.533 2.2898 -2.15916e-14)
(241.735 3.16126 -3.4106e-14)
(242.485 4.05646 -4.2131e-14)
(243.799 4.78054 -4.3746e-14)
(245.525 5.16448 -4.36689e-14)
(247.383 5.12155 -4.9017e-14)
(249.089 4.65274 -4.84506e-14)
(250.459 3.86425 -4.2908e-14)
(251.317 2.86689 -4.43091e-14)
(251.615 1.78755 -4.14568e-14)
(251.385 0.74496 -5.19556e-14)
(250.715 -0.118302 -5.5673e-14)
(249.772 -0.72894 -7.30843e-14)
(248.766 -1.07602 -7.44558e-14)
(247.846 -1.18705 -7.52659e-14)
(247.104 -1.14032 -4.24286e-14)
(246.546 -1.00978 -1.12794e-14)
(246.157 -0.846761 -2.28223e-15)
(245.901 -0.683936 -1.17467e-14)
(245.739 -0.537263 -6.50625e-16)
(245.642 -0.413187 2.04776e-15)
(245.587 -0.312411 4.53906e-14)
(245.555 -0.231165 5.36069e-15)
(245.538 -0.165455 -4.44607e-14)
(245.527 -0.115419 -5.50793e-14)
(245.521 -0.0724133 -3.94373e-14)
(245.51 -0.0479492 6.76942e-14)
(245.512 0.00440595 -2.96235e-14)
(240.706 0.00362417 2.74215e-14)
(240.897 -0.00303237 2.93659e-14)
(244.179 -0.00727691 2.36561e-14)
(244.596 -0.00865604 2.37972e-14)
(245.215 -0.0134517 2.94339e-14)
(243.745 0.0110257 2.47036e-14)
(243.818 0.0208456 2.08652e-14)
(243.989 0.0400771 2.82399e-14)
(243.865 0.0699025 3.77197e-14)
(243.6 0.116692 4.4253e-14)
(243.28 0.196787 6.54701e-14)
(242.903 0.329845 7.2768e-14)
(242.45 0.538458 7.1983e-14)
(241.945 0.862202 6.94821e-14)
(241.457 1.34495 4.37424e-14)
(241.093 2.0285 9.61354e-15)
(241.033 2.92413 -1.97196e-14)
(241.516 3.9278 -3.26836e-14)
(242.642 4.85114 -3.97335e-14)
(244.318 5.4825 -4.64623e-14)
(246.279 5.68074 -4.4639e-14)
(248.22 5.4241 -4.95679e-14)
(249.893 4.76924 -3.83409e-14)
(251.116 3.83867 -4.31175e-14)
(251.83 2.74092 -4.0704e-14)
(251.985 1.56863 -5.09234e-14)
(251.601 0.515868 -5.19807e-14)
(250.793 -0.337563 -5.4341e-14)
(249.745 -0.915705 -5.68179e-14)
(248.682 -1.21226 -6.3709e-14)
(247.745 -1.2728 -7.72015e-14)
(247.003 -1.1929 -4.58088e-14)
(246.46 -1.03652 -3.77055e-14)
(246.089 -0.85803 -4.12976e-14)
(245.848 -0.686308 -1.18734e-14)
(245.7 -0.535061 -3.37231e-15)
(245.614 -0.409217 9.08791e-15)
(245.566 -0.307871 -2.64291e-15)
(245.539 -0.226793 7.41434e-15)
(245.526 -0.161656 -7.82964e-15)
(245.517 -0.112387 3.10761e-14)
(245.512 -0.0702223 -4.1159e-14)
(245.502 -0.0462391 1.49855e-14)
(245.505 0.00485851 1.68251e-14)
(240.486 0.00410373 2.77352e-14)
(240.706 -0.00361879 2.95137e-14)
(244.058 -0.00697208 2.37831e-14)
(244.556 -0.0109607 2.37295e-14)
(244.96 -0.0137805 2.87784e-14)
(245.314 -0.0185188 4.24975e-14)
(243.554 0.0138153 2.50291e-14)
(243.568 0.0251891 2.06939e-14)
(243.708 0.0504593 2.7304e-14)
(243.545 0.0878931 3.7118e-14)
(243.222 0.148327 4.27106e-14)
(242.829 0.252325 6.42529e-14)
(242.371 0.424879 7.28012e-14)
(241.832 0.698949 7.49274e-14)
(241.251 1.12325 7.16223e-14)
(240.729 1.75218 4.91804e-14)
(240.425 2.62314 1.62873e-14)
(240.597 3.69976 -1.33515e-14)
(241.459 4.80307 -3.04537e-14)
(243.005 5.68708 -3.90435e-14)
(245.006 6.14919 -4.33446e-14)
(247.123 6.12717 -4.43528e-14)
(249.078 5.65302 -4.09133e-14)
(250.63 4.82875 -4.41958e-14)
(251.748 3.77022 -4.28745e-14)
(252.327 2.56079 -3.21513e-14)
(252.332 1.34669 -4.92287e-14)
(251.792 0.268522 -5.23689e-14)
(250.841 -0.565377 -6.60101e-14)
(249.695 -1.10418 -5.3765e-14)
(248.584 -1.3404 -6.52148e-14)
(247.632 -1.35721 -6.23917e-14)
(246.898 -1.23936 -5.08122e-14)
(246.372 -1.05938 -3.84572e-14)
(246.02 -0.866417 -4.12411e-14)
(245.797 -0.686717 -1.65372e-14)
(245.662 -0.531551 -6.83558e-15)
(245.586 -0.405186 3.75749e-15)
(245.545 -0.302781 -3.26056e-15)
(245.524 -0.222128 -3.21662e-14)
(245.514 -0.157679 -6.50674e-15)
(245.507 -0.109284 7.25958e-14)
(245.504 -0.0679678 9.647e-15)
(245.495 -0.0445079 2.70685e-14)
(245.499 0.0053127 1.07515e-14)
(240.235 0.00479968 2.76977e-14)
(240.486 -0.00409822 2.98523e-14)
(243.912 -0.0097625 2.51248e-14)
(244.37 -0.0111505 2.32934e-14)
(244.924 -0.0161614 2.8433e-14)
(245.07 -0.0191436 4.17886e-14)
(245.361 -0.0254067 5.59652e-14)
(243.335 0.0166497 2.52114e-14)
(243.284 0.0317035 2.04779e-14)
(243.377 0.0634707 2.66833e-14)
(243.164 0.111899 3.65476e-14)
(242.767 0.190128 4.21828e-14)
(242.286 0.326144 6.28212e-14)
(241.731 0.552161 7.07531e-14)
(241.096 0.914079 7.40707e-14)
(240.438 1.47345 7.21327e-14)
(239.913 2.29202 5.36175e-14)
(239.753 3.39381 2.32089e-14)
(240.286 4.6345 -1.0664e-14)
(241.617 5.76403 -3.00593e-14)
(243.581 6.51178 -3.87055e-14)
(245.822 6.74812 -4.5745e-14)
(248.02 6.49144 -4.43223e-14)
(249.879 5.80941 -3.82533e-14)
(251.363 4.83561 -4.42516e-14)
(252.365 3.64228 -4.39239e-14)
(252.819 2.35416 -3.11385e-14)
(252.658 1.09364 -4.07312e-14)
(251.952 0.00510324 -5.34512e-14)
(250.858 -0.800336 -5.14264e-14)
(249.625 -1.28568 -4.1629e-14)
(248.466 -1.4671 -7.34781e-14)
(247.511 -1.43378 -5.42507e-14)
(246.788 -1.28089 -5.19302e-14)
(246.283 -1.07827 -6.01442e-14)
(245.952 -0.871982 -2.47625e-14)
(245.746 -0.685239 -2.51111e-14)
(245.625 -0.527006 -1.41531e-14)
(245.559 -0.399997 1.10513e-14)
(245.525 -0.297223 -2.0014e-15)
(245.509 -0.217198 1.29583e-14)
(245.502 -0.153565 -1.25175e-14)
(245.498 -0.106074 6.60291e-15)
(245.496 -0.0656713 2.89057e-15)
(245.488 -0.0427598 2.73092e-14)
(245.493 0.00576749 1.90708e-14)
(239.946 0.00562494 2.7734e-14)
(240.235 -0.00479387 2.98447e-14)
(243.745 -0.0110219 2.47554e-14)
(244.22 -0.0147352 2.21604e-14)
(244.762 -0.018495 2.78691e-14)
(245.029 -0.0218202 4.22151e-14)
(245.131 -0.0259172 5.65886e-14)
(245.411 -0.0342406 6.94636e-14)
(243.071 0.0212723 2.54545e-14)
(242.945 0.0400408 2.03309e-14)
(242.982 0.0807867 2.58072e-14)
(242.705 0.143544 3.50996e-14)
(242.219 0.245844 4.10821e-14)
(241.631 0.424915 6.10811e-14)
(240.962 0.724305 7.00529e-14)
(240.218 1.20531 7.42714e-14)
(239.498 1.94626 7.35142e-14)
(239.031 3.00726 5.71441e-14)
(239.17 4.34244 2.74422e-14)
(240.188 5.70144 -4.88543e-15)
(242.027 6.7532 -2.56034e-14)
(244.337 7.28096 -3.60371e-14)
(246.731 7.26198 -4.16033e-14)
(248.88 6.76372 -4.46757e-14)
(250.693 5.9061 -4.96697e-14)
(252.094 4.77373 -4.41031e-14)
(252.994 3.4803 -4.56237e-14)
(253.294 2.11209 -4.95462e-14)
(252.96 0.814004 -5.89347e-14)
(252.078 -0.273158 -5.92337e-14)
(250.841 -1.04047 -6.7645e-14)
(249.527 -1.4687 -7.07953e-14)
(248.336 -1.58444 -4.66197e-14)
(247.381 -1.50472 -5.26882e-14)
(246.676 -1.31683 -5.40465e-14)
(246.194 -1.09318 -1.66434e-14)
(245.884 -0.874821 -2.58817e-14)
(245.696 -0.68191 -5.55407e-14)
(245.589 -0.521855 -4.64139e-14)
(245.533 -0.393742 3.30155e-14)
(245.506 -0.291257 5.24692e-15)
(245.495 -0.212048 1.53957e-14)
(245.492 -0.149306 -2.16014e-14)
(245.489 -0.102876 2.14683e-14)
(245.489 -0.063332 1.96553e-15)
(245.482 -0.0410085 2.6392e-14)
(245.488 0.00622097 4.90192e-14)
(239.61 0.00652895 2.77512e-14)
(239.945 -0.00561883 2.99094e-14)
(243.554 -0.0138113 2.50803e-14)
(244.024 -0.0168249 2.12496e-14)
(244.613 -0.0224958 2.78489e-14)
(244.869 -0.0264618 4.01481e-14)
(245.065 -0.0294429 5.47963e-14)
(245.183 -0.0353293 6.94724e-14)
(245.446 -0.0445441 6.79662e-14)
(242.753 0.0271438 2.57065e-14)
(242.547 0.051132 2.01843e-14)
(242.508 0.103589 2.41705e-14)
(242.152 0.185812 3.34467e-14)
(241.556 0.320616 3.84584e-14)
(240.839 0.558306 5.9093e-14)
(240.034 0.95875 6.93618e-14)
(239.179 1.60387 7.45244e-14)
(238.435 2.58752 7.45835e-14)
(238.141 3.9522 6.14142e-14)
(238.758 5.49468 3.23987e-14)
(240.369 6.85523 1.30774e-15)
(242.678 7.70897 -2.20198e-14)
(245.234 7.96189 -3.28543e-14)
(247.626 7.66323 -4.11282e-14)
(249.776 6.9603 -4.81381e-14)
(251.529 5.92392 -4.38155e-14)
(252.853 4.67544 -4.4517e-14)
(253.626 3.27671 -4.8154e-14)
(253.761 1.82713 -4.96892e-14)
(253.231 0.505855 -4.92983e-14)
(252.166 -0.56486 -5.62773e-14)
(250.791 -1.28997 -5.17146e-14)
(249.408 -1.64079 -3.78156e-14)
(248.192 -1.69628 -7.49055e-14)
(247.244 -1.56792 -4.18399e-14)
(246.561 -1.34751 -5.28352e-14)
(246.104 -1.10417 -3.82245e-14)
(245.817 -0.874997 -9.11343e-15)
(245.647 -0.67701 -2.15173e-14)
(245.555 -0.516379 -5.03436e-14)
(245.508 -0.386827 -8.15228e-15)
(245.488 -0.284929 1.09117e-14)
(245.481 -0.206691 2.24676e-14)
(245.481 -0.144953 5.40775e-14)
(245.481 -0.0994805 2.07538e-14)
(245.482 -0.0609449 5.20544e-14)
(245.476 -0.0392562 1.86153e-14)
(245.482 0.00667091 6.79524e-15)
(239.216 0.00764774 2.77694e-14)
(239.609 -0.00652222 2.9955e-14)
(243.335 -0.0166455 2.52638e-14)
(243.818 -0.0208415 2.12069e-14)
(244.431 -0.0264736 2.9375e-14)
(244.732 -0.0312601 4.08779e-14)
(244.917 -0.0357157 5.61626e-14)
(245.116 -0.0399856 6.95012e-14)
(245.222 -0.0476016 6.64679e-14)
(245.464 -0.0563891 6.22474e-14)
(242.369 0.0349869 2.59661e-14)
(242.068 0.065902 2.01006e-14)
(241.937 0.134122 2.3668e-14)
(241.481 0.242294 3.38497e-14)
(240.752 0.421546 3.88057e-14)
(239.88 0.740731 5.76776e-14)
(238.92 1.28257 6.85214e-14)
(237.964 2.15549 7.41586e-14)
(237.274 3.45942 7.54758e-14)
(237.381 5.13212 6.50873e-14)
(238.638 6.79744 3.74317e-14)
(240.856 8.015 3.39235e-15)
(243.534 8.58058 -1.84069e-14)
(246.149 8.51055 -3.40338e-14)
(248.604 7.98204 -4.0307e-14)
(250.683 7.06886 -4.64567e-14)
(252.406 5.90175 -4.37653e-14)
(253.63 4.53036 -4.8342e-14)
(254.261 3.02771 -5.19289e-14)
(254.2 1.52215 -4.88048e-14)
(253.465 0.175205 -4.75631e-14)
(252.212 -0.867715 -4.62556e-14)
(250.713 -1.53304 -5.23792e-14)
(249.261 -1.81034 -5.78625e-14)
(248.037 -1.80165 -4.87763e-14)
(247.101 -1.62407 -5.86865e-14)
(246.445 -1.37281 -5.89901e-14)
(246.015 -1.11133 -1.78972e-14)
(245.751 -0.872668 -2.51544e-14)
(245.6 -0.670601 -1.87169e-14)
(245.521 -0.508902 7.58026e-15)
(245.483 -0.379346 -2.75045e-14)
(245.47 -0.278283 4.96858e-14)
(245.468 -0.201187 2.7539e-14)
(245.472 -0.140276 5.65537e-14)
(245.473 -0.0961863 2.42815e-14)
(245.475 -0.0585334 4.95279e-14)
(245.47 -0.0374997 -1.59915e-14)
(245.477 0.00711793 1.80173e-14)
(238.752 0.00912913 2.77879e-14)
(239.216 -0.00764141 3.00015e-14)
(243.071 -0.0212682 2.55105e-14)
(243.568 -0.0251847 2.1075e-14)
(244.225 -0.0325544 2.69982e-14)
(244.555 -0.0370069 4.01199e-14)
(244.78 -0.0414004 5.30675e-14)
(244.969 -0.0480251 6.79319e-14)
(245.155 -0.0534395 6.66838e-14)
(245.241 -0.0616559 6.527e-14)
(245.478 -0.0700175 1.0764e-14)
(241.904 0.0453744 2.62486e-14)
(241.496 0.0858865 2.01626e-14)
(241.248 0.174996 2.31646e-14)
(240.666 0.318312 3.21847e-14)
(239.774 0.559372 3.755e-14)
(238.714 0.99436 5.62152e-14)
(237.586 1.7372 6.74896e-14)
(236.575 2.92651 7.51148e-14)
(236.109 4.64053 7.60579e-14)
(236.877 6.56469 6.7775e-14)
(238.886 8.17781 4.11055e-14)
(241.636 9.10875 8.32144e-15)
(244.454 9.30087 -1.85938e-14)
(247.19 8.96645 -3.22403e-14)
(249.611 8.1953 -3.98391e-14)
(251.683 7.13735 -4.33928e-14)
(253.318 5.82956 -4.51406e-14)
(254.421 4.33732 -4.19452e-14)
(254.875 2.741 -4.0799e-14)
(254.608 1.17955 -4.88711e-14)
(253.656 -0.176522 -3.90763e-14)
(252.213 -1.17924 -4.80323e-14)
(250.601 -1.77367 -5.41038e-14)
(249.096 -1.96943 -5.2971e-14)
(247.869 -1.89718 -7.85521e-14)
(246.954 -1.67265 -5.87103e-14)
(246.327 -1.39271 -5.50248e-14)
(245.927 -1.11479 -4.44882e-14)
(245.687 -0.867802 -2.34209e-14)
(245.555 -0.664236 -1.51085e-14)
(245.488 -0.500388 -2.403e-14)
(245.46 -0.371352 -3.04253e-14)
(245.453 -0.27137 5.00935e-14)
(245.456 -0.195531 2.19264e-14)
(245.462 -0.13562 5.92065e-14)
(245.465 -0.092819 2.08228e-14)
(245.469 -0.0561119 -1.77376e-16)
(245.465 -0.0357504 -1.66132e-14)
(245.472 0.00756326 2.18341e-14)
(238.201 0.0110374 2.78238e-14)
(238.752 -0.00912225 3.00489e-14)
(242.753 -0.0271398 2.57625e-14)
(243.284 -0.0316993 2.08635e-14)
(243.989 -0.0400731 2.83347e-14)
(244.364 -0.0454088 4.05445e-14)
(244.604 -0.0493464 4.90548e-14)
(244.833 -0.0554645 6.81135e-14)
(245.01 -0.0636392 6.73535e-14)
(245.175 -0.0680192 6.73941e-14)
(245.258 -0.0781243 1.56966e-14)
(245.493 -0.0853287 -1.98432e-14)
(241.334 0.0593203 2.6562e-14)
(240.804 0.112977 2.06325e-14)
(240.412 0.229813 2.31172e-14)
(239.67 0.421654 3.02706e-14)
(238.578 0.751756 3.60386e-14)
(237.299 1.35373 5.46086e-14)
(236.007 2.38776 6.66425e-14)
(235.037 4.01863 7.35021e-14)
(235.153 6.13883 7.47661e-14)
(236.786 8.16904 7.00923e-14)
(239.531 9.5269 4.65616e-14)
(242.543 10.0298 1.15851e-14)
(245.559 9.91696 -1.65866e-14)
(248.299 9.29917 -3.22284e-14)
(250.695 8.36313 -3.9196e-14)
(252.714 7.14717 -4.12843e-14)
(254.257 5.70474 -4.94408e-14)
(255.216 4.09397 -4.05954e-14)
(255.485 2.39579 -4.73039e-14)
(254.98 0.799817 -3.92893e-14)
(253.798 -0.547544 -4.77198e-14)
(252.169 -1.50269 -4.73989e-14)
(250.454 -2.00649 -5.35176e-14)
(248.911 -2.12057 -6.82134e-14)
(247.69 -1.98329 -4.92155e-14)
(246.803 -1.71392 -7.13317e-14)
(246.21 -1.40725 -3.8226e-14)
(245.84 -1.11465 -4.27395e-14)
(245.624 -0.861061 -2.57577e-14)
(245.511 -0.656223 -2.02321e-14)
(245.457 -0.491049 1.18264e-14)
(245.438 -0.362919 -9.82928e-15)
(245.437 -0.264189 -2.52718e-14)
(245.444 -0.189742 1.15142e-14)
(245.453 -0.131135 6.2828e-14)
(245.458 -0.0894366 8.05908e-14)
(245.463 -0.0536463 2.17807e-14)
(245.459 -0.0340173 5.20864e-14)
(245.467 0.00800552 4.94209e-14)
(237.543 0.013548 2.794e-14)
(238.201 -0.0110304 3.01121e-14)
(242.369 -0.0349824 2.60364e-14)
(242.945 -0.0400364 2.06849e-14)
(243.708 -0.0504553 2.74377e-14)
(244.132 -0.0556393 3.70808e-14)
(244.413 -0.0601088 4.80047e-14)
(244.658 -0.0662723 6.95849e-14)
(244.876 -0.0733652 7.00731e-14)
(245.031 -0.0803003 6.96434e-14)
(245.192 -0.0852082 2.00022e-14)
(245.276 -0.0965909 -1.64428e-14)
(245.505 -0.102249 -3.88323e-14)
(240.634 0.0780778 2.70406e-14)
(239.965 0.150193 2.05438e-14)
(239.392 0.304453 2.37535e-14)
(238.448 0.56483 3.00179e-14)
(237.109 1.02618 3.50819e-14)
(235.582 1.87662 5.24154e-14)
(234.175 3.33765 6.65954e-14)
(233.541 5.53441 7.41091e-14)
(234.604 7.9541 7.55481e-14)
(237.215 9.81303 7.17759e-14)
(240.404 10.6933 5.01746e-14)
(243.714 10.8373 1.4042e-14)
(246.763 10.3836 -1.53831e-14)
(249.489 9.57819 -3.31287e-14)
(251.864 8.46798 -3.88427e-14)
(253.799 7.10149 -4.48063e-14)
(255.218 5.5245 -4.43384e-14)
(256.015 3.79556 -3.64302e-14)
(256.058 2.02244 -5.02428e-14)
(255.307 0.387737 -4.07342e-14)
(253.886 -0.935464 -3.73959e-14)
(252.082 -1.8265 -4.80372e-14)
(250.275 -2.23176 -5.18193e-14)
(248.711 -2.26125 -4.9095e-14)
(247.503 -2.05928 -6.59354e-14)
(246.65 -1.7479 -7.23341e-14)
(246.093 -1.41658 -6.32937e-14)
(245.754 -1.11106 -2.8332e-14)
(245.564 -0.852744 -2.5623e-14)
(245.468 -0.645958 -1.10145e-14)
(245.427 -0.481001 -1.65863e-14)
(245.416 -0.35411 -2.38295e-14)
(245.422 -0.256838 -6.1132e-14)
(245.433 -0.183861 -7.90421e-15)
(245.445 -0.126598 5.24431e-14)
(245.452 -0.0860462 9.87381e-15)
(245.458 -0.0511561 6.10589e-14)
(245.455 -0.0323046 1.05513e-13)
(245.463 0.00844205 1.225e-14)
(236.753 0.0168577 2.83938e-14)
(237.543 -0.0135404 3.02531e-14)
(241.904 -0.0453699 2.63285e-14)
(242.547 -0.0511273 2.05448e-14)
(243.377 -0.0634664 2.68506e-14)
(243.865 -0.0698982 3.71864e-14)
(244.183 -0.074035 4.71106e-14)
(244.467 -0.0802539 6.9049e-14)
(244.703 -0.0878287 7.21683e-14)
(244.898 -0.0925609 6.711e-14)
(245.049 -0.0998526 2.43438e-14)
(245.21 -0.104618 -1.56001e-14)
(245.292 -0.117003 -3.88316e-14)
(245.515 -0.120654 -4.07151e-14)
(239.771 0.103582 2.61976e-14)
(238.94 0.20152 2.04171e-14)
(238.143 0.408044 2.35841e-14)
(236.941 0.767952 2.86799e-14)
(235.302 1.4294 3.29076e-14)
(233.515 2.66189 5.02871e-14)
(232.125 4.76142 6.45677e-14)
(232.398 7.50929 7.41271e-14)
(234.694 9.93029 7.67237e-14)
(238.015 11.2849 7.29268e-14)
(241.644 11.7316 5.14171e-14)
(245.029 11.461 1.57287e-14)
(248.088 10.7916 -1.35845e-14)
(250.793 9.78894 -3.04721e-14)
(253.082 8.50946 -3.83533e-14)
(254.913 6.99413 -4.3501e-14)
(256.193 5.28587 -5.05021e-14)
(256.799 3.44566 -4.36698e-14)
(256.596 1.60404 -4.53455e-14)
(255.581 -0.0534865 -4.15573e-14)
(253.915 -1.337 -3.69445e-14)
(251.954 -2.14097 -5.50806e-14)
(250.065 -2.44671 -5.13631e-14)
(248.492 -2.39177 -4.93832e-14)
(247.309 -2.12496 -6.04355e-14)
(246.496 -1.77449 -6.2212e-14)
(245.978 -1.42084 -4.01635e-14)
(245.671 -1.10426 -5.50057e-14)
(245.506 -0.844268 -3.06972e-14)
(245.427 -0.634417 1.49906e-14)
(245.398 -0.470317 -1.52787e-14)
(245.396 -0.344985 -1.07666e-14)
(245.408 -0.249343 -1.53911e-15)
(245.422 -0.177923 -5.13792e-14)
(245.437 -0.122058 -2.70117e-14)
(245.445 -0.0826599 1.93236e-14)
(245.452 -0.0486782 4.40912e-14)
(245.45 -0.0306169 1.32494e-14)
(245.459 0.00887014 2.16477e-14)
(235.805 0.0212404 2.87246e-14)
(236.753 -0.0168496 3.07434e-14)
(241.334 -0.0593155 2.66482e-14)
(242.068 -0.0658972 2.04594e-14)
(242.982 -0.0807825 2.60049e-14)
(243.545 -0.0878886 3.66349e-14)
(243.918 -0.0926514 4.50626e-14)
(244.238 -0.0987212 6.86658e-14)
(244.516 -0.106099 7.19913e-14)
(244.728 -0.111008 6.90547e-14)
(244.917 -0.1151 2.9396e-14)
(245.069 -0.122212 -1.28342e-14)
(245.226 -0.126017 -3.48768e-14)
(245.307 -0.139191 -3.94149e-14)
(245.522 -0.140447 -4.86217e-14)
(238.705 0.138104 2.652e-14)
(237.682 0.273334 1.98186e-14)
(236.596 0.555973 2.25873e-14)
(235.073 1.06721 2.84376e-14)
(233.066 2.04525 3.23255e-14)
(231.074 3.88473 4.84754e-14)
(230.257 6.80343 6.35368e-14)
(231.982 9.83069 7.26671e-14)
(235.353 11.7863 7.65468e-14)
(239.338 12.6102 7.37206e-14)
(243.097 12.5443 5.52424e-14)
(246.5 12.0125 1.88323e-14)
(249.532 11.1139 -1.01267e-14)
(252.152 9.92188 -3.00256e-14)
(254.352 8.48151 -3.81082e-14)
(256.058 6.82312 -4.32664e-14)
(257.176 4.98546 -4.34643e-14)
(257.561 3.03889 -4.66399e-14)
(257.091 1.13982 -4.70571e-14)
(255.794 -0.521894 -5.09145e-14)
(253.883 -1.7526 -4.70131e-14)
(251.775 -2.45363 -3.6145e-14)
(249.825 -2.65009 -5.18252e-14)
(248.26 -2.50783 -6.47509e-14)
(247.11 -2.18053 -5.79428e-14)
(246.341 -1.79375 -6.23357e-14)
(245.864 -1.42024 -7.06588e-14)
(245.59 -1.09485 -4.10277e-14)
(245.45 -0.832685 -4.04337e-14)
(245.387 -0.621848 -3.89042e-14)
(245.37 -0.459093 -5.119e-14)
(245.377 -0.335599 1.97046e-14)
(245.394 -0.241746 -9.45788e-15)
(245.412 -0.171942 -1.79572e-14)
(245.43 -0.117516 -3.85344e-14)
(245.439 -0.0792935 1.91518e-15)
(245.447 -0.0462302 -4.57204e-15)
(245.446 -0.0289555 2.57703e-14)
(245.455 0.00928727 2.27299e-14)
(234.67 0.0270016 2.88633e-14)
(235.805 -0.0212315 3.11098e-14)
(240.634 -0.0780727 2.70554e-14)
(241.496 -0.0858814 2.0522e-14)
(242.508 -0.103584 2.43948e-14)
(243.164 -0.111894 3.61297e-14)
(243.6 -0.116687 4.31449e-14)
(243.973 -0.122962 6.80682e-14)
(244.29 -0.130568 7.16894e-14)
(244.543 -0.134078 7.13571e-14)
(244.749 -0.138048 3.10434e-14)
(244.938 -0.140596 -9.43138e-15)
(245.088 -0.146779 -3.44968e-14)
(245.242 -0.14926 -4.25001e-14)
(245.321 -0.162959 -4.65568e-14)
(245.528 -0.161572 -5.40769e-14)
(237.392 0.186436 2.6842e-14)
(236.127 0.374386 2.05029e-14)
(234.675 0.77466 2.23383e-14)
(232.72 1.52938 2.76792e-14)
(230.332 3.03619 3.17854e-14)
(228.313 5.89771 4.66525e-14)
(229.107 9.4545 6.15416e-14)
(232.381 12.179 7.26482e-14)
(236.797 13.492 7.64393e-14)
(240.964 13.6556 7.41265e-14)
(244.745 13.2577 5.62847e-14)
(248.115 12.4579 2.05317e-14)
(251.052 11.3454 -1.09491e-14)
(253.582 9.97902 -2.97182e-14)
(255.661 8.38393 -4.03384e-14)
(257.222 6.58542 -4.23077e-14)
(258.153 4.62289 -3.94701e-14)
(258.295 2.57262 -4.69445e-14)
(257.532 0.629549 -4.72442e-14)
(255.938 -1.01445 -4.28129e-14)
(253.789 -2.17808 -4.26737e-14)
(251.554 -2.75154 -4.78298e-14)
(249.568 -2.83736 -5.20273e-14)
(248.014 -2.61098 -6.5252e-14)
(246.908 -2.22611 -5.53144e-14)
(246.188 -1.80588 -4.87916e-14)
(245.752 -1.41483 -4.23051e-14)
(245.512 -1.08425 -8.90462e-14)
(245.395 -0.818627 -7.35802e-14)
(245.349 -0.608343 -6.96213e-14)
(245.344 -0.447411 -1.80384e-14)
(245.359 -0.325907 -3.49655e-14)
(245.381 -0.234054 -2.89961e-15)
(245.403 -0.165937 -6.01961e-14)
(245.423 -0.11299 -1.05744e-13)
(245.434 -0.0759542 -5.45834e-14)
(245.443 -0.0438225 6.61008e-15)
(245.442 -0.0273307 2.27654e-14)
(245.452 0.00969191 2.5332e-14)
(233.338 0.0351449 2.88067e-14)
(234.67 -0.0269919 3.12788e-14)
(239.771 -0.103577 2.62625e-14)
(240.804 -0.112971 2.09933e-14)
(241.937 -0.134118 2.39095e-14)
(242.705 -0.143539 3.48108e-14)
(243.222 -0.148322 4.15925e-14)
(243.657 -0.154776 6.55672e-14)
(244.029 -0.162298 7.16332e-14)
(244.321 -0.165108 7.31838e-14)
(244.566 -0.166681 3.59611e-14)
(244.773 -0.168547 -5.66317e-15)
(244.96 -0.168707 -3.3396e-14)
(245.108 -0.173492 -4.13492e-14)
(245.258 -0.174101 -4.61416e-14)
(245.334 -0.187947 -4.81547e-14)
(245.534 -0.183904 -5.25086e-14)
(235.816 0.255842 2.7379e-14)
(234.194 0.525085 2.03973e-14)
(232.24 1.11409 2.19365e-14)
(229.78 2.28795 2.7414e-14)
(226.875 4.78236 3.09464e-14)
(226.251 8.73776 4.49113e-14)
(229.007 12.4125 6.01083e-14)
(233.994 14.4094 7.12384e-14)
(238.651 14.8093 7.66385e-14)
(242.873 14.5622 7.51716e-14)
(246.575 13.8398 5.78963e-14)
(249.821 12.7914 2.27042e-14)
(252.651 11.4878 -9.66672e-15)
(255.056 9.95565 -3.05121e-14)
(257.002 8.21249 -3.56821e-14)
(258.4 6.27913 -4.14866e-14)
(259.123 4.19278 -4.7377e-14)
(258.985 2.06306 -4.73029e-14)
(257.91 0.0801187 -4.6298e-14)
(256.006 -1.52747 -4.2734e-14)
(253.642 -2.58957 -4.23468e-14)
(251.286 -3.03993 -5.34161e-14)
(249.282 -3.01491 -5.13462e-14)
(247.758 -2.69956 -4.94043e-14)
(246.705 -2.2616 -4.06639e-14)
(246.035 -1.81102 -6.22345e-14)
(245.643 -1.40547 -5.02608e-14)
(245.438 -1.07257 -9.1013e-14)
(245.343 -0.803001 -4.83281e-14)
(245.313 -0.594098 -2.4017e-14)
(245.319 -0.43538 -2.90339e-14)
(245.342 -0.316069 -8.22587e-14)
(245.369 -0.226296 -1.50811e-14)
(245.394 -0.159925 -7.16961e-15)
(245.416 -0.108493 3.85947e-14)
(245.429 -0.072653 4.52206e-15)
(245.438 -0.0414623 1.02921e-14)
(245.438 -0.025737 2.08893e-14)
(245.448 0.0100829 2.62289e-14)
(231.676 0.047706 2.86154e-14)
(233.338 -0.0351342 3.12585e-14)
(238.705 -0.138098 2.6621e-14)
(239.965 -0.150187 2.09017e-14)
(241.248 -0.174991 2.34454e-14)
(242.152 -0.185807 3.30936e-14)
(242.767 -0.190122 4.09913e-14)
(243.28 -0.196783 6.46822e-14)
(243.718 -0.20378 7.27407e-14)
(244.064 -0.205211 7.46172e-14)
(244.348 -0.205303 4.20217e-14)
(244.595 -0.203257 -2.27284e-15)
(244.799 -0.202049 -3.47555e-14)
(244.984 -0.198973 -4.44469e-14)
(245.128 -0.201949 -4.71528e-14)
(245.272 -0.200271 -4.80409e-14)
(245.349 -0.21375 -5.39875e-14)
(245.541 -0.207062 -5.01208e-14)
(233.874 0.357827 2.76723e-14)
(231.717 0.757691 2.0363e-14)
(229.201 1.67962 2.16055e-14)
(225.813 3.71329 2.66585e-14)
(223.577 7.70217 2.97161e-14)
(225.22 12.4119 4.33482e-14)
(230.885 15.41 5.8396e-14)
(236.196 16.0481 7.15102e-14)
(240.896 15.9396 7.73954e-14)
(244.941 15.2732 7.53879e-14)
(248.498 14.2724 5.93584e-14)
(251.612 13.016 2.53297e-14)
(254.303 11.5362 -3.27993e-15)
(256.574 9.85081 -2.82945e-14)
(258.366 7.96672 -3.6398e-14)
(259.584 5.90052 -3.88836e-14)
(260.059 3.70358 -5.10442e-14)
(259.623 1.49603 -4.77178e-14)
(258.211 -0.506108 -4.66635e-14)
(255.991 -2.0578 -4.34058e-14)
(253.424 -3.00281 -3.36195e-14)
(250.98 -3.31112 -4.14273e-14)
(248.978 -3.1708 -5.59915e-14)
(247.496 -2.77425 -6.67633e-14)
(246.501 -2.28705 -7.45249e-14)
(245.886 -1.80958 -6.31641e-14)
(245.538 -1.39223 -7.40545e-14)
(245.365 -1.05599 -6.18326e-14)
(245.292 -0.786091 -4.27936e-14)
(245.279 -0.578938 -2.88872e-14)
(245.296 -0.422858 6.21283e-15)
(245.325 -0.306084 3.62232e-14)
(245.358 -0.218496 -5.75329e-14)
(245.386 -0.153922 -2.84094e-15)
(245.41 -0.104036 -3.82893e-14)
(245.424 -0.0693976 1.43457e-15)
(245.434 -0.0391579 1.01443e-13)
(245.434 -0.0242246 1.92409e-14)
(245.445 0.0104502 2.77376e-14)
(229.64 0.0650514 2.86568e-14)
(231.676 -0.0476938 3.11056e-14)
(237.392 -0.186429 2.69559e-14)
(238.94 -0.201513 2.07795e-14)
(240.412 -0.229808 2.34647e-14)
(241.481 -0.242288 3.35651e-14)
(242.219 -0.245838 4.0208e-14)
(242.829 -0.25232 6.33861e-14)
(243.347 -0.258066 7.25102e-14)
(243.759 -0.257987 7.28858e-14)
(244.097 -0.255068 4.67226e-14)
(244.382 -0.250349 6.37249e-16)
(244.626 -0.243451 -3.3081e-14)
(244.828 -0.23828 -4.26032e-14)
(245.009 -0.231108 -4.60524e-14)
(245.148 -0.231734 -4.62591e-14)
(245.289 -0.227442 -5.40809e-14)
(245.367 -0.240007 -5.40279e-14)
(245.546 -0.230521 -5.0526e-14)
(231.337 0.518167 2.80431e-14)
(228.678 1.14325 2.05399e-14)
(224.778 2.76179 2.12253e-14)
(221.606 6.35727 2.63748e-14)
(220.935 12.0652 2.84041e-14)
(227.581 16.6027 4.18174e-14)
(233.649 17.4388 5.87318e-14)
(238.862 17.4137 7.18944e-14)
(243.286 16.7755 7.71829e-14)
(247.143 15.8022 7.43071e-14)
(250.513 14.5733 5.98007e-14)
(253.459 13.1302 2.79547e-14)
(256.003 11.4929 -2.52234e-15)
(258.119 9.66365 -2.49543e-14)
(259.746 7.64415 -3.88493e-14)
(260.757 5.45146 -4.29246e-14)
(260.973 3.13081 -3.75027e-14)
(260.198 0.870534 -3.5281e-14)
(258.426 -1.12572 -4.08611e-14)
(255.893 -2.60871 -4.50208e-14)
(253.15 -3.39567 -4.42458e-14)
(250.643 -3.56249 -3.98194e-14)
(248.655 -3.30985 -4.25738e-14)
(247.229 -2.83511 -4.88537e-14)
(246.297 -2.30269 -4.2189e-14)
(245.739 -1.80146 -6.64887e-14)
(245.437 -1.37908 -8.95088e-14)
(245.294 -1.03682 -7.43958e-14)
(245.244 -0.767938 -3.1558e-14)
(245.247 -0.563661 -2.87497e-14)
(245.274 -0.410134 -2.14759e-14)
(245.31 -0.295995 -9.57232e-14)
(245.347 -0.210676 -6.1595e-14)
(245.378 -0.147944 -5.40879e-14)
(245.404 -0.0996302 -3.15072e-14)
(245.419 -0.0661992 -3.0949e-15)
(245.431 -0.0369106 -8.11839e-15)
(245.431 -0.0227477 1.7656e-14)
(245.443 0.0107908 3.64888e-14)
(227.004 0.0934964 2.86353e-14)
(229.64 -0.0650381 3.11677e-14)
(235.816 -0.255835 2.74741e-14)
(237.682 -0.273327 2.02216e-14)
(239.392 -0.304447 2.39882e-14)
(240.666 -0.318307 3.19403e-14)
(241.556 -0.320611 3.74265e-14)
(242.286 -0.326139 6.19392e-14)
(242.903 -0.32984 7.22709e-14)
(243.398 -0.326964 7.10261e-14)
(243.798 -0.320654 5.33244e-14)
(244.138 -0.310814 4.66237e-15)
(244.42 -0.299688 -2.83908e-14)
(244.661 -0.286697 -4.58781e-14)
(244.86 -0.276672 -4.42447e-14)
(245.035 -0.264775 -4.33382e-14)
(245.172 -0.262564 -5.49706e-14)
(245.309 -0.255094 -4.88615e-14)
(245.385 -0.266332 -5.40374e-14)
(245.549 -0.253983 -5.09469e-14)
(228.295 0.788113 2.82932e-14)
(223.91 1.89678 2.07411e-14)
(220.263 4.95519 2.06229e-14)
(216.176 11.298 2.58863e-14)
(224.093 18.1375 2.74171e-14)
(231.143 18.9456 4.23549e-14)
(236.837 19.0079 5.83194e-14)
(241.677 18.3588 7.16523e-14)
(245.816 17.387 7.61513e-14)
(249.409 16.1629 7.54557e-14)
(252.575 14.7404 6.07837e-14)
(255.351 13.1383 3.01762e-14)
(257.733 11.3576 -3.09325e-15)
(259.688 9.39342 -2.21329e-14)
(261.133 7.24343 -3.36426e-14)
(261.923 4.92257 -4.37214e-14)
(261.83 2.51169 -5.01154e-14)
(260.697 0.192893 -4.67234e-14)
(258.545 -1.77444 -4.71152e-14)
(255.723 -3.1451 -5.56145e-14)
(252.809 -3.77859 -4.3242e-14)
(250.272 -3.79889 -2.97544e-14)
(248.319 -3.42868 -3.74344e-14)
(246.959 -2.88221 -4.49144e-14)
(246.096 -2.30874 -5.28361e-14)
(245.596 -1.78848 -6.29265e-14)
(245.341 -1.36171 -6.00766e-14)
(245.227 -1.01565 -7.82651e-14)
(245.199 -0.748883 -7.21212e-14)
(245.216 -0.547681 -3.83467e-14)
(245.253 -0.397216 -2.96204e-14)
(245.296 -0.285832 4.05781e-14)
(245.337 -0.202857 5.0951e-14)
(245.371 -0.142002 -4.27167e-15)
(245.399 -0.0952834 -2.79473e-14)
(245.414 -0.0630573 -3.27268e-14)
(245.427 -0.0347414 -8.97874e-15)
(245.428 -0.0213125 1.2888e-14)
(245.44 0.0111033 5.85316e-14)
(223.908 0.139805 2.85486e-14)
(227.004 -0.0934797 3.11695e-14)
(233.874 -0.357819 2.7776e-14)
(236.127 -0.374378 2.0836e-14)
(238.143 -0.408037 2.39322e-14)
(239.67 -0.421649 3.00546e-14)
(240.752 -0.42154 3.78049e-14)
(241.631 -0.42491 6.02241e-14)
(242.371 -0.424874 7.22881e-14)
(242.965 -0.418048 7.04241e-14)
(243.447 -0.406081 5.89762e-14)
(243.849 -0.390198 1.05143e-14)
(244.185 -0.371278 -2.18494e-14)
(244.464 -0.352412 -4.62604e-14)
(244.701 -0.332188 -4.62941e-14)
(244.894 -0.316742 -4.40406e-14)
(245.065 -0.299502 -5.5703e-14)
(245.2 -0.293807 -4.66043e-14)
(245.331 -0.282747 -5.69667e-14)
(245.404 -0.292187 -5.05216e-14)
(245.551 -0.277007 -4.50514e-14)
(223.302 1.26162 2.84086e-14)
(219.671 3.59339 2.09619e-14)
(211.16 9.92772 2.0419e-14)
(220.749 20.0788 2.59329e-14)
(228.924 20.6156 2.75499e-14)
(235.039 20.6909 4.2004e-14)
(240.169 20.0078 5.82183e-14)
(244.568 19.0127 7.13018e-14)
(248.367 17.7781 7.63477e-14)
(251.714 16.3641 7.51624e-14)
(254.676 14.7857 6.38923e-14)
(257.272 13.0437 3.2907e-14)
(259.489 11.132 2.24361e-15)
(261.271 9.03993 -2.22714e-14)
(262.522 6.76252 -3.35893e-14)
(263.049 4.32576 -4.24382e-14)
(262.628 1.82202 -3.70181e-14)
(261.104 -0.5331 -4.12372e-14)
(258.554 -2.44657 -4.53049e-14)
(255.458 -3.68331 -4.32025e-14)
(252.418 -4.13781 -4.48795e-14)
(249.873 -4.00861 -4.20105e-14)
(247.971 -3.52832 -2.98958e-14)
(246.689 -2.91557 -4.55759e-14)
(245.899 -2.30563 -3.36593e-14)
(245.459 -1.7714 -5.67832e-14)
(245.245 -1.3387 -5.70265e-14)
(245.162 -0.992737 -8.63606e-14)
(245.156 -0.728833 -9.72374e-14)
(245.187 -0.531168 -4.37919e-14)
(245.234 -0.384136 -1.53173e-14)
(245.283 -0.275628 -1.07598e-14)
(245.328 -0.195059 -5.03013e-14)
(245.364 -0.136109 -4.74671e-14)
(245.394 -0.0910008 4.23815e-14)
(245.41 -0.0599829 -7.83686e-14)
(245.424 -0.0326452 -9.61975e-14)
(245.425 -0.0199242 -9.03737e-15)
(245.438 0.0113878 1.45755e-13)
(218.861 0.25626 2.87176e-14)
(223.908 -0.139786 3.11152e-14)
(231.337 -0.518159 2.81463e-14)
(234.194 -0.525077 2.0775e-14)
(236.596 -0.555966 2.2945e-14)
(238.448 -0.564824 2.97714e-14)
(239.774 -0.559366 3.66282e-14)
(240.839 -0.558301 5.78812e-14)
(241.731 -0.552156 6.99443e-14)
(242.45 -0.538453 7.15541e-14)
(243.028 -0.518455 6.15698e-14)
(243.51 -0.493108 1.54437e-14)
(243.909 -0.465321 -2.05569e-14)
(244.241 -0.435617 -4.47463e-14)
(244.515 -0.407695 -4.6908e-14)
(244.746 -0.379226 -4.26204e-14)
(244.934 -0.357764 -5.3861e-14)
(245.101 -0.334515 -5.28487e-14)
(245.231 -0.324963 -5.71136e-14)
(245.353 -0.309894 -5.33246e-14)
(245.422 -0.316928 -4.86569e-14)
(245.551 -0.299131 -5.15055e-14)
(219.48 2.16432 2.89879e-14)
(205.436 8.32076 2.10502e-14)
(217.55 22.6404 1.9697e-14)
(227.129 22.2842 2.59717e-14)
(233.558 22.3946 2.7643e-14)
(238.903 21.6574 4.12492e-14)
(243.45 20.6475 5.81651e-14)
(247.435 19.3999 7.0799e-14)
(250.933 17.9886 7.54434e-14)
(254.033 16.4261 7.63772e-14)
(256.793 14.7157 6.43587e-14)
(259.215 12.8505 3.62053e-14)
(261.26 10.8171 4.14463e-15)
(262.863 8.602 -2.20697e-14)
(263.896 6.20224 -3.46573e-14)
(264.15 3.63394 -3.49894e-14)
(263.353 1.06159 -4.29605e-14)
(261.406 -1.30484 -4.6783e-14)
(258.452 -3.15078 -3.902e-14)
(255.115 -4.19806 -4.63079e-14)
(251.974 -4.47415 -4.73262e-14)
(249.449 -4.19385 -4.07807e-14)
(247.618 -3.60889 -4.84168e-14)
(246.42 -2.93535 -4.44437e-14)
(245.706 -2.294 -5.44501e-14)
(245.328 -1.75358 -7.07444e-14)
(245.154 -1.31243 -5.28636e-14)
(245.101 -0.968417 -8.20951e-14)
(245.115 -0.708358 -1.03713e-13)
(245.16 -0.51439 -5.61078e-14)
(245.216 -0.370935 -3.98393e-14)
(245.27 -0.26541 1.37813e-14)
(245.319 -0.187296 8.19601e-15)
(245.358 -0.130275 1.94988e-14)
(245.389 -0.0867887 4.7469e-14)
(245.406 -0.0569647 -1.61098e-14)
(245.421 -0.030614 9.16152e-14)
(245.423 -0.0185859 -6.70337e-14)
(245.436 0.011646 2.28626e-14)
(214.869 1.04728 2.87839e-14)
(218.861 -0.256239 3.13066e-14)
(228.295 -0.788106 2.84216e-14)
(231.717 -0.757682 2.07378e-14)
(234.675 -0.774652 2.27199e-14)
(236.941 -0.767946 2.86065e-14)
(238.578 -0.75175 3.51443e-14)
(239.88 -0.740725 5.6758e-14)
(240.962 -0.724299 6.94475e-14)
(241.832 -0.698944 7.4364e-14)
(242.533 -0.666242 6.62245e-14)
(243.111 -0.628158 2.39522e-14)
(243.588 -0.586634 -1.82617e-14)
(243.981 -0.544744 -4.31441e-14)
(244.308 -0.502558 -4.91011e-14)
(244.574 -0.464416 -4.43609e-14)
(244.798 -0.42687 -5.08014e-14)
(244.981 -0.398791 -5.20581e-14)
(245.141 -0.36905 -5.11265e-14)
(245.264 -0.355214 -5.57698e-14)
(245.376 -0.335902 -4.88843e-14)
(245.44 -0.339886 -5.10364e-14)
(245.551 -0.319537 -3.2014e-14)
(200.529 5.01755 2.97105e-14)
(215.029 25.4059 2.12787e-14)
(225.639 23.9107 1.97188e-14)
(232.44 23.944 2.60857e-14)
(237.953 23.244 2.75473e-14)
(242.582 22.2254 4.09264e-14)
(246.632 20.9898 5.73195e-14)
(250.256 19.5866 7.00406e-14)
(253.475 18.0416 7.62548e-14)
(256.353 16.3609 7.67077e-14)
(258.923 14.5385 6.74453e-14)
(261.17 12.5619 3.95229e-14)
(263.042 10.4135 7.27145e-15)
(264.454 8.08024 -1.60384e-14)
(265.259 5.55354 -2.89423e-14)
(265.185 2.88504 -3.99493e-14)
(263.991 0.235389 -4.31663e-14)
(261.585 -2.11666 -4.07637e-14)
(258.252 -3.84013 -4.55412e-14)
(254.682 -4.70115 -4.67651e-14)
(251.494 -4.78198 -4.13284e-14)
(249.005 -4.35219 -4.09937e-14)
(247.261 -3.67067 -3.90427e-14)
(246.155 -2.94211 -4.5488e-14)
(245.52 -2.27542 -6.22326e-14)
(245.201 -1.7278 -5.13651e-14)
(245.067 -1.28368 -7.4138e-14)
(245.043 -0.942271 -6.76231e-14)
(245.077 -0.686995 -8.54705e-14)
(245.134 -0.497375 -7.1362e-14)
(245.198 -0.357657 -4.30494e-14)
(245.259 -0.255204 -1.62718e-14)
(245.311 -0.179585 1.61746e-14)
(245.352 -0.12451 4.79108e-14)
(245.384 -0.0826484 -9.45869e-14)
(245.403 -0.054006 -1.10941e-14)
(245.418 -0.0286538 -9.2999e-14)
(245.42 -0.0172999 -2.4644e-15)
(245.434 0.0118705 5.53083e-14)
(189.725 6.5349 2.87342e-14)
(214.869 -1.04726 3.14089e-14)
(223.302 -1.26161 2.85824e-14)
(228.678 -1.14324 2.09107e-14)
(232.24 -1.11408 2.23605e-14)
(235.073 -1.0672 2.83894e-14)
(237.109 -1.02618 3.42622e-14)
(238.714 -0.994353 5.52162e-14)
(240.034 -0.958743 6.86216e-14)
(241.096 -0.914073 7.41528e-14)
(241.945 -0.862197 6.84487e-14)
(242.643 -0.804819 2.80052e-14)
(243.214 -0.745141 -1.55462e-14)
(243.684 -0.684561 -4.05512e-14)
(244.069 -0.62669 -5.12508e-14)
(244.385 -0.570493 -4.28959e-14)
(244.642 -0.52142 -4.74044e-14)
(244.86 -0.473924 -5.21697e-14)
(245.036 -0.438684 -4.77492e-14)
(245.186 -0.402291 -5.66131e-14)
(245.3 -0.383786 -4.83617e-14)
(245.4 -0.359974 -5.43138e-14)
(245.459 -0.360543 -4.15954e-14)
(245.551 -0.337588 -2.46313e-14)
(211.529 29.6903 3.06147e-14)
(224.694 25.3585 2.31707e-14)
(231.516 25.311 1.90121e-14)
(237.275 24.6123 2.59025e-14)
(241.983 23.6913 2.76698e-14)
(246.058 22.4837 4.04028e-14)
(249.703 21.1191 5.671e-14)
(253.02 19.6051 7.0227e-14)
(255.994 17.9603 7.53157e-14)
(258.668 16.1819 7.77046e-14)
(261.057 14.2603 6.7705e-14)
(263.133 12.1803 4.29156e-14)
(264.828 9.92203 1.02911e-14)
(266.04 7.47145 -1.59874e-14)
(266.577 4.82796 -2.63723e-14)
(266.154 2.05328 -3.70592e-14)
(264.519 -0.653098 -4.51133e-14)
(261.624 -2.96132 -4.80064e-14)
(257.927 -4.53565 -4.37105e-14)
(254.178 -5.17188 -5.22159e-14)
(250.969 -5.06363 -2.32122e-14)
(248.546 -4.48389 -2.9139e-14)
(246.903 -3.71364 -4.80697e-14)
(245.893 -2.93599 -3.78959e-14)
(245.341 -2.25361 -2.2548e-14)
(245.077 -1.69583 -4.8345e-14)
(244.984 -1.25252 -3.56765e-14)
(244.989 -0.916104 -3.10262e-14)
(245.041 -0.665139 -9.25578e-14)
(245.111 -0.480171 -1.16302e-13)
(245.182 -0.344339 -6.43101e-14)
(245.248 -0.245032 -2.36919e-14)
(245.303 -0.171939 8.54095e-15)
(245.346 -0.118822 3.54549e-14)
(245.38 -0.0785856 6.05673e-14)
(245.399 -0.0511096 -2.75747e-14)
(245.416 -0.0267677 1.01834e-13)
(245.418 -0.0160711 -1.6923e-14)
(245.432 0.0120534 7.40091e-14)
(201.364 30.8288 2.86098e-14)
(189.725 -6.53486 3.14172e-14)
(219.48 -2.16431 2.91755e-14)
(223.91 -1.89677 2.11097e-14)
(229.201 -1.67961 2.19866e-14)
(232.72 -1.52937 2.76713e-14)
(235.302 -1.42939 3.22738e-14)
(237.299 -1.35372 5.35642e-14)
(238.92 -1.28256 6.78033e-14)
(240.218 -1.2053 7.37255e-14)
(241.251 -1.12324 7.0798e-14)
(242.094 -1.03768 3.48613e-14)
(242.781 -0.950907 -9.11227e-15)
(243.341 -0.866351 -4.15731e-14)
(243.799 -0.784411 -5.21429e-14)
(244.171 -0.708956 -4.00169e-14)
(244.475 -0.637736 -4.90442e-14)
(244.723 -0.577071 -4.75173e-14)
(244.931 -0.518902 -5.37048e-14)
(245.096 -0.476413 -5.69352e-14)
(245.233 -0.433151 -4.99285e-14)
(245.338 -0.409767 -4.48629e-14)
(245.426 -0.381423 -4.53919e-14)
(245.479 -0.377862 -1.11852e-14)
(245.55 -0.352794 1.0169e-15)
(224.123 26.833 2.82599e-14)
(230.861 26.4515 2.26513e-14)
(236.666 25.7927 1.93118e-14)
(241.578 24.912 2.44185e-14)
(245.704 23.8331 2.72713e-14)
(249.352 22.5306 3.99688e-14)
(252.669 21.0786 5.60186e-14)
(255.727 19.4861 6.98906e-14)
(258.486 17.7608 7.61083e-14)
(260.975 15.8976 7.69582e-14)
(263.192 13.8858 7.06569e-14)
(265.1 11.7079 4.53251e-14)
(266.614 9.34246 1.09416e-14)
(267.607 6.77723 -1.34936e-14)
(267.865 3.99766 -3.28932e-14)
(267.042 1.1374 -3.4048e-14)
(264.92 -1.60217 -4.08785e-14)
(261.518 -3.84808 -4.10335e-14)
(257.496 -5.20087 -4.29521e-14)
(253.597 -5.61608 -3.40129e-14)
(250.413 -5.30717 -5.30462e-14)
(248.078 -4.58944 -4.45202e-14)
(246.548 -3.7379 -3.67029e-14)
(245.64 -2.91932 -1.83404e-14)
(245.17 -2.22795 -4.17269e-14)
(244.959 -1.65987 -2.82772e-14)
(244.906 -1.2197 -3.64599e-14)
(244.937 -0.888576 -2.22668e-14)
(245.007 -0.642953 -8.23548e-14)
(245.088 -0.462833 -8.19592e-14)
(245.168 -0.331015 -6.61e-14)
(245.238 -0.234914 -3.94521e-14)
(245.296 -0.164372 -7.65018e-15)
(245.341 -0.113217 -2.94327e-14)
(245.376 -0.0746029 -1.84478e-14)
(245.396 -0.0482777 -1.47187e-14)
(245.413 -0.0249586 -5.38766e-15)
(245.416 -0.0148985 -2.28033e-14)
(245.431 0.0121729 1.55736e-13)
(216.542 26.3055 2.84798e-14)
(201.364 -30.8288 3.14333e-14)
(200.529 -5.01751 2.98772e-14)
(219.671 -3.59337 2.13076e-14)
(224.778 -2.76178 2.1571e-14)
(229.78 -2.28794 2.74417e-14)
(233.066 -2.04524 3.14004e-14)
(235.582 -1.87661 5.13285e-14)
(237.586 -1.7372 6.68407e-14)
(239.179 -1.60387 7.34253e-14)
(240.438 -1.47344 7.15379e-14)
(241.457 -1.34495 3.9778e-14)
(242.283 -1.22014 -3.95511e-15)
(242.953 -1.10005 -4.02667e-14)
(243.495 -0.988292 -5.00409e-14)
(243.937 -0.882939 -4.21731e-14)
(244.29 -0.789072 -5.33063e-14)
(244.581 -0.701824 -4.67736e-14)
(244.817 -0.629465 -5.51536e-14)
(245.01 -0.560776 -5.09872e-14)
(245.162 -0.51058 -5.18372e-14)
(245.285 -0.46057 -3.97864e-14)
(245.379 -0.432192 -5.02624e-14)
(245.454 -0.399066 -2.02911e-14)
(245.498 -0.391546 -3.72806e-15)
(245.55 -0.363904 -4.37885e-15)
(230.676 27.4942 2.95463e-14)
(236.284 26.7277 2.27756e-14)
(241.151 25.9446 1.9951e-14)
(245.475 24.9415 2.41802e-14)
(249.175 23.7822 2.70129e-14)
(252.492 22.415 3.92566e-14)
(255.542 20.9025 5.55015e-14)
(258.383 19.2486 6.84488e-14)
(260.954 17.4547 7.57974e-14)
(263.272 15.5153 7.72518e-14)
(265.327 13.4186 7.19221e-14)
(267.067 11.1458 5.10117e-14)
(268.392 8.67484 1.52658e-14)
(269.158 5.98803 -1.07778e-14)
(269.084 3.09964 -3.08024e-14)
(267.83 0.140737 -3.62788e-14)
(265.17 -2.60737 -4.08099e-14)
(261.28 -4.72045 -4.1301e-14)
(256.942 -5.85547 -4.11367e-14)
(252.974 -6.01579 -5.16102e-14)
(249.828 -5.51593 -6.32031e-14)
(247.606 -4.66931 -5.16391e-14)
(246.197 -3.74441 -3.2811e-14)
(245.395 -2.89278 -2.26696e-14)
(245.001 -2.19025 -3.81433e-14)
(244.846 -1.62053 -2.80739e-14)
(244.832 -1.18481 -4.04555e-14)
(244.889 -0.860059 -4.49145e-14)
(244.975 -0.620476 -4.86953e-14)
(245.067 -0.445415 -1.29385e-13)
(245.154 -0.317715 -3.82639e-14)
(245.228 -0.224869 -5.50306e-14)
(245.29 -0.156892 -2.12482e-14)
(245.337 -0.107702 6.73751e-15)
(245.373 -0.070702 -5.10143e-15)
(245.394 -0.0455163 -4.00623e-14)
(245.411 -0.0232305 1.66264e-14)
(245.414 -0.0138056 -9.32734e-15)
(245.43 0.0122225 4.60328e-14)
(223.964 27.9144 2.8503e-14)
(216.542 -26.3055 3.14455e-14)
(211.529 -29.6903 3.06113e-14)
(205.436 -8.32073 2.1433e-14)
(220.263 -4.95517 2.09533e-14)
(225.813 -3.71328 2.6622e-14)
(230.332 -3.03618 3.11801e-14)
(233.515 -2.66188 4.91291e-14)
(236.007 -2.38775 6.59738e-14)
(237.964 -2.15548 7.37147e-14)
(239.498 -1.94625 7.31533e-14)
(240.729 -1.75218 4.59272e-14)
(241.718 -1.57111 1.30602e-16)
(242.516 -1.40301 -3.62214e-14)
(243.16 -1.24674 -5.03785e-14)
(243.677 -1.1061 -4.0538e-14)
(244.095 -0.976617 -4.45362e-14)
(244.429 -0.863991 -4.84101e-14)
(244.704 -0.761569 -5.24932e-14)
(244.921 -0.677272 -5.55492e-14)
(245.097 -0.59778 -5.07084e-14)
(245.233 -0.540168 -4.00627e-14)
(245.342 -0.483159 -5.6907e-14)
(245.422 -0.45012 -3.10632e-14)
(245.484 -0.412535 1.31398e-15)
(245.519 -0.400823 -3.93372e-15)
(245.55 -0.37155 -5.71864e-15)
(236.3 27.6235 2.85846e-14)
(240.939 26.7204 2.2658e-14)
(245.183 25.8431 2.03998e-14)
(249.073 24.7972 2.40609e-14)
(252.449 23.5829 2.73387e-14)
(255.507 22.1731 3.84358e-14)
(258.339 20.6125 5.42079e-14)
(260.995 18.9065 6.85388e-14)
(263.4 17.0506 7.5661e-14)
(265.562 15.0394 7.73947e-14)
(267.459 12.8607 7.33435e-14)
(269.031 10.4942 5.28604e-14)
(270.162 7.91546 2.02162e-14)
(270.66 5.1155 -7.02437e-15)
(270.232 2.10657 -2.55559e-14)
(268.493 -0.934729 -3.43738e-14)
(265.242 -3.65904 -4.02652e-14)
(260.876 -5.6098 -4.02755e-14)
(256.292 -6.46457 -4.21056e-14)
(252.284 -6.38702 -4.43489e-14)
(249.223 -5.68785 -3.81604e-14)
(247.133 -4.7235 -5.32207e-14)
(245.852 -3.73321 -4.92131e-14)
(245.162 -2.8652 -4.69695e-14)
(244.841 -2.14584 -4.29241e-14)
(244.74 -1.57837 -6.37593e-14)
(244.762 -1.14935 -4.47942e-14)
(244.843 -0.831 -6.03319e-14)
(244.945 -0.597778 -5.95367e-14)
(245.048 -0.427961 -8.16237e-14)
(245.141 -0.304467 -1.04187e-13)
(245.22 -0.21491 -9.25835e-14)
(245.284 -0.149508 -2.31376e-14)
(245.333 -0.102282 9.43607e-15)
(245.37 -0.066885 6.18279e-16)
(245.391 -0.0428234 -4.20359e-14)
(245.409 -0.0215787 -7.89532e-14)
(245.412 -0.0127636 8.59327e-14)
(245.428 0.0122291 6.9083e-14)
(230.578 27.8763 2.97207e-14)
(223.964 -27.9144 2.884e-14)
(224.123 -26.833 2.85074e-14)
(215.029 -25.4059 2.17937e-14)
(211.16 -9.9277 2.07771e-14)
(221.606 -6.35726 2.65193e-14)
(226.875 -4.78235 3.04226e-14)
(231.074 -3.88473 4.72556e-14)
(234.175 -3.33764 6.61578e-14)
(236.575 -2.9265 7.37814e-14)
(238.435 -2.58752 7.44185e-14)
(239.913 -2.29202 5.04518e-14)
(241.093 -2.0285 6.34054e-15)
(242.038 -1.7913 -3.26092e-14)
(242.796 -1.57844 -4.64986e-14)
(243.405 -1.38467 -4.46968e-14)
(243.888 -1.2173 -4.52157e-14)
(244.277 -1.06323 -4.78964e-14)
(244.59 -0.932001 -5.35372e-14)
(244.841 -0.811953 -5.57696e-14)
(245.036 -0.716674 -4.99744e-14)
(245.191 -0.627243 -3.95872e-14)
(245.309 -0.563193 -5.82477e-14)
(245.402 -0.499846 -3.32494e-14)
(245.468 -0.462476 -5.51834e-15)
(245.515 -0.420551 -2.75103e-15)
(245.542 -0.405256 -9.87396e-15)
(245.55 -0.374025 -1.50478e-14)
(241.029 27.5448 2.98519e-14)
(245.045 26.541 2.19902e-14)
(248.869 25.6075 2.01554e-14)
(252.442 24.5207 2.3259e-14)
(255.57 23.2705 2.69053e-14)
(258.424 21.826 3.7767e-14)
(261.076 20.2231 5.32892e-14)
(263.571 18.469 6.81352e-14)
(265.83 16.5538 7.62675e-14)
(267.845 14.473 7.75938e-14)
(269.588 12.213 7.4251e-14)
(270.989 9.75186 5.65753e-14)
(271.908 7.06623 2.8629e-14)
(272.133 4.12833 -4.15347e-15)
(271.293 1.01604 -2.35726e-14)
(269.004 -2.0878 -3.35725e-14)
(265.133 -4.75814 -4.05774e-14)
(260.328 -6.46057 -3.87475e-14)
(255.533 -7.04219 -4.16804e-14)
(251.555 -6.70437 -3.06128e-14)
(248.605 -5.82401 -5.39215e-14)
(246.664 -4.75225 -5.39062e-14)
(245.52 -3.70878 -5.31744e-14)
(244.937 -2.82527 -6.25341e-14)
(244.687 -2.09643 -4.34127e-14)
(244.639 -1.53283 -4.08862e-14)
(244.697 -1.11223 -4.53106e-14)
(244.801 -0.801526 -6.20922e-14)
(244.918 -0.574931 -1.12185e-14)
(245.03 -0.410514 -9.8738e-14)
(245.129 -0.291293 -1.39586e-13)
(245.212 -0.205051 -3.75813e-14)
(245.278 -0.142226 -3.90818e-14)
(245.329 -0.0969592 1.23256e-14)
(245.367 -0.0631519 1.08155e-14)
(245.389 -0.0402022 -2.38524e-14)
(245.407 -0.0200288 4.03647e-14)
(245.41 -0.011762 -1.92696e-13)
(245.428 0.0121687 -6.11907e-14)
(236.027 27.5789 2.84643e-14)
(230.578 -27.8763 3.01513e-14)
(230.676 -27.4942 2.97066e-14)
(224.694 -25.3585 2.35324e-14)
(217.55 -22.6404 2.00685e-14)
(216.176 -11.298 2.60276e-14)
(223.577 -7.70216 2.93664e-14)
(228.313 -5.8977 4.53893e-14)
(232.125 -4.76142 6.43119e-14)
(235.037 -4.01862 7.31375e-14)
(237.274 -3.45941 7.53031e-14)
(239.031 -3.00725 5.52399e-14)
(240.425 -2.62313 1.17144e-14)
(241.533 -2.28979 -2.78009e-14)
(242.418 -1.99931 -4.5034e-14)
(243.123 -1.74144 -4.71973e-14)
(243.685 -1.51032 -4.36525e-14)
(244.13 -1.31169 -5.18354e-14)
(244.487 -1.13427 -5.02496e-14)
(244.768 -0.986589 -4.74083e-14)
(244.988 -0.852237 -5.27324e-14)
(245.158 -0.747017 -3.75837e-14)
(245.29 -0.648336 -5.38194e-14)
(245.39 -0.578661 -3.0271e-14)
(245.463 -0.509665 -7.09593e-15)
(245.515 -0.46871 -1.36566e-15)
(245.546 -0.422976 -9.17061e-15)
(245.566 -0.404344 -5.81367e-15)
(245.549 -0.371262 1.72351e-15)
(245.279 27.2192 3.06593e-14)
(248.797 26.2249 2.22899e-14)
(252.301 25.2589 1.97142e-14)
(255.636 24.1438 2.25161e-14)
(258.574 22.8637 2.66629e-14)
(261.267 21.3879 3.71471e-14)
(263.763 19.7434 5.21578e-14)
(266.123 17.9414 6.68031e-14)
(268.247 15.968 7.49476e-14)
(270.123 13.8174 7.79552e-14)
(271.712 11.4755 7.41345e-14)
(272.937 8.9178 6.09406e-14)
(273.633 6.11843 3.17456e-14)
(273.536 3.06367 2.07618e-15)
(272.243 -0.172315 -1.77355e-14)
(269.33 -3.31573 -3.23082e-14)
(264.838 -5.85281 -3.91051e-14)
(259.615 -7.30025 -3.25085e-14)
(254.724 -7.55748 -4.73057e-14)
(250.786 -6.97547 -5.35847e-14)
(247.982 -5.92522 -6.16634e-14)
(246.2 -4.75628 -4.41395e-14)
(245.2 -3.67432 -3.80622e-14)
(244.716 -2.77172 -3.86288e-14)
(244.541 -2.04227 -1.82591e-14)
(244.544 -1.48697 -2.66843e-14)
(244.636 -1.07406 -3.76038e-14)
(244.761 -0.771698 2.94736e-16)
(244.892 -0.552001 -5.64833e-14)
(245.013 -0.39311 -6.7269e-14)
(245.118 -0.278213 -7.12045e-14)
(245.204 -0.195303 -8.65279e-14)
(245.273 -0.135053 -6.08577e-14)
(245.325 -0.0917377 1.28439e-14)
(245.364 -0.0595009 2.40972e-14)
(245.387 -0.0376492 1.07405e-13)
(245.406 -0.0185537 1.02349e-14)
(245.409 -0.0108094 6.60129e-14)
(245.427 0.012018 -1.18492e-13)
(240.688 27.1917 2.84775e-14)
(236.027 -27.5789 2.75916e-14)
(236.3 -27.6235 2.87747e-14)
(230.861 -26.4515 2.3091e-14)
(225.638 -23.9106 2.00834e-14)
(220.749 -20.0788 2.60013e-14)
(220.935 -12.0652 2.80387e-14)
(226.251 -8.73775 4.37466e-14)
(230.257 -6.80342 6.22853e-14)
(233.541 -5.5344 7.4058e-14)
(236.109 -4.64052 7.44519e-14)
(238.141 -3.9522 5.88328e-14)
(239.753 -3.3938 1.54436e-14)
(241.033 -2.92412 -2.60658e-14)
(242.051 -2.52231 -4.44104e-14)
(242.862 -2.17313 -4.67711e-14)
(243.499 -1.87445 -4.5902e-14)
(244.003 -1.61099 -4.91769e-14)
(244.401 -1.38774 -5.01166e-14)
(244.716 -1.189 -6.06849e-14)
(244.958 -1.02634 -4.97311e-14)
(245.145 -0.878956 -4.41179e-14)
(245.287 -0.765519 -5.15374e-14)
(245.393 -0.659316 -4.62586e-14)
(245.472 -0.585223 -1.52859e-14)
(245.525 -0.511996 -1.05534e-15)
(245.562 -0.468087 -9.13768e-15)
(245.576 -0.419905 -7.87246e-15)
(245.586 -0.397595 -9.10486e-16)
(245.549 -0.363586 1.24518e-14)
(249.1 26.8583 3.076e-14)
(252.283 25.8159 2.31721e-14)
(255.542 24.8281 2.11559e-14)
(258.7 23.6858 2.243e-14)
(261.495 22.375 2.66692e-14)
(264.052 20.8653 3.6547e-14)
(266.419 19.1787 5.10234e-14)
(268.657 17.3271 6.63132e-14)
(270.656 15.2944 7.47776e-14)
(272.396 13.0729 7.84829e-14)
(273.832 10.647 7.64294e-14)
(274.87 7.98917 6.31464e-14)
(275.312 5.07903 3.46974e-14)
(274.869 1.8924 6.07351e-15)
(273.052 -1.45911 -1.89878e-14)
(269.437 -4.61439 -3.31065e-14)
(264.327 -6.9707 -3.45288e-14)
(258.772 -8.07935 -4.80756e-14)
(253.82 -8.03767 -4.10177e-14)
(249.99 -7.19653 -4.4475e-14)
(247.359 -5.99135 -4.47126e-14)
(245.749 -4.73822 -4.24941e-14)
(244.895 -3.63535 -3.37453e-14)
(244.507 -2.70999 -4.5197e-14)
(244.403 -1.98489 -4.27275e-14)
(244.455 -1.43876 -5.53069e-14)
(244.578 -1.03528 -3.41195e-14)
(244.724 -0.741619 -7.23079e-14)
(244.868 -0.529045 -3.27055e-14)
(244.997 -0.375781 9.48677e-15)
(245.108 -0.265245 -3.82902e-14)
(245.197 -0.185673 -3.98705e-14)
(245.269 -0.127991 -7.80212e-14)
(245.322 -0.0866245 -4.93997e-14)
(245.361 -0.0559337 2.48752e-14)
(245.385 -0.0351682 -2.18527e-14)
(245.404 -0.0171391 5.35317e-14)
(245.408 -0.0099064 7.50541e-14)
(245.426 0.0117805 5.37266e-14)
(244.832 26.7441 2.85183e-14)
(240.688 -27.1917 2.76767e-14)
(241.029 -27.5447 3.01782e-14)
(236.284 -26.7277 2.3164e-14)
(231.516 -25.311 1.93815e-14)
(227.129 -22.2841 2.63101e-14)
(224.093 -18.1375 2.71034e-14)
(225.22 -12.4119 4.24831e-14)
(229.107 -9.45449 6.09088e-14)
(232.398 -7.50928 7.28246e-14)
(235.153 -6.13882 7.49671e-14)
(237.381 -5.13211 6.28678e-14)
(239.17 -4.34243 2.30807e-14)
(240.597 -3.69976 -2.28694e-14)
(241.735 -3.16125 -4.17639e-14)
(242.639 -2.70557 -4.58679e-14)
(243.352 -2.31118 -4.45868e-14)
(243.91 -1.97645 -5.04158e-14)
(244.351 -1.68351 -4.8666e-14)
(244.695 -1.43859 -5.16815e-14)
(244.958 -1.22197 -4.74322e-14)
(245.158 -1.04748 -4.51237e-14)
(245.307 -0.8901 -5.08735e-14)
(245.419 -0.770653 -4.99699e-14)
(245.496 -0.659379 -1.558e-14)
(245.554 -0.582178 -8.09923e-15)
(245.585 -0.506502 4.49004e-16)
(245.607 -0.45987 -4.00453e-15)
(245.605 -0.410946 -4.20367e-15)
(245.606 -0.385134 1.41902e-14)
(245.548 -0.350029 2.55375e-14)
(252.624 26.4088 3.08512e-14)
(255.571 25.3342 2.3207e-14)
(258.651 24.326 2.08655e-14)
(261.67 23.1544 2.21183e-14)
(264.351 21.8104 2.59992e-14)
(266.799 20.2639 3.60977e-14)
(269.051 18.5308 4.9891e-14)
(271.178 16.6275 6.46235e-14)
(273.06 14.5332 7.43845e-14)
(274.666 12.2385 7.74965e-14)
(275.944 9.72534 7.69562e-14)
(276.776 6.96586 6.47571e-14)
(276.958 3.92334 4.09064e-14)
(276.116 0.605888 1.02097e-14)
(273.683 -2.84709 -1.13269e-14)
(269.316 -5.96131 -2.36652e-14)
(263.618 -8.04832 -3.46718e-14)
(257.783 -8.818 -4.5709e-14)
(252.865 -8.44466 -3.82256e-14)
(249.178 -7.36895 -3.98529e-14)
(246.741 -6.02336 -4.80266e-14)
(245.314 -4.70074 -4.57899e-14)
(244.597 -3.57364 -5.92556e-14)
(244.307 -2.64173 -5.2892e-14)
(244.274 -1.9233 -4.92649e-14)
(244.372 -1.38866 -7.32461e-14)
(244.525 -0.995977 -5.41899e-14)
(244.69 -0.71138 -3.0667e-14)
(244.846 -0.506116 -2.95582e-14)
(244.983 -0.358553 2.31459e-14)
(245.098 -0.252402 -2.2748e-14)
(245.191 -0.176169 -4.34407e-14)
(245.264 -0.121044 -3.15431e-14)
(245.319 -0.0816137 -4.09956e-15)
(245.359 -0.0524515 1.385e-14)
(245.383 -0.0327617 1.17718e-13)
(245.403 -0.0157858 2.04693e-14)
(245.406 -0.00905002 -3.62258e-14)
(245.426 0.0114474 4.8837e-14)
(248.61 26.2292 2.96379e-14)
(244.832 -26.7441 2.75771e-14)
(245.279 -27.2192 3.0749e-14)
(240.939 -26.7204 2.31259e-14)
(236.666 -25.7927 1.96952e-14)
(232.44 -23.944 2.62515e-14)
(228.924 -20.6156 2.71868e-14)
(227.581 -16.6027 4.08689e-14)
(229.007 -12.4125 5.85873e-14)
(231.982 -9.83068 7.32477e-14)
(234.604 -7.95409 7.52121e-14)
(236.877 -6.56469 6.58929e-14)
(238.758 -5.49467 2.73615e-14)
(240.286 -4.63449 -1.73933e-14)
(241.516 -3.92779 -4.05823e-14)
(242.499 -3.3332 -4.69569e-14)
(243.273 -2.83203 -4.73773e-14)
(243.879 -2.4 -5.32731e-14)
(244.353 -2.0371 -4.45836e-14)
(244.72 -1.72106 -5.26753e-14)
(244.999 -1.46014 -4.5395e-14)
(245.206 -1.23049 -4.49461e-14)
(245.361 -1.04793 -4.7998e-14)
(245.469 -0.884442 -4.44547e-14)
(245.55 -0.761471 -1.93542e-14)
(245.597 -0.647874 -9.05332e-15)
(245.633 -0.568553 1.18603e-15)
(245.642 -0.492685 -1.03168e-14)
(245.649 -0.444479 -1.17996e-14)
(245.632 -0.396277 1.2534e-14)
(245.624 -0.366684 1.4482e-14)
(245.548 -0.330848 1.78441e-14)
(255.938 25.8984 2.98975e-14)
(258.719 24.7952 2.33702e-14)
(261.66 23.7567 2.09914e-14)
(264.575 22.5534 2.1561e-14)
(267.16 21.1725 2.55022e-14)
(269.517 19.5841 3.49824e-14)
(271.673 17.8007 4.85334e-14)
(273.694 15.842 6.32321e-14)
(275.46 13.6835 7.45809e-14)
(276.932 11.3123 7.70386e-14)
(278.044 8.70798 7.73404e-14)
(278.657 5.84017 6.7359e-14)
(278.543 2.68101 4.30307e-14)
(277.25 -0.797038 1.5114e-14)
(274.088 -4.33356 -8.66381e-15)
(268.933 -7.32547 -2.77239e-14)
(262.695 -9.10665 -3.49137e-14)
(256.729 -9.47294 -3.69676e-14)
(251.858 -8.79029 -3.5489e-14)
(248.359 -7.49412 -3.52396e-14)
(246.131 -6.02097 -4.79609e-14)
(244.897 -4.65724 -4.86164e-14)
(244.311 -3.49804 -3.353e-14)
(244.119 -2.56756 -5.27316e-14)
(244.153 -1.86084 -6.30373e-14)
(244.295 -1.33744 -3.51165e-14)
(244.475 -0.956256 -5.89425e-14)
(244.658 -0.681066 -9.95648e-15)
(244.825 -0.483256 -2.06334e-14)
(244.97 -0.34145 -3.93608e-14)
(245.089 -0.239696 -2.10711e-14)
(245.185 -0.166793 -6.85308e-14)
(245.261 -0.114214 -1.08511e-13)
(245.316 -0.0767032 -4.09701e-14)
(245.357 -0.0490596 1.02534e-13)
(245.381 -0.0304276 -5.78549e-14)
(245.401 -0.0144914 -7.92375e-14)
(245.405 -0.00823869 8.72014e-14)
(245.425 0.0110261 2.44956e-14)
(252.118 25.6689 2.96278e-14)
(248.61 -26.2292 2.63362e-14)
(249.1 -26.8583 3.08271e-14)
(245.045 -26.541 2.24211e-14)
(241.151 -25.9446 2.04039e-14)
(237.275 -24.6123 2.60306e-14)
(233.558 -22.3946 2.70691e-14)
(231.143 -18.9456 4.14468e-14)
(230.885 -15.41 5.74224e-14)
(232.381 -12.179 7.24678e-14)
(234.694 -9.93028 7.50874e-14)
(236.786 -8.16904 6.86632e-14)
(238.638 -6.79743 3.1187e-14)
(240.188 -5.70144 -1.19176e-14)
(241.459 -4.80306 -3.8961e-14)
(242.485 -4.05646 -4.54507e-14)
(243.299 -3.42396 -4.45828e-14)
(243.935 -2.89172 -4.6283e-14)
(244.43 -2.43403 -5.12803e-14)
(244.811 -2.05162 -4.74975e-14)
(245.095 -1.72033 -4.9792e-14)
(245.306 -1.44971 -4.92524e-14)
(245.454 -1.21291 -4.81372e-14)
(245.561 -1.02645 -5.85553e-14)
(245.627 -0.861096 -2.86841e-14)
(245.675 -0.736682 -9.67238e-15)
(245.692 -0.624282 -5.72866e-15)
(245.705 -0.544233 1.81823e-15)
(245.696 -0.471948 -1.41957e-14)
(245.687 -0.421897 1.78757e-15)
(245.656 -0.375026 1.80664e-14)
(245.639 -0.342372 2.50888e-14)
(245.548 -0.306954 2.09181e-14)
(259.107 25.336 3.01054e-14)
(261.768 24.1958 2.35047e-14)
(264.601 23.1235 2.1253e-14)
(267.427 21.8851 2.19552e-14)
(269.948 20.4581 2.51929e-14)
(272.22 18.8264 3.43946e-14)
(274.284 16.9888 4.77361e-14)
(276.208 14.9693 6.21774e-14)
(277.86 12.7421 7.31986e-14)
(279.193 10.2923 7.77236e-14)
(280.124 7.59032 7.80764e-14)
(280.497 4.61708 6.82563e-14)
(280.068 1.32244 4.983e-14)
(278.229 -2.32614 1.90503e-14)
(274.228 -5.91995 -9.2643e-15)
(268.27 -8.70817 -2.53052e-14)
(261.595 -10.0893 -3.19938e-14)
(255.55 -10.0823 -3.08189e-14)
(250.818 -9.06864 -2.08148e-14)
(247.541 -7.57197 -4.52443e-14)
(245.541 -5.99191 -4.45827e-14)
(244.498 -4.59431 -4.46109e-14)
(244.039 -3.41226 -4.48027e-14)
(243.943 -2.48818 -5.2112e-14)
(244.039 -1.79527 -3.65159e-14)
(244.222 -1.28546 -5.34758e-14)
(244.429 -0.916253 -5.26535e-14)
(244.628 -0.650745 -8.70846e-14)
(244.806 -0.460503 -5.61835e-14)
(244.957 -0.324491 -3.91706e-14)
(245.081 -0.227134 -7.10682e-14)
(245.18 -0.157552 -6.59357e-14)
(245.257 -0.107501 -3.664e-14)
(245.314 -0.0718929 -1.07642e-13)
(245.355 -0.0457517 -1.2087e-13)
(245.38 -0.0281655 -3.80369e-14)
(245.4 -0.0132541 4.73047e-14)
(245.404 -0.00746371 8.82201e-14)
(245.425 0.0105174 -1.08114e-13)
(255.441 25.0588 2.95932e-14)
(252.118 -25.6689 2.6358e-14)
(252.624 -26.4088 3.07599e-14)
(248.797 -26.2249 2.2749e-14)
(245.183 -25.843 2.07852e-14)
(241.578 -24.912 2.47713e-14)
(237.953 -23.2439 2.70254e-14)
(235.039 -20.6909 4.04983e-14)
(233.648 -17.4388 5.77468e-14)
(233.994 -14.4094 7.21211e-14)
(235.353 -11.7863 7.55431e-14)
(237.215 -9.81302 7.04869e-14)
(238.886 -8.17781 3.73271e-14)
(240.369 -6.85522 -6.65814e-15)
(241.617 -5.76402 -3.52675e-14)
(242.642 -4.85114 -4.64773e-14)
(243.465 -4.08481 -4.82709e-14)
(244.107 -3.43101 -4.50207e-14)
(244.606 -2.88184 -4.40546e-14)
(244.984 -2.40958 -4.71277e-14)
(245.266 -2.01768 -5.31863e-14)
(245.464 -1.67953 -5.05844e-14)
(245.605 -1.40526 -4.14431e-14)
(245.691 -1.16781 -4.96752e-14)
(245.75 -0.981604 -3.25759e-14)
(245.773 -0.819398 -1.08675e-14)
(245.788 -0.696485 -4.23967e-15)
(245.78 -0.590516 1.70418e-14)
(245.77 -0.511609 -2.68381e-14)
(245.742 -0.442853 1.12772e-15)
(245.718 -0.393013 2.05321e-14)
(245.675 -0.347978 1.98941e-14)
(245.651 -0.313133 2.83447e-15)
(245.548 -0.278781 2.33029e-14)
(262.17 24.7182 3.01899e-14)
(264.751 23.5391 2.40562e-14)
(267.49 22.4268 2.09385e-14)
(270.254 21.1443 2.17003e-14)
(272.718 19.6687 2.5037e-14)
(274.924 17.9847 3.39316e-14)
(276.895 16.092 4.65564e-14)
(278.72 14.0091 6.12436e-14)
(280.258 11.7077 7.34284e-14)
(281.448 9.17202 7.7501e-14)
(282.172 6.37157 7.86569e-14)
(282.299 3.28559 7.15505e-14)
(281.526 -0.171122 5.08766e-14)
(278.994 -3.98752 2.38421e-14)
(274.058 -7.56992 -8.03314e-16)
(267.332 -10.055 -2.32508e-14)
(260.309 -11.0148 -3.1456e-14)
(254.305 -10.5944 -3.33883e-14)
(249.757 -9.28203 -3.33984e-14)
(246.73 -7.60355 -3.62682e-14)
(244.973 -5.94051 -2.91529e-14)
(244.106 -4.50416 -4.78807e-14)
(243.781 -3.3173 -4.32522e-14)
(243.776 -2.40557 -4.81523e-14)
(243.934 -1.72757 -6.4157e-14)
(244.155 -1.23284 -2.90047e-14)
(244.386 -0.876088 -8.77482e-14)
(244.601 -0.620483 -9.65648e-14)
(244.789 -0.43789 -8.57904e-14)
(244.946 -0.307689 -5.95042e-14)
(245.074 -0.214723 -5.79263e-14)
(245.175 -0.148444 -3.23558e-15)
(245.254 -0.100918 -3.64932e-14)
(245.311 -0.0671808 -3.19021e-14)
(245.353 -0.0425219 -2.02278e-14)
(245.379 -0.0259723 -3.0594e-14)
(245.399 -0.0120704 -2.88952e-14)
(245.403 -0.00672672 -8.31317e-14)
(245.424 0.00992383 5.32761e-14)
(258.63 24.397 2.95845e-14)
(255.441 -25.0588 2.63014e-14)
(255.938 -25.8984 2.99557e-14)
(252.283 -25.8159 2.37025e-14)
(248.869 -25.6075 2.05392e-14)
(245.475 -24.9415 2.43096e-14)
(241.983 -23.6913 2.74361e-14)
(238.903 -21.6574 4.02056e-14)
(236.837 -19.0079 5.7813e-14)
(236.196 -16.0481 7.16183e-14)
(236.797 -13.492 7.70052e-14)
(238.015 -11.2849 7.20584e-14)
(239.531 -9.52689 4.02844e-14)
(240.856 -8.01499 -2.58049e-15)
(242.027 -6.7532 -3.48632e-14)
(243.005 -5.68707 -4.57378e-14)
(243.799 -4.78053 -4.77549e-14)
(244.423 -4.01166 -4.4351e-14)
(244.901 -3.35364 -4.73407e-14)
(245.266 -2.80005 -4.73429e-14)
(245.522 -2.32522 -5.33093e-14)
(245.703 -1.93255 -5.09532e-14)
(245.814 -1.59733 -5.00735e-14)
(245.883 -1.32596 -4.81396e-14)
(245.909 -1.0958 -3.85924e-14)
(245.919 -0.91452 -1.0221e-14)
(245.906 -0.762857 -5.3817e-16)
(245.888 -0.644729 -2.00025e-15)
(245.855 -0.545904 -4.41392e-15)
(245.823 -0.470215 7.11009e-15)
(245.78 -0.40716 1.41456e-14)
(245.742 -0.359163 2.07593e-14)
(245.689 -0.316428 1.87369e-14)
(245.66 -0.279948 1.76659e-14)
(245.548 -0.247295 2.63184e-14)
(265.167 24.0476 2.98134e-14)
(267.677 22.8207 2.41915e-14)
(270.356 21.6652 2.0965e-14)
(273.066 20.3299 2.13572e-14)
(275.481 18.8008 2.4618e-14)
(277.628 17.0594 3.27267e-14)
(279.511 15.1031 4.51741e-14)
(281.237 12.9548 5.95468e-14)
(282.648 10.5797 7.15309e-14)
(283.684 7.95047 7.8114e-14)
(284.181 5.05084 7.76968e-14)
(284.072 1.86133 7.23311e-14)
(282.886 -1.81783 5.55835e-14)
(279.483 -5.79918 2.73188e-14)
(273.527 -9.24937 -5.04583e-15)
(266.122 -11.3628 -2.08339e-14)
(258.934 -11.833 -3.21065e-14)
(252.996 -11.0256 -4.3389e-14)
(248.687 -9.43145 -4.25604e-14)
(245.937 -7.59157 -4.39507e-14)
(244.433 -5.87934 -2.72106e-14)
(243.734 -4.39766 -3.12666e-14)
(243.538 -3.21575 -5.31218e-14)
(243.621 -2.31996 -4.86989e-14)
(243.836 -1.65867 -3.68052e-14)
(244.093 -1.17975 -4.78076e-14)
(244.347 -0.835865 -5.21302e-14)
(244.576 -0.590331 -5.48415e-14)
(244.773 -0.415442 -5.58453e-14)
(244.936 -0.291058 -7.80015e-14)
(245.067 -0.202468 -1.09856e-14)
(245.171 -0.139474 2.55333e-15)
(245.251 -0.0944396 -1.20135e-15)
(245.309 -0.0625639 -7.37752e-14)
(245.352 -0.0393703 -1.53624e-13)
(245.377 -0.0238476 -5.96789e-14)
(245.398 -0.0109387 -1.46221e-13)
(245.403 -0.00602735 -4.14305e-14)
(245.424 0.00924905 6.10262e-14)
(261.74 23.6837 2.95932e-14)
(258.63 -24.397 2.62655e-14)
(259.107 -25.336 3.02904e-14)
(255.571 -25.3342 2.36028e-14)
(252.301 -25.2589 2.01878e-14)
(249.073 -24.7972 2.41267e-14)
(245.704 -23.8331 2.71925e-14)
(242.582 -22.2254 3.97946e-14)
(240.169 -20.0078 5.73287e-14)
(238.862 -17.4137 7.16589e-14)
(238.651 -14.8093 7.71323e-14)
(239.338 -12.6102 7.3159e-14)
(240.404 -10.6933 4.50034e-14)
(241.636 -9.10874 2.91526e-15)
(242.678 -7.70897 -3.17922e-14)
(243.581 -6.51177 -4.36977e-14)
(244.318 -5.4825 -4.63613e-14)
(244.895 -4.5961 -4.32831e-14)
(245.337 -3.84173 -4.42173e-14)
(245.66 -3.19297 -4.1206e-14)
(245.885 -2.64622 -5.55828e-14)
(246.024 -2.18196 -5.79095e-14)
(246.099 -1.79623 -5.64061e-14)
(246.127 -1.47528 -5.57206e-14)
(246.126 -1.21544 -4.36319e-14)
(246.102 -1.0015 -2.08698e-14)
(246.065 -0.830663 9.14912e-16)
(246.016 -0.691075 2.45192e-15)
(245.967 -0.581339 -9.28933e-15)
(245.913 -0.492572 7.14115e-15)
(245.863 -0.423263 2.70159e-14)
(245.808 -0.366512 2.01165e-14)
(245.759 -0.321539 2.33916e-14)
(245.698 -0.281295 1.47538e-14)
(245.665 -0.244029 2.68745e-14)
(245.549 -0.213096 2.92397e-14)
(268.108 23.3167 2.9724e-14)
(270.591 22.0429 2.47685e-14)
(273.205 20.8295 2.14737e-14)
(275.875 19.4388 2.12884e-14)
(278.247 17.8497 2.44431e-14)
(280.337 16.0473 3.18051e-14)
(282.135 14.0248 4.43061e-14)
(283.753 11.8006 5.86371e-14)
(285.041 9.34612 7.09041e-14)
(285.89 6.6186 7.69807e-14)
(286.142 3.64701 7.96904e-14)
(285.837 0.31017 7.57217e-14)
(284.082 -3.64342 5.89688e-14)
(279.613 -7.72479 3.32062e-14)
(272.621 -10.9412 6.31087e-15)
(264.677 -12.5772 -1.67675e-14)
(257.406 -12.5868 -2.94794e-14)
(251.646 -11.3681 -3.39352e-14)
(247.621 -9.5184 -4.26707e-14)
(245.173 -7.54284 -3.65714e-14)
(243.909 -5.778 -3.87375e-14)
(243.381 -4.27824 -3.00508e-14)
(243.311 -3.10584 -2.23911e-14)
(243.478 -2.23065 -2.88749e-14)
(243.745 -1.58881 -4.73386e-14)
(244.035 -1.12636 -4.89836e-14)
(244.31 -0.795674 -3.78078e-14)
(244.553 -0.560335 -4.438e-14)
(244.758 -0.39318 -5.88769e-14)
(244.926 -0.274606 -4.77766e-14)
(245.061 -0.190369 -4.80664e-14)
(245.167 -0.130647 -7.1673e-14)
(245.248 -0.0880778 -6.76803e-17)
(245.307 -0.0580403 -8.31091e-14)
(245.35 -0.0362924 -1.6935e-13)
(245.376 -0.0217881 -5.24218e-14)
(245.397 -0.00985691 2.94517e-14)
(245.402 -0.00536488 -6.84497e-14)
(245.423 0.00851973 6.66075e-14)
(264.775 22.9082 2.83431e-14)
(261.74 -23.6837 2.6264e-14)
(262.17 -24.7182 3.0258e-14)
(258.719 -24.7952 2.37024e-14)
(255.542 -24.8281 2.15947e-14)
(252.442 -24.5207 2.34093e-14)
(249.175 -23.7822 2.67034e-14)
(246.058 -22.4837 3.935e-14)
(243.449 -20.6475 5.63179e-14)
(241.677 -18.3588 7.15522e-14)
(240.896 -15.9396 7.55018e-14)
(240.964 -13.6556 7.34007e-14)
(241.644 -11.7316 5.00021e-14)
(242.543 -10.0298 7.18968e-15)
(243.534 -8.58057 -3.01373e-14)
(244.337 -7.28095 -4.5356e-14)
(245.006 -6.14919 -4.97351e-14)
(245.525 -5.16447 -4.38804e-14)
(245.907 -4.31216 -5.02751e-14)
(246.179 -3.57896 -4.61412e-14)
(246.348 -2.95216 -5.07574e-14)
(246.429 -2.42175 -5.10706e-14)
(246.456 -1.98175 -5.0002e-14)
(246.44 -1.61969 -5.91215e-14)
(246.395 -1.32262 -4.60311e-14)
(246.329 -1.08109 -2.54348e-14)
(246.253 -0.886293 1.48005e-14)
(246.176 -0.731819 -5.40719e-15)
(246.098 -0.608473 -4.28037e-15)
(246.025 -0.511389 6.78478e-16)
(245.954 -0.433998 1.17854e-14)
(245.89 -0.37283 2.06196e-14)
(245.825 -0.322911 1.73563e-14)
(245.769 -0.281311 1.88133e-14)
(245.702 -0.244062 2.98335e-14)
(245.668 -0.205898 3.05063e-14)
(245.548 -0.177362 4.22102e-14)
(271.026 22.529 2.89315e-14)
(273.491 21.1935 2.48446e-14)
(276.05 19.9182 2.15016e-14)
(278.69 18.4658 2.10707e-14)
(281.021 16.812 2.39017e-14)
(283.054 14.944 3.14774e-14)
(284.767 12.8465 4.30781e-14)
(286.268 10.5515 5.71291e-14)
(287.427 8.00186 7.0394e-14)
(288.026 5.18283 7.68375e-14)
(288.096 2.16401 7.9018e-14)
(287.626 -1.43458 7.7958e-14)
(285.016 -5.67661 6.1097e-14)
(279.291 -9.73994 4.2418e-14)
(271.349 -12.5856 1.19637e-14)
(263.009 -13.7089 -1.15463e-14)
(255.797 -13.2169 -2.51603e-14)
(250.27 -11.625 -3.30583e-14)
(246.567 -9.54246 -3.32154e-14)
(244.441 -7.47639 -3.29073e-14)
(243.402 -5.64894 -3.97669e-14)
(243.05 -4.14689 -4.01426e-14)
(243.099 -2.99448 -3.6959e-14)
(243.344 -2.13909 -5.63525e-14)
(243.661 -1.51819 -4.89866e-14)
(243.982 -1.07283 -5.30105e-14)
(244.277 -0.755591 -3.87394e-14)
(244.532 -0.530531 -4.30052e-14)
(244.745 -0.371121 -5.13616e-14)
(244.918 -0.258337 -7.29336e-14)
(245.056 -0.178429 -1.1911e-13)
(245.163 -0.121955 -9.38154e-14)
(245.246 -0.0818195 -8.3022e-14)
(245.306 -0.0536048 -4.68277e-14)
(245.349 -0.0332861 6.06703e-14)
(245.375 -0.0197912 -8.88469e-15)
(245.397 -0.00882245 1.31072e-13)
(245.402 -0.00474467 7.02366e-14)
(245.423 0.00771282 8.13757e-14)
(267.785 22.0767 2.8344e-14)
(264.775 -22.9082 2.74407e-14)
(265.167 -24.0476 2.98632e-14)
(261.768 -24.1958 2.39526e-14)
(258.651 -24.326 2.12323e-14)
(255.636 -24.1438 2.26293e-14)
(252.449 -23.5829 2.69467e-14)
(249.352 -22.5306 3.89458e-14)
(246.632 -20.9898 5.61737e-14)
(244.568 -19.0127 7.12324e-14)
(243.286 -16.7755 7.60511e-14)
(242.873 -14.5622 7.32204e-14)
(243.097 -12.5442 4.79856e-14)
(243.714 -10.8373 1.15635e-14)
(244.454 -9.30087 -2.37473e-14)
(245.234 -7.96189 -4.63742e-14)
(245.822 -6.74812 -4.65757e-14)
(246.279 -5.68074 -4.51439e-14)
(246.598 -4.7453 -4.75489e-14)
(246.804 -3.93025 -4.69496e-14)
(246.899 -3.22827 -5.13747e-14)
(246.926 -2.64081 -5.43853e-14)
(246.892 -2.14842 -4.81952e-14)
(246.816 -1.74219 -6.1032e-14)
(246.712 -1.40999 -4.57754e-14)
(246.597 -1.14177 -3.08349e-14)
(246.478 -0.928315 -6.8316e-15)
(246.362 -0.758663 6.42179e-15)
(246.253 -0.625442 -9.86019e-16)
(246.152 -0.520703 -3.28782e-15)
(246.061 -0.438523 5.81183e-15)
(245.978 -0.373363 2.06332e-14)
(245.905 -0.321165 1.6942e-14)
(245.834 -0.277888 2.45402e-14)
(245.773 -0.240263 3.24641e-14)
(245.703 -0.20508 2.62779e-14)
(245.668 -0.167408 4.53762e-14)
(245.547 -0.139504 3.2854e-14)
(273.934 21.6689 2.91829e-14)
(276.391 20.2721 2.50295e-14)
(278.907 18.9267 2.14138e-14)
(281.516 17.4058 2.1085e-14)
(283.805 15.6824 2.33881e-14)
(285.787 13.7419 3.07218e-14)
(287.393 11.569 4.17933e-14)
(288.792 9.19375 5.5716e-14)
(289.765 6.54074 6.80357e-14)
(290.07 3.67822 7.70973e-14)
(290.106 0.62272 7.75339e-14)
(289.358 -3.4081 7.61703e-14)
(285.541 -7.90596 6.76299e-14)
(278.471 -11.7781 4.6822e-14)
(269.744 -14.1617 1.92529e-14)
(261.228 -14.706 -7.239e-15)
(254.109 -13.7412 -2.37954e-14)
(248.884 -11.7966 -3.50293e-14)
(245.543 -9.51484 -4.37651e-14)
(243.742 -7.3746 -4.40871e-14)
(242.922 -5.49961 -3.65038e-14)
(242.74 -4.00633 -4.33577e-14)
(242.902 -2.87708 -3.80051e-14)
(243.221 -2.04615 -2.05864e-14)
(243.583 -1.44706 -3.92143e-14)
(243.933 -1.01929 -3.28044e-14)
(244.246 -0.715681 -5.88895e-14)
(244.512 -0.500949 -6.23567e-14)
(244.732 -0.349276 -9.00338e-14)
(244.91 -0.242255 -6.6839e-14)
(245.051 -0.166646 -5.08397e-14)
(245.16 -0.113389 -7.78037e-14)
(245.244 -0.0756666 -9.99255e-14)
(245.304 -0.0492549 -9.74041e-14)
(245.348 -0.0303473 -1.96894e-13)
(245.375 -0.0178533 -6.60903e-14)
(245.396 -0.00783445 -1.41415e-13)
(245.401 -0.00416839 5.68589e-14)
(245.422 0.0068572 -2.70216e-13)
(270.778 21.1669 2.82694e-14)
(267.785 -22.0766 2.8536e-14)
(268.108 -23.3167 2.98613e-14)
(264.751 -23.5391 2.448e-14)
(261.66 -23.7567 2.13745e-14)
(258.7 -23.6858 2.26484e-14)
(255.57 -23.2705 2.6925e-14)
(252.492 -22.415 3.83383e-14)
(249.703 -21.1191 5.53255e-14)
(247.435 -19.3999 7.07168e-14)
(245.816 -17.387 7.6644e-14)
(244.941 -15.2731 7.39485e-14)
(244.745 -13.2577 5.01363e-14)
(245.029 -11.461 1.2581e-14)
(245.559 -9.91696 -2.42337e-14)
(246.149 -8.51055 -4.34571e-14)
(246.731 -7.26197 -5.26514e-14)
(247.123 -6.12717 -4.69385e-14)
(247.383 -5.12155 -4.08425e-14)
(247.513 -4.23046 -4.84713e-14)
(247.546 -3.46828 -4.60876e-14)
(247.499 -2.82207 -5.8481e-14)
(247.392 -2.27997 -4.83513e-14)
(247.245 -1.83266 -5.01903e-14)
(247.078 -1.46975 -4.84017e-14)
(246.904 -1.17854 -3.96996e-14)
(246.732 -0.948309 -1.01647e-14)
(246.572 -0.767537 8.76399e-15)
(246.425 -0.627008 -1.27759e-14)
(246.294 -0.517837 -5.48722e-15)
(246.178 -0.432966 8.49696e-15)
(246.077 -0.366482 1.61671e-14)
(245.986 -0.313683 3.56096e-14)
(245.908 -0.270184 3.35021e-14)
(245.835 -0.233419 2.63826e-14)
(245.771 -0.198793 2.71111e-14)
(245.702 -0.166551 3.76683e-14)
(245.666 -0.128562 2.30209e-14)
(245.541 -0.103614 1.74654e-14)
(276.835 20.7364 2.92259e-14)
(279.304 19.2705 2.52263e-14)
(281.777 17.8487 2.16031e-14)
(284.355 16.2534 2.10185e-14)
(286.607 14.4549 2.33422e-14)
(288.524 12.4366 3.03739e-14)
(290.021 10.1875 4.05881e-14)
(291.317 7.71559 5.39278e-14)
(291.989 4.96834 6.69221e-14)
(292.103 2.13843 7.58912e-14)
(292.346 -1.15237 7.78119e-14)
(290.846 -5.64464 7.88982e-14)
(285.471 -10.2541 6.98138e-14)
(277.163 -13.7976 5.06579e-14)
(267.848 -15.6208 2.69295e-14)
(259.264 -15.6158 3.00202e-15)
(252.373 -14.1512 -2.00691e-14)
(247.506 -11.8858 -3.42904e-14)
(244.558 -9.44347 -4.58972e-14)
(243.054 -7.22273 -5.1216e-14)
(242.469 -5.3325 -3.73673e-14)
(242.45 -3.8576 -4.20836e-14)
(242.721 -2.75567 -3.36623e-14)
(243.107 -1.95202 -1.4121e-14)
(243.512 -1.37563 -6.73155e-15)
(243.889 -0.96584 -5.73407e-14)
(244.218 -0.675997 -3.091e-14)
(244.495 -0.471613 -2.71953e-14)
(244.721 -0.327653 -1.97759e-14)
(244.903 -0.22636 -2.41603e-14)
(245.046 -0.15502 -7.72576e-14)
(245.157 -0.104947 -1.42375e-13)
(245.242 -0.0696118 -1.75892e-13)
(245.303 -0.0449849 -1.7333e-13)
(245.347 -0.0274724 -9.76815e-14)
(245.374 -0.0159705 -1.47932e-13)
(245.395 -0.00689803 -1.91897e-13)
(245.401 -0.00361257 -1.65979e-13)
(245.421 0.00596259 5.42471e-14)
(273.761 20.1877 2.76336e-14)
(270.778 -21.1669 2.85485e-14)
(271.026 -22.529 2.90476e-14)
(267.677 -22.8207 2.46223e-14)
(264.601 -23.1235 2.16214e-14)
(261.67 -23.1544 2.21514e-14)
(258.574 -22.8637 2.63531e-14)
(255.507 -22.173 3.7811e-14)
(252.669 -21.0785 5.45391e-14)
(250.256 -19.5866 7.02902e-14)
(248.367 -17.7781 7.67228e-14)
(247.143 -15.8022 7.58642e-14)
(246.575 -13.8397 5.16598e-14)
(246.5 -12.0125 1.36826e-14)
(246.763 -10.3836 -2.23688e-14)
(247.19 -8.96645 -4.22528e-14)
(247.626 -7.66323 -4.8113e-14)
(248.02 -6.49143 -4.83989e-14)
(248.22 -5.42409 -3.99366e-14)
(248.287 -4.4734 -5.35356e-14)
(248.251 -3.65424 -4.27208e-14)
(248.127 -2.95465 -4.81322e-14)
(247.943 -2.36705 -4.827e-14)
(247.72 -1.88436 -5.06013e-14)
(247.48 -1.4944 -5.32969e-14)
(247.24 -1.18411 -3.65413e-14)
(247.011 -0.941776 -2.17439e-14)
(246.801 -0.753738 4.52321e-15)
(246.612 -0.609481 -1.86776e-14)
(246.446 -0.499137 -7.39214e-15)
(246.303 -0.414608 6.33853e-15)
(246.179 -0.349489 1.21609e-14)
(246.074 -0.298265 1.93211e-14)
(245.982 -0.256986 5.14936e-16)
(245.902 -0.22175 2.91729e-14)
(245.829 -0.190067 1.10711e-14)
(245.767 -0.159136 4.22377e-14)
(245.699 -0.127084 1.78462e-14)
(245.658 -0.0912111 2.4357e-14)
(245.537 -0.0571198 2.58883e-14)
(279.755 19.7248 2.91837e-14)
(282.234 18.1816 2.53059e-14)
(284.663 16.6787 2.16896e-14)
(287.215 15.0025 2.07673e-14)
(289.427 13.1226 2.31749e-14)
(291.255 11.0234 2.92353e-14)
(292.674 8.69359 3.99579e-14)
(293.766 6.11374 5.20478e-14)
(293.996 3.34626 6.58324e-14)
(294.391 0.584027 7.56154e-14)
(294.873 -3.3968 7.79908e-14)
(291.825 -8.21944 7.91793e-14)
(284.742 -12.6686 7.28615e-14)
(275.412 -15.7396 5.90384e-14)
(265.7 -16.966 3.681e-14)
(257.205 -16.37 3.74641e-15)
(250.608 -14.4497 -1.78093e-14)
(246.154 -11.8966 -2.91789e-14)
(243.624 -9.34699 -4.20294e-14)
(242.403 -7.03929 -3.2484e-14)
(242.046 -5.15185 -4.41111e-14)
(242.181 -3.70408 -4.48121e-14)
(242.553 -2.63181 -4.49598e-14)
(243.002 -1.85706 -3.52759e-14)
(243.446 -1.30412 -5.32338e-14)
(243.848 -0.912584 -4.20621e-14)
(244.192 -0.636581 -1.87267e-14)
(244.479 -0.442538 -2.32051e-17)
(244.711 -0.306256 2.26035e-14)
(244.897 -0.210652 -1.85462e-14)
(245.042 -0.143561 -9.09605e-14)
(245.155 -0.0966236 -1.20728e-13)
(245.24 -0.0636512 -9.86553e-14)
(245.302 -0.0407911 -4.13941e-14)
(245.346 -0.0246572 -8.56674e-14)
(245.373 -0.01414 -1.24249e-13)
(245.395 -0.00599368 -9.85286e-14)
(245.4 -0.00308394 -7.85792e-14)
(245.421 0.00504159 -3.59688e-13)
(276.752 19.1297 2.82766e-14)
(273.761 -20.1877 2.9132e-14)
(273.934 -21.6688 2.93423e-14)
(270.591 -22.0429 2.51954e-14)
(267.49 -22.4268 2.12276e-14)
(264.575 -22.5534 2.21475e-14)
(261.495 -22.375 2.61339e-14)
(258.424 -21.826 3.68335e-14)
(255.542 -20.9025 5.35856e-14)
(253.02 -19.6051 6.9696e-14)
(250.933 -17.9886 7.74525e-14)
(249.409 -16.1629 7.56238e-14)
(248.498 -14.2724 5.37636e-14)
(248.115 -12.4579 1.5853e-14)
(248.088 -10.7916 -2.09312e-14)
(248.299 -9.29916 -4.12594e-14)
(248.604 -7.98203 -4.92379e-14)
(248.88 -6.76371 -4.68777e-14)
(249.078 -5.65302 -4.76555e-14)
(249.089 -4.65273 -4.13345e-14)
(248.99 -3.7808 -5.1882e-14)
(248.791 -3.03312 -4.93063e-14)
(248.527 -2.4054 -5.01209e-14)
(248.223 -1.89107 -5.14006e-14)
(247.906 -1.47892 -5.54544e-14)
(247.595 -1.15462 -3.0829e-14)
(247.303 -0.904347 -1.69913e-14)
(247.04 -0.713354 7.07886e-15)
(246.806 -0.569556 -2.7766e-15)
(246.604 -0.461772 -6.51947e-15)
(246.432 -0.38112 -2.2349e-15)
(246.285 -0.320191 8.5878e-15)
(246.161 -0.273523 3.10581e-14)
(246.057 -0.236138 2.08036e-14)
(245.967 -0.205242 2.50436e-14)
(245.889 -0.176614 2.61925e-14)
(245.821 -0.150046 4.68702e-14)
(245.759 -0.119898 2.50572e-14)
(245.691 -0.091187 1.47344e-14)
(245.647 -0.0528788 2.00133e-14)
(245.521 -0.0671702 8.81887e-15)
(282.694 18.6251 2.87135e-14)
(285.179 16.9991 2.53804e-14)
(287.573 15.4104 2.18832e-14)
(290.098 13.6465 2.08444e-14)
(292.243 11.6799 2.28144e-14)
(293.995 9.49708 2.85914e-14)
(295.334 7.06579 3.87812e-14)
(295.978 4.4006 5.1129e-14)
(295.971 1.77283 6.36877e-14)
(297.336 -1.1891 7.48229e-14)
(297.11 -5.90549 7.94821e-14)
(291.987 -10.9374 8.01965e-14)
(283.389 -15.0497 7.7636e-14)
(273.285 -17.5799 6.32222e-14)
(263.419 -18.1472 4.28565e-14)
(255.056 -16.9896 8.91161e-15)
(248.835 -14.6375 -5.96013e-15)
(244.848 -11.8405 -2.5137e-14)
(242.71 -9.17838 -2.71425e-14)
(241.787 -6.83052 -3.63641e-14)
(241.651 -4.95505 -4.48168e-14)
(241.934 -3.54358 -4.7135e-14)
(242.398 -2.50625 -5.69751e-14)
(242.906 -1.76157 -6.03698e-14)
(243.386 -1.23267 -3.0243e-14)
(243.811 -0.859595 4.61774e-15)
(244.169 -0.597466 -2.24778e-14)
(244.464 -0.413734 -8.20263e-15)
(244.702 -0.285086 -2.73587e-14)
(244.891 -0.195127 -3.15862e-14)
(245.039 -0.132238 -2.1205e-14)
(245.152 -0.0884123 9.61532e-15)
(245.239 -0.0577796 -4.50256e-14)
(245.301 -0.0366677 -2.91158e-14)
(245.345 -0.0218973 3.18532e-14)
(245.373 -0.0123566 -5.87548e-14)
(245.395 -0.00512149 -1.0284e-13)
(245.4 -0.00257227 -1.78109e-13)
(245.42 0.00410589 -4.28872e-13)
(279.764 17.9932 2.88648e-14)
(276.752 -19.1298 2.84502e-14)
(276.835 -20.7363 2.93139e-14)
(273.491 -21.1935 2.52599e-14)
(270.356 -21.6652 2.15831e-14)
(267.427 -21.8851 2.21561e-14)
(264.351 -21.8104 2.60382e-14)
(261.267 -21.3879 3.63124e-14)
(258.339 -20.6125 5.29437e-14)
(255.727 -19.4861 6.91616e-14)
(253.475 -18.0416 7.65555e-14)
(251.714 -16.3641 7.69152e-14)
(250.513 -14.5733 5.72725e-14)
(249.821 -12.7914 1.72157e-14)
(249.532 -11.1139 -1.91135e-14)
(249.489 -9.57819 -3.88062e-14)
(249.611 -8.19529 -4.93784e-14)
(249.776 -6.96029 -4.37489e-14)
(249.879 -5.8094 -5.11448e-14)
(249.893 -4.76924 -5.20262e-14)
(249.734 -3.84891 -4.67534e-14)
(249.468 -3.05713 -4.61407e-14)
(249.125 -2.3927 -4.84917e-14)
(248.739 -1.85139 -5.32468e-14)
(248.342 -1.42082 -5.7168e-14)
(247.957 -1.0867 -5.06312e-14)
(247.599 -0.83345 -2.85736e-14)
(247.28 -0.644017 9.90925e-15)
(247 -0.505405 -2.13367e-14)
(246.76 -0.404543 -1.72481e-15)
(246.557 -0.331402 -1.57738e-14)
(246.387 -0.27816 1.01311e-14)
(246.245 -0.238454 1.73446e-14)
(246.127 -0.207748 1.50999e-14)
(246.029 -0.18235 3.13365e-14)
(245.945 -0.159209 1.6705e-14)
(245.874 -0.136771 4.30216e-14)
(245.809 -0.111585 3.55384e-14)
(245.749 -0.0856279 2.52131e-14)
(245.686 -0.0526213 2.12471e-14)
(245.636 -0.0206715 6.46144e-15)
(285.646 17.4315 2.87561e-14)
(288.152 15.7176 2.55776e-14)
(290.508 14.0364 2.19274e-14)
(292.992 12.1776 2.07786e-14)
(295.051 10.1228 2.25326e-14)
(296.775 7.84876 2.81255e-14)
(297.864 5.28693 3.74338e-14)
(297.717 2.67245 4.97041e-14)
(298.641 0.253725 6.03701e-14)
(300.883 -3.56601 7.4219e-14)
(298.53 -8.8535 7.81828e-14)
(291.256 -13.7227 8.18344e-14)
(281.493 -17.3656 7.86586e-14)
(270.831 -19.2741 6.73327e-14)
(260.931 -19.2126 5.13352e-14)
(252.854 -17.466 2.83282e-14)
(247.076 -14.7172 -1.85939e-16)
(243.598 -11.7446 -1.40843e-14)
(241.832 -8.95948 -2.92151e-14)
(241.211 -6.59818 -4.04806e-14)
(241.285 -4.75554 -5.23314e-14)
(241.706 -3.37856 -4.62122e-14)
(242.257 -2.37932 -4.13335e-14)
(242.818 -1.66585 -4.35995e-14)
(243.332 -1.16143 -3.43923e-14)
(243.777 -0.806934 -3.95501e-14)
(244.148 -0.558675 -3.68122e-14)
(244.451 -0.385211 -5.29689e-14)
(244.694 -0.26414 -3.0087e-14)
(244.886 -0.179783 -3.04748e-15)
(245.036 -0.121057 5.16498e-14)
(245.15 -0.0803094 4.12911e-14)
(245.237 -0.0519902 9.8032e-15)
(245.3 -0.0326104 -1.06721e-13)
(245.345 -0.019188 -2.07935e-14)
(245.372 -0.0106155 -4.19787e-14)
(245.394 -0.00428 -1.03294e-13)
(245.4 -0.00207825 -2.74486e-13)
(245.42 0.00316635 4.07373e-13)
(282.79 16.7603 2.94721e-14)
(279.764 -17.9933 2.90607e-14)
(279.755 -19.7248 2.92976e-14)
(276.391 -20.2721 2.54437e-14)
(273.205 -20.8295 2.18166e-14)
(270.254 -21.1443 2.19624e-14)
(267.16 -21.1725 2.58751e-14)
(264.052 -20.8653 3.56278e-14)
(261.076 -20.2231 5.18084e-14)
(258.383 -19.2486 6.8698e-14)
(255.994 -17.9603 7.73819e-14)
(254.033 -16.4261 7.65879e-14)
(252.575 -14.7404 6.00595e-14)
(251.612 -13.016 2.09098e-14)
(251.052 -11.3454 -1.66225e-14)
(250.793 -9.78893 -4.00318e-14)
(250.695 -8.36312 -4.9575e-14)
(250.683 -7.06885 -4.54823e-14)
(250.693 -5.90609 -3.95172e-14)
(250.63 -4.82875 -4.58999e-14)
(250.459 -3.86425 -4.90355e-14)
(250.131 -3.03088 -3.93973e-14)
(249.714 -2.33234 -4.73038e-14)
(249.248 -1.76615 -5.9985e-14)
(248.768 -1.32174 -4.16741e-14)
(248.308 -0.981748 -5.84871e-14)
(247.884 -0.730002 -3.72503e-14)
(247.505 -0.548106 -2.45684e-15)
(247.179 -0.419065 -8.75084e-15)
(246.902 -0.329043 -7.22173e-15)
(246.671 -0.266804 -3.10805e-16)
(246.479 -0.223773 3.99708e-15)
(246.321 -0.193576 2.09019e-14)
(246.191 -0.171183 2.14983e-14)
(246.085 -0.153368 2.26941e-14)
(245.996 -0.136646 2.5781e-14)
(245.921 -0.120227 4.05587e-14)
(245.856 -0.100024 2.85267e-14)
(245.795 -0.0794832 1.80735e-14)
(245.736 -0.0490162 2.48001e-14)
(245.666 -0.0343282 8.07479e-15)
(288.63 16.14 2.89412e-14)
(291.148 14.3272 2.55853e-14)
(293.472 12.5485 2.21977e-14)
(295.866 10.5918 2.09828e-14)
(297.896 8.44557 2.22206e-14)
(299.554 6.03861 2.69505e-14)
(299.728 3.44426 3.6297e-14)
(299.612 1.16652 4.74198e-14)
(302.873 -1.62166 5.89564e-14)
(304.031 -6.62029 7.25349e-14)
(298.672 -11.9698 8.0974e-14)
(289.79 -16.4563 8.04248e-14)
(279.117 -19.5717 7.68227e-14)
(268.114 -20.8231 7.02327e-14)
(258.34 -20.0911 5.82239e-14)
(250.619 -17.7997 2.83462e-14)
(245.367 -14.706 1.9398e-15)
(242.403 -11.576 -1.51276e-14)
(241.002 -8.70121 -3.32044e-14)
(240.674 -6.34854 -2.58583e-14)
(240.947 -4.54431 -2.86215e-14)
(241.497 -3.21096 -4.86325e-14)
(242.127 -2.2515 -5.31866e-14)
(242.738 -1.57014 -5.56502e-14)
(243.283 -1.0905 -7.29339e-14)
(243.746 -0.75465 -6.94748e-14)
(244.129 -0.520226 -2.13834e-14)
(244.439 -0.356965 -2.94622e-14)
(244.687 -0.243417 -3.94417e-14)
(244.881 -0.164625 -3.41625e-14)
(245.033 -0.110006 -1.70725e-14)
(245.149 -0.0723043 -3.20803e-14)
(245.236 -0.0462796 -8.46298e-14)
(245.299 -0.0286123 -6.71856e-14)
(245.344 -0.0165253 -9.45158e-14)
(245.372 -0.00891322 -9.94288e-15)
(245.394 -0.00346437 -1.47257e-13)
(245.399 -0.00159709 2.02573e-13)
(245.419 0.00223383 -3.58617e-14)
(285.847 15.4301 2.88201e-14)
(282.79 -16.7603 2.96697e-14)
(282.694 -18.6251 2.88993e-14)
(279.304 -19.2705 2.56186e-14)
(276.05 -19.9182 2.17603e-14)
(273.066 -20.3299 2.16166e-14)
(269.948 -20.4581 2.54922e-14)
(266.799 -20.2639 3.4708e-14)
(263.763 -19.7434 5.08142e-14)
(260.995 -18.9065 6.72819e-14)
(258.486 -17.7607 7.65021e-14)
(256.353 -16.3609 7.69617e-14)
(254.676 -14.7857 6.09482e-14)
(253.459 -13.1302 2.22747e-14)
(252.651 -11.4878 -1.25074e-14)
(252.152 -9.92187 -3.84451e-14)
(251.864 -8.46797 -4.93822e-14)
(251.682 -7.13734 -4.9488e-14)
(251.529 -5.92391 -4.50438e-14)
(251.363 -4.8356 -5.13096e-14)
(251.116 -3.83866 -4.84864e-14)
(250.755 -2.96352 -4.97952e-14)
(250.273 -2.23113 -4.84784e-14)
(249.727 -1.6431 -5.26378e-14)
(249.171 -1.18527 -5.44298e-14)
(248.631 -0.845644 -6.0578e-14)
(248.142 -0.600578 -5.1464e-14)
(247.71 -0.427373 -7.22045e-15)
(247.338 -0.312906 1.81701e-14)
(247.027 -0.23727 -2.45218e-14)
(246.769 -0.188827 6.79428e-15)
(246.558 -0.158407 7.38955e-15)
(246.386 -0.139517 2.68585e-14)
(246.246 -0.127152 1.89578e-14)
(246.132 -0.118274 1.85559e-14)
(246.038 -0.109467 1.72027e-14)
(245.962 -0.099896 2.76126e-14)
(245.897 -0.0858373 3.50088e-14)
(245.838 -0.0706852 1.06359e-14)
(245.779 -0.0446946 2.62886e-14)
(245.718 -0.0299967 6.89736e-15)
(291.636 14.7375 2.91813e-14)
(294.174 12.8224 2.58842e-14)
(296.414 10.9401 2.21569e-14)
(298.757 8.88378 2.07269e-14)
(300.819 6.61237 2.17229e-14)
(301.826 4.11695 2.66689e-14)
(300.967 1.6768 3.51269e-14)
(303.398 -0.27352 4.60998e-14)
(308.195 -4.58653 5.64105e-14)
(305.445 -10.0471 7.07248e-14)
(297.765 -15.064 7.95015e-14)
(287.682 -19.1169 8.04244e-14)
(276.371 -21.6388 7.83451e-14)
(265.252 -22.1821 7.16411e-14)
(255.649 -20.8047 5.67984e-14)
(248.379 -17.9919 3.79588e-14)
(243.718 -14.6177 1.10567e-14)
(241.227 -11.3233 -1.73786e-15)
(240.221 -8.40884 -1.38531e-14)
(240.177 -6.08155 -2.61323e-14)
(240.638 -4.32567 -3.6281e-14)
(241.306 -3.0413 -3.54253e-14)
(242.01 -2.12322 -3.26642e-14)
(242.666 -1.47465 -5.58517e-14)
(243.238 -1.01999 -4.25773e-14)
(243.719 -0.702777 -4.05988e-14)
(244.112 -0.482125 -4.45296e-14)
(244.429 -0.329001 -2.8532e-14)
(244.68 -0.222908 -3.75929e-14)
(244.878 -0.149635 -9.64789e-14)
(245.031 -0.0990758 -6.92356e-14)
(245.147 -0.0643968 -9.82739e-14)
(245.235 -0.0406373 -1.27648e-13)
(245.299 -0.0246716 -5.63158e-14)
(245.344 -0.0139032 -1.21393e-14)
(245.372 -0.0072444 -6.97063e-14)
(245.394 -0.00267131 9.35301e-14)
(245.399 -0.00112835 -8.62509e-14)
(245.419 0.00132432 6.9477e-16)
(288.929 13.9888 2.88122e-14)
(285.847 -15.4301 2.96686e-14)
(285.646 -17.4315 2.87689e-14)
(282.234 -18.1816 2.58699e-14)
(278.907 -18.9267 2.20121e-14)
(275.875 -19.4388 2.16128e-14)
(272.718 -19.6687 2.49506e-14)
(269.517 -19.5841 3.43782e-14)
(266.419 -19.1787 4.97874e-14)
(263.571 -18.469 6.60717e-14)
(260.954 -17.4547 7.72822e-14)
(258.668 -16.1819 7.65063e-14)
(256.793 -14.7157 6.41334e-14)
(255.351 -13.1383 2.64381e-14)
(254.303 -11.5362 -1.11941e-14)
(253.582 -9.97901 -3.70349e-14)
(253.082 -8.50945 -4.88934e-14)
(252.714 -7.14716 -5.15509e-14)
(252.406 -5.90175 -4.4751e-14)
(252.094 -4.77373 -3.98954e-14)
(251.748 -3.77022 -4.77222e-14)
(251.317 -2.86689 -4.71896e-14)
(250.78 -2.10089 -5.39672e-14)
(250.166 -1.48872 -5.74686e-14)
(249.529 -1.02456 -3.79934e-14)
(248.922 -0.681569 -5.81441e-14)
(248.367 -0.447944 -5.24779e-14)
(247.881 -0.291479 -1.25254e-14)
(247.47 -0.192345 -3.83142e-15)
(247.127 -0.132838 -6.02699e-15)
(246.847 -0.0998559 -2.57684e-14)
(246.62 -0.0830741 -1.89667e-14)
(246.436 -0.076781 2.76575e-14)
(246.288 -0.0759399 1.31491e-14)
(246.169 -0.0771255 4.04856e-14)
(246.073 -0.0771445 1.26648e-14)
(245.995 -0.0760197 3.38017e-14)
(245.93 -0.0689623 3.77008e-14)
(245.874 -0.0599669 1.57005e-14)
(245.818 -0.0390199 2.56116e-14)
(245.76 -0.0297367 8.16615e-15)
(294.672 13.222 2.9255e-14)
(297.199 11.1942 2.60015e-14)
(299.346 9.20767 2.23294e-14)
(301.766 7.02731 2.06617e-14)
(303.471 4.61472 2.15872e-14)
(302.577 2.19254 2.563e-14)
(303.189 0.429931 3.40704e-14)
(310.76 -2.72795 4.43837e-14)
(311.492 -8.13021 5.42545e-14)
(305.135 -13.4715 6.76817e-14)
(296.041 -18.1108 7.79313e-14)
(285.072 -21.6489 8.06499e-14)
(273.289 -23.5449 7.9466e-14)
(262.173 -23.3966 7.1437e-14)
(252.897 -21.342 6.62068e-14)
(246.174 -18.0542 4.42266e-14)
(242.155 -14.4632 2.8847e-14)
(240.115 -11.0114 5.90238e-15)
(239.495 -8.08945 -1.19977e-14)
(239.717 -5.80623 -2.17956e-14)
(240.355 -4.10198 -2.46197e-14)
(241.132 -2.87014 -2.76639e-14)
(241.903 -1.99484 -4.25464e-14)
(242.6 -1.37954 -3.78992e-14)
(243.198 -0.94995 -5.30056e-14)
(243.694 -0.651335 -6.41486e-14)
(244.097 -0.444378 -6.04356e-14)
(244.42 -0.301307 -7.48614e-14)
(244.675 -0.202613 -9.4686e-14)
(244.874 -0.134792 -6.18142e-14)
(245.029 -0.0882677 -7.52586e-14)
(245.146 -0.0565703 -9.01636e-14)
(245.235 -0.0350659 -2.95535e-14)
(245.298 -0.0207766 -2.09443e-14)
(245.343 -0.0113199 -1.79561e-13)
(245.371 -0.00560358 -3.48224e-14)
(245.394 -0.00189164 -2.46761e-14)
(245.399 -0.000658093 1.6871e-13)
(245.418 0.000438338 6.5494e-16)
(292.038 12.4374 2.87864e-14)
(288.929 -13.9889 2.96661e-14)
(288.63 -16.14 2.88916e-14)
(285.179 -16.9991 2.58008e-14)
(281.777 -17.8487 2.19703e-14)
(278.69 -18.4658 2.16141e-14)
(275.481 -18.8008 2.4596e-14)
(272.22 -18.8264 3.354e-14)
(269.051 -18.5308 4.87667e-14)
(266.123 -17.9414 6.55662e-14)
(263.4 -17.0506 7.60246e-14)
(260.975 -15.8976 7.75022e-14)
(258.923 -14.5385 6.46827e-14)
(257.272 -13.0437 2.91958e-14)
(256.003 -11.4929 -1.07253e-14)
(255.056 -9.95565 -3.37611e-14)
(254.352 -8.4815 -4.7897e-14)
(253.799 -7.10149 -4.82554e-14)
(253.318 -5.82956 -5.12332e-14)
(252.853 -4.67544 -4.51877e-14)
(252.365 -3.64228 -4.76848e-14)
(251.83 -2.74092 -5.19457e-14)
(251.229 -1.95021 -3.67925e-14)
(250.547 -1.31984 -5.33458e-14)
(249.845 -0.84107 -6.59301e-14)
(249.166 -0.507847 -5.12104e-14)
(248.553 -0.283455 -3.29887e-14)
(248.019 -0.141938 -1.61616e-14)
(247.57 -0.0603904 -9.46917e-15)
(247.201 -0.0190043 -2.50938e-14)
(246.902 -0.0021736 -2.06529e-14)
(246.662 -0.00188805 -1.82682e-14)
(246.469 -0.0103216 3.64574e-14)
(246.316 -0.0217664 1.97284e-14)
(246.194 -0.0334979 2.46654e-14)
(246.096 -0.042706 2.79328e-14)
(246.019 -0.0491104 2.14843e-14)
(245.955 -0.0488431 4.42584e-14)
(245.902 -0.0473064 2.319e-14)
(245.85 -0.0319709 2.55124e-14)
(245.798 -0.0277908 6.87017e-15)
(297.741 11.5804 2.94606e-14)
(300.17 9.43946 2.6143e-14)
(302.42 7.33937 2.24442e-14)
(304.724 4.9426 2.08895e-14)
(304.422 2.55568 2.12584e-14)
(303.742 0.681411 2.50547e-14)
(311.86 -1.52657 3.25207e-14)
(316.832 -6.4785 4.29403e-14)
(311.767 -11.9431 5.30447e-14)
(303.849 -16.7831 6.59244e-14)
(293.668 -21.0456 7.89595e-14)
(282.025 -24.0525 8.06109e-14)
(269.947 -25.2821 8.06248e-14)
(258.977 -24.3969 7.67944e-14)
(250.112 -21.7031 6.81027e-14)
(244.034 -18.0056 6.0382e-14)
(240.608 -14.1858 3.72632e-14)
(239.066 -10.6506 2.06869e-14)
(238.822 -7.7389 -1.65811e-16)
(239.299 -5.51726 -1.27555e-14)
(240.097 -3.87528 -2.26084e-14)
(240.974 -2.69814 -3.57759e-14)
(241.807 -1.86666 -3.07458e-14)
(242.542 -1.28494 -2.07486e-14)
(243.162 -0.880437 -6.85858e-14)
(243.673 -0.600343 -4.78166e-14)
(244.084 -0.406982 -8.08647e-14)
(244.412 -0.273881 -9.80305e-14)
(244.67 -0.182525 -7.02559e-14)
(244.872 -0.12011 -5.05654e-14)
(245.027 -0.0775572 -2.93407e-14)
(245.146 -0.0488347 1.29929e-14)
(245.234 -0.0295462 1.9774e-14)
(245.298 -0.0169331 -1.00734e-13)
(245.343 -0.00876431 2.74031e-14)
(245.371 -0.00398495 3.47553e-14)
(245.393 -0.00111799 1.47029e-13)
(245.399 -0.0002031 -1.10503e-15)
(245.418 -0.000438236 -1.00928e-15)
(295.204 10.7581 2.87615e-14)
(292.038 -12.4374 2.96557e-14)
(291.636 -14.7375 2.92618e-14)
(288.152 -15.7176 2.60245e-14)
(284.663 -16.6787 2.20886e-14)
(281.516 -17.4058 2.13398e-14)
(278.247 -17.8497 2.41474e-14)
(274.924 -17.9847 3.2621e-14)
(271.673 -17.8007 4.79861e-14)
(268.657 -17.3271 6.4152e-14)
(265.83 -16.5538 7.51534e-14)
(263.272 -15.5153 7.76903e-14)
(261.057 -14.2603 6.77299e-14)
(259.215 -12.8505 3.23628e-14)
(257.733 -11.3576 -5.9073e-15)
(256.573 -9.85081 -3.30666e-14)
(255.661 -8.38393 -4.4308e-14)
(254.913 -6.99413 -5.01795e-14)
(254.257 -5.70474 -3.91484e-14)
(253.63 -4.53036 -3.92968e-14)
(252.994 -3.4803 -4.5777e-14)
(252.327 -2.56079 -5.98073e-14)
(251.615 -1.78755 -4.62626e-14)
(250.877 -1.13608 -5.388e-14)
(250.106 -0.657659 -5.36585e-14)
(249.366 -0.32453 -5.2278e-14)
(248.697 -0.110271 -4.91543e-14)
(248.119 0.0138554 -1.58499e-14)
(247.637 0.0757435 1.24833e-14)
(247.246 0.0998097 8.42611e-15)
(246.932 0.0968351 -4.32977e-15)
(246.682 0.079894 -3.19404e-14)
(246.485 0.057253 2.89275e-15)
(246.329 0.0338041 1.88368e-14)
(246.206 0.0119214 1.94991e-14)
(246.109 -0.00622367 3.05113e-14)
(246.033 -0.0209508 2.88449e-14)
(245.972 -0.0281008 3.31237e-14)
(245.922 -0.0335469 2.07279e-14)
(245.876 -0.0231251 3.0858e-14)
(245.829 -0.0257627 6.71775e-15)
(300.732 9.79952 2.97722e-14)
(303.271 7.54679 2.6341e-14)
(305.602 5.26046 2.2802e-14)
(305.801 2.87978 2.0748e-14)
(304.922 0.778276 2.13142e-14)
(310.938 -0.707025 2.40988e-14)
(321.472 -5.36167 3.14308e-14)
(317.602 -10.6133 4.12005e-14)
(310.839 -15.4036 5.10196e-14)
(301.768 -20.0358 6.17443e-14)
(290.8 -23.8635 7.53286e-14)
(278.632 -26.3149 8.23256e-14)
(266.452 -26.8121 8.29072e-14)
(255.666 -25.2014 7.3292e-14)
(247.333 -21.8883 7.49395e-14)
(241.99 -17.8758 6.88362e-14)
(239.133 -13.822 4.86193e-14)
(238.088 -10.2442 2.31438e-14)
(238.202 -7.38295 1.08415e-14)
(238.917 -5.22012 -3.5109e-15)
(239.864 -3.64618 -1.59497e-14)
(240.832 -2.52583 -1.59532e-14)
(241.721 -1.73894 -2.51058e-14)
(242.489 -1.19095 -5.02993e-14)
(243.131 -0.81149 -3.21548e-14)
(243.654 -0.549805 -4.85919e-14)
(244.073 -0.369932 -5.55733e-14)
(244.406 -0.246712 -3.45276e-14)
(244.667 -0.162655 -2.35304e-14)
(244.87 -0.105543 -1.87056e-14)
(245.026 -0.0669673 1.04091e-14)
(245.145 -0.0411588 -2.5984e-14)
(245.234 -0.0240933 -5.80923e-14)
(245.298 -0.013117 8.54122e-14)
(245.343 -0.00623651 1.31749e-13)
(245.371 -0.00238761 1.18809e-13)
(245.393 -0.000383601 -1.37446e-15)
(245.399 0.000203183 2.76255e-16)
(245.419 -0.00132422 4.70278e-15)
(298.291 8.98048 2.90558e-14)
(295.204 -10.7581 2.96448e-14)
(294.672 -13.222 2.93123e-14)
(291.148 -14.3272 2.60162e-14)
(287.573 -15.4104 2.22663e-14)
(284.355 -16.2534 2.14035e-14)
(281.021 -16.812 2.41757e-14)
(277.628 -17.0594 3.23543e-14)
(274.284 -16.9888 4.65628e-14)
(271.178 -16.6275 6.35916e-14)
(268.247 -15.968 7.57419e-14)
(265.562 -15.0394 7.7936e-14)
(263.192 -13.8858 6.77802e-14)
(261.17 -12.5619 3.60599e-14)
(259.489 -11.132 -5.13095e-15)
(258.119 -9.66365 -3.33941e-14)
(257.001 -8.21249 -4.7583e-14)
(256.058 -6.82311 -4.99777e-14)
(255.218 -5.52449 -4.7271e-14)
(254.421 -4.33731 -4.50381e-14)
(253.626 -3.27671 -4.31397e-14)
(252.819 -2.35416 -6.06214e-14)
(251.985 -1.56863 -4.48107e-14)
(251.149 -0.956727 -5.1656e-14)
(250.319 -0.472747 -5.77358e-14)
(249.521 -0.141327 -5.34284e-14)
(248.802 0.0613675 -5.10403e-14)
(248.184 0.168343 -2.93375e-14)
(247.674 0.212956 2.54836e-14)
(247.265 0.215448 -1.1266e-14)
(246.94 0.193251 -7.13597e-15)
(246.684 0.160292 -3.39811e-14)
(246.483 0.124063 7.86796e-15)
(246.327 0.0889261 1.76156e-14)
(246.206 0.0568624 3.77642e-15)
(246.111 0.0299423 3.30275e-14)
(246.037 0.00776752 9.25256e-15)
(245.979 -0.00655836 3.27722e-14)
(245.934 -0.0185424 3.21448e-14)
(245.893 -0.0138204 1.46257e-14)
(245.853 -0.0233698 4.02304e-15)
(303.847 7.88065 2.98133e-14)
(306.625 5.44022 2.65894e-14)
(307.084 3.11746 2.31608e-14)
(304.679 0.876143 2.06681e-14)
(309.018 -0.295433 2.07235e-14)
(325.297 -4.91145 2.38483e-14)
(322.576 -9.55308 3.05445e-14)
(316.912 -14.1511 4.04103e-14)
(309.077 -18.8579 4.82871e-14)
(299.146 -23.1699 5.85607e-14)
(287.506 -26.5704 7.18272e-14)
(274.905 -28.4148 8.02448e-14)
(262.725 -28.1744 8.13912e-14)
(252.287 -25.7932 7.54829e-14)
(244.622 -21.9201 7.37865e-14)
(240.019 -17.5987 7.43536e-14)
(237.739 -13.3836 5.35771e-14)
(237.182 -9.80468 4.88217e-14)
(237.634 -7.00441 2.69111e-14)
(238.571 -4.91761 1.20707e-14)
(239.653 -3.41562 6.94323e-16)
(240.705 -2.35368 -1.71866e-14)
(241.644 -1.61185 -1.03811e-14)
(242.443 -1.09765 -1.15788e-14)
(243.103 -0.743123 -1.55178e-14)
(243.637 -0.499716 -2.17476e-14)
(244.063 -0.333218 5.30281e-15)
(244.4 -0.219801 5.00262e-15)
(244.664 -0.142929 2.9371e-14)
(244.868 -0.0911432 1.88154e-14)
(245.025 -0.056444 -3.7363e-14)
(245.145 -0.0335734 9.57404e-15)
(245.234 -0.01867 1.00064e-13)
(245.298 -0.00934505 1.2936e-13)
(245.343 -0.0037361 7.93875e-14)
(245.371 -0.000791 -7.49955e-16)
(245.393 0.000384415 3.4784e-16)
(245.399 0.000658206 1.61999e-13)
(245.419 -0.00223373 -3.53249e-14)
(301.35 7.13813 2.88476e-14)
(298.291 -8.98048 2.9295e-14)
(297.741 -11.5804 2.9586e-14)
(294.174 -12.8224 2.62488e-14)
(290.508 -14.0364 2.22564e-14)
(287.215 -15.0025 2.13971e-14)
(283.805 -15.6824 2.39118e-14)
(280.337 -16.0473 3.18207e-14)
(276.895 -16.092 4.55985e-14)
(273.693 -15.842 6.27654e-14)
(270.656 -15.2944 7.52367e-14)
(267.845 -14.473 7.81378e-14)
(265.327 -13.4186 6.96744e-14)
(263.133 -12.1803 3.97466e-14)
(261.26 -10.8171 3.44986e-16)
(259.688 -9.39341 -3.31386e-14)
(258.366 -7.96672 -4.57831e-14)
(257.222 -6.58541 -5.04108e-14)
(256.193 -5.28587 -4.58643e-14)
(255.216 -4.09397 -4.52839e-14)
(254.261 -3.02771 -3.93942e-14)
(253.294 -2.11209 -4.13462e-14)
(252.332 -1.34669 -4.46293e-14)
(251.385 -0.74496 -4.84283e-14)
(250.482 -0.290975 -6.90107e-14)
(249.637 0.0339773 -5.19841e-14)
(248.87 0.224721 -6.14973e-14)
(248.219 0.316079 -3.39751e-14)
(247.685 0.343059 3.98941e-15)
(247.261 0.324848 -1.79635e-14)
(246.927 0.285021 -3.18335e-14)
(246.668 0.236944 -4.06609e-14)
(246.468 0.18781 3.83482e-14)
(246.313 0.141703 2.09775e-14)
(246.195 0.100366 2.79708e-14)
(246.103 0.0654268 2.79616e-14)
(246.033 0.0356744 2.57821e-14)
(245.979 0.0147868 2.85858e-14)
(245.937 -0.00358381 2.47608e-14)
(245.903 -0.0038127 2.50037e-14)
(245.867 -0.0208054 7.75964e-15)
(307.293 5.80517 2.99031e-14)
(308.434 3.26058 2.68003e-14)
(305.477 0.959807 2.34921e-14)
(308.583 -0.29335 2.07393e-14)
(328.191 -4.698 2.05342e-14)
(326.698 -8.76953 2.31606e-14)
(322.066 -13.1122 2.93578e-14)
(315.459 -17.7035 3.78066e-14)
(306.716 -22.2092 4.72012e-14)
(296.044 -26.2377 5.65658e-14)
(283.817 -29.1541 7.13094e-14)
(270.914 -30.3403 7.92761e-14)
(258.861 -29.2964 8.28588e-14)
(248.87 -26.1697 7.67125e-14)
(241.99 -21.8288 7.90338e-14)
(238.078 -17.1895 7.2081e-14)
(236.432 -12.8815 7.80746e-14)
(236.348 -9.32989 5.40044e-14)
(237.12 -6.61218 4.12356e-14)
(238.258 -4.61154 2.3519e-14)
(239.465 -3.18438 1.4677e-14)
(240.592 -2.18203 2.60988e-14)
(241.576 -1.48558 9.88249e-15)
(242.403 -1.00509 2.27593e-14)
(243.079 -0.675353 3.40529e-14)
(243.623 -0.450081 3.00834e-14)
(244.056 -0.296833 4.62895e-14)
(244.396 -0.193149 2.73486e-14)
(244.661 -0.123421 1.71191e-14)
(244.867 -0.0768158 -1.07452e-14)
(245.025 -0.046051 5.42635e-14)
(245.145 -0.0260179 1.14468e-13)
(245.234 -0.0133051 1.40424e-13)
(245.298 -0.00559734 4.28044e-14)
(245.343 -0.00124005 1.1261e-14)
(245.371 0.000792364 -3.79119e-16)
(245.393 0.00111878 1.41931e-13)
(245.399 0.00112844 -8.8625e-14)
(245.42 -0.00316625 4.09068e-13)
(305.246 4.98976 2.88127e-14)
(301.35 -7.13814 2.94385e-14)
(300.732 -9.79951 2.96413e-14)
(297.199 -11.1942 2.65094e-14)
(293.472 -12.5485 2.23382e-14)
(290.098 -13.6465 2.14134e-14)
(286.607 -14.4549 2.33698e-14)
(283.054 -14.944 3.0731e-14)
(279.511 -15.1031 4.46255e-14)
(276.208 -14.9693 6.13174e-14)
(273.06 -14.5332 7.45991e-14)
(270.123 -13.8174 7.83944e-14)
(267.459 -12.8607 7.11014e-14)
(265.1 -11.7079 4.39527e-14)
(263.042 -10.4135 7.79783e-16)
(261.271 -9.03992 -2.92387e-14)
(259.745 -7.64415 -4.20276e-14)
(258.4 -6.27913 -5.08608e-14)
(257.176 -4.98545 -4.81293e-14)
(256.015 -3.79556 -4.45033e-14)
(254.875 -2.741 -5.07696e-14)
(253.761 -1.82713 -4.02669e-14)
(252.658 -1.09364 -5.37573e-14)
(251.601 -0.515868 -4.8457e-14)
(250.611 -0.0899738 -5.12621e-14)
(249.711 0.197212 -5.33112e-14)
(248.912 0.376823 -3.61709e-14)
(248.227 0.453154 -3.87437e-14)
(247.676 0.461304 -1.65963e-14)
(247.238 0.425614 1.89999e-14)
(246.898 0.369618 -5.04322e-15)
(246.638 0.307619 1.28597e-14)
(246.44 0.246523 -2.39438e-14)
(246.289 0.190466 1.88265e-14)
(246.174 0.140759 2.86931e-14)
(246.087 0.0985857 1.7227e-14)
(246.021 0.0625845 8.24751e-15)
(245.971 0.0355727 3.00455e-14)
(245.934 0.0113644 2.95391e-14)
(245.903 0.00559843 2.4008e-14)
(245.877 -0.0171965 6.28472e-15)
(309.34 3.61834 2.99244e-14)
(306.162 1.05569 2.69829e-14)
(308.122 -0.410039 2.37548e-14)
(330.337 -4.47787 2.07581e-14)
(329.941 -8.24372 2.01556e-14)
(326.331 -12.3167 2.24424e-14)
(320.88 -16.6978 2.79402e-14)
(313.34 -21.1975 3.69092e-14)
(303.88 -25.5266 4.46611e-14)
(292.523 -29.2179 5.38947e-14)
(279.802 -31.6054 6.93693e-14)
(266.752 -32.0479 7.78741e-14)
(254.848 -30.1907 8.3517e-14)
(245.484 -26.3433 8.32828e-14)
(239.482 -21.5862 7.95282e-14)
(236.246 -16.6726 8.04445e-14)
(235.221 -12.3244 8.19953e-14)
(235.586 -8.83999 6.6515e-14)
(236.656 -6.20935 4.96054e-14)
(237.978 -4.30288 4.62177e-14)
(239.297 -2.95313 4.2979e-14)
(240.492 -2.01122 2.87873e-14)
(241.517 -1.36019 2.69447e-14)
(242.368 -0.913286 2.85029e-14)
(243.059 -0.608158 3.94994e-14)
(243.612 -0.400863 3.91769e-14)
(244.049 -0.260769 1.01917e-14)
(244.393 -0.166753 2.75326e-14)
(244.66 -0.104019 3.53826e-14)
(244.867 -0.062676 8.33591e-14)
(245.025 -0.0356771 1.38741e-13)
(245.145 -0.0185497 1.18475e-13)
(245.234 -0.00796849 5.16653e-15)
(245.298 -0.00186038 1.3849e-14)
(245.343 0.00124096 1.27829e-14)
(245.371 0.00238898 1.14507e-13)
(245.394 0.00189248 -2.98147e-14)
(245.399 0.00159717 2.01974e-13)
(245.42 -0.0041058 -4.30487e-13)
(308.867 2.48709 2.89416e-14)
(305.246 -4.98976 2.94106e-14)
(303.847 -7.88065 2.98463e-14)
(300.17 -9.43946 2.66114e-14)
(296.414 -10.9401 2.25106e-14)
(292.992 -12.1776 2.12748e-14)
(289.427 -13.1226 2.29013e-14)
(285.787 -13.7419 3.01377e-14)
(282.135 -14.0248 4.31701e-14)
(278.72 -14.0091 5.97773e-14)
(275.46 -13.6835 7.32652e-14)
(272.396 -13.0729 7.79084e-14)
(269.588 -12.213 7.28473e-14)
(267.067 -11.1458 4.48777e-14)
(264.828 -9.92202 5.36163e-15)
(262.863 -8.602 -2.62821e-14)
(261.133 -7.24343 -4.45812e-14)
(259.584 -5.90051 -5.3368e-14)
(258.153 -4.62289 -5.33532e-14)
(256.799 -3.44566 -4.33957e-14)
(255.485 -2.39579 -4.32146e-14)
(254.2 -1.52215 -4.12611e-14)
(252.96 -0.814004 -3.62005e-14)
(251.792 -0.268522 -4.78724e-14)
(250.715 0.118301 -5.58852e-14)
(249.754 0.371332 -4.23642e-14)
(248.921 0.513149 -4.94748e-14)
(248.22 0.577031 -5.07623e-14)
(247.65 0.568119 -1.47596e-14)
(247.202 0.515678 5.14865e-15)
(246.858 0.445483 -2.11703e-14)
(246.599 0.370713 -2.20283e-14)
(246.403 0.298976 -2.26248e-15)
(246.256 0.234113 1.78586e-14)
(246.146 0.17706 2.63911e-14)
(246.063 0.128787 3.45021e-14)
(246.002 0.0870155 4.43948e-14)
(245.957 0.0552413 2.55345e-14)
(245.925 0.0256353 4.40458e-14)
(245.898 0.0150921 1.72303e-14)
(245.879 -0.0143915 7.28754e-15)
(306.961 1.16255 3.00206e-14)
(308.389 -0.645416 2.72259e-14)
(331.931 -4.33342 2.4178e-14)
(332.351 -7.91996 2.1175e-14)
(329.702 -11.7453 2.01842e-14)
(325.351 -15.8955 2.19785e-14)
(318.987 -20.2684 2.73494e-14)
(310.778 -24.6722 3.60063e-14)
(300.593 -28.8077 4.43963e-14)
(288.614 -32.1104 5.0116e-14)
(275.437 -33.9042 6.5556e-14)
(262.327 -33.5666 7.5984e-14)
(250.761 -30.8326 8.34276e-14)
(242.164 -26.3342 8.70692e-14)
(236.969 -21.1502 8.12951e-14)
(234.521 -16.0632 7.97159e-14)
(234.109 -11.716 6.91469e-14)
(234.895 -8.32394 7.34443e-14)
(236.239 -5.80101 7.31463e-14)
(237.728 -3.99287 6.40312e-14)
(239.149 -2.72249 6.3983e-14)
(240.404 -1.84141 6.18574e-14)
(241.466 -1.23577 5.1557e-14)
(242.338 -0.822257 4.59094e-14)
(243.042 -0.541539 4.8731e-14)
(243.603 -0.352069 3.97764e-14)
(244.045 -0.225031 7.5422e-14)
(244.391 -0.140535 6.80274e-14)
(244.66 -0.0848453 1.04943e-13)
(244.867 -0.0485472 1.32624e-13)
(245.025 -0.025451 7.52594e-14)
(245.145 -0.011106 5.74983e-15)
(245.234 -0.00265083 1.45997e-14)
(245.298 0.00186054 1.54177e-14)
(245.343 0.00373702 7.7198e-14)
(245.371 0.00398631 3.13808e-14)
(245.394 0.00267213 9.02948e-14)
(245.4 0.00207836 -2.68768e-13)
(245.421 -0.0050415 -3.59035e-13)
(306.678 0.869605 2.88747e-14)
(308.867 -2.4871 2.93849e-14)
(307.293 -5.80517 2.98689e-14)
(303.271 -7.54678 2.68161e-14)
(299.346 -9.20766 2.26891e-14)
(295.866 -10.5918 2.10029e-14)
(292.243 -11.6799 2.26531e-14)
(288.524 -12.4366 2.9517e-14)
(284.767 -12.8465 4.19562e-14)
(281.237 -12.9548 5.90161e-14)
(277.86 -12.7421 7.33227e-14)
(274.666 -12.2385 7.8944e-14)
(271.712 -11.4755 7.52475e-14)
(269.031 -10.4942 4.95745e-14)
(266.614 -9.34246 1.1437e-14)
(264.454 -8.08024 -2.7833e-14)
(262.522 -6.76252 -4.23995e-14)
(260.757 -5.45146 -4.83849e-14)
(259.123 -4.19278 -4.56657e-14)
(257.561 -3.03889 -3.92287e-14)
(256.058 -2.02244 -4.01559e-14)
(254.608 -1.17955 -4.06877e-14)
(253.231 -0.505856 -4.58905e-14)
(251.952 -0.0051038 -4.79206e-14)
(250.793 0.337563 -5.25502e-14)
(249.775 0.547824 -5.62373e-14)
(248.907 0.655 -4.7402e-14)
(248.193 0.684539 -3.88675e-14)
(247.615 0.660877 -4.50154e-15)
(247.157 0.594458 2.18051e-14)
(246.811 0.51146 1.80457e-14)
(246.552 0.425594 -1.22412e-14)
(246.36 0.344496 -3.3015e-14)
(246.218 0.272012 1.20012e-14)
(246.113 0.208698 2.50016e-14)
(246.035 0.15514 3.701e-14)
(245.979 0.109001 3.73e-15)
(245.938 0.0728961 2.58244e-14)
(245.909 0.0393208 9.19608e-15)
(245.889 0.0234455 2.85374e-14)
(245.875 -0.012391 1.50423e-14)
(308.839 -0.879456 3.01497e-14)
(333.367 -4.35532 2.7448e-14)
(334.14 -7.69648 2.44308e-14)
(332.231 -11.3586 2.16946e-14)
(328.886 -15.2951 1.99445e-14)
(323.665 -19.4961 2.15194e-14)
(316.672 -23.8383 2.62837e-14)
(307.752 -28.1603 3.40934e-14)
(296.89 -32.0463 4.21375e-14)
(284.316 -34.9025 4.85181e-14)
(270.771 -36.0339 5.99561e-14)
(257.724 -34.8173 7.55711e-14)
(246.643 -31.2213 8.17853e-14)
(238.997 -26.153 8.51408e-14)
(234.586 -20.5634 8.12851e-14)
(232.914 -15.3672 7.99208e-14)
(233.09 -11.0792 8.22388e-14)
(234.274 -7.79284 8.22399e-14)
(235.867 -5.38857 8.15549e-14)
(237.508 -3.68256 8.27717e-14)
(239.019 -2.49283 6.97971e-14)
(240.329 -1.67279 6.89402e-14)
(241.422 -1.11238 7.25571e-14)
(242.314 -0.732017 7.02693e-14)
(243.029 -0.475508 5.49443e-14)
(243.596 -0.303702 7.79478e-14)
(244.042 -0.189619 9.62565e-14)
(244.39 -0.114545 1.05602e-13)
(244.66 -0.0657167 1.16693e-13)
(244.867 -0.0346387 7.33924e-14)
(245.026 -0.0152243 1.27381e-14)
(245.145 -0.00369677 1.36332e-14)
(245.234 0.00265045 1.58719e-14)
(245.298 0.0055975 4.16994e-14)
(245.343 0.00623741 1.28989e-13)
(245.371 0.00560495 -3.997e-14)
(245.394 0.00346517 -1.43169e-13)
(245.4 0.00257239 -1.80715e-13)
(245.421 -0.0059625 7.7582e-14)
(307.265 -1.1431 2.87972e-14)
(306.678 -0.869603 2.94223e-14)
(309.34 -3.61836 2.98311e-14)
(306.625 -5.44022 2.7034e-14)
(302.42 -7.33936 2.29455e-14)
(298.757 -8.88378 2.12138e-14)
(295.051 -10.1228 2.23892e-14)
(291.255 -11.0234 2.88245e-14)
(287.393 -11.569 4.05038e-14)
(283.752 -11.8006 5.70654e-14)
(280.258 -11.7077 7.14048e-14)
(276.932 -11.3123 7.9321e-14)
(273.832 -10.647 7.48532e-14)
(270.989 -9.75186 5.28946e-14)
(268.392 -8.67483 1.44612e-14)
(266.04 -7.47145 -2.23751e-14)
(263.896 -6.20224 -3.88736e-14)
(261.923 -4.92257 -4.61256e-14)
(260.059 -3.70358 -4.4436e-14)
(258.295 -2.57262 -3.88505e-14)
(256.596 -1.60404 -5.00254e-14)
(254.98 -0.799818 -5.11292e-14)
(253.465 -0.175206 -4.69943e-14)
(252.078 0.273157 -3.8165e-14)
(250.841 0.565377 -3.94445e-14)
(249.772 0.72894 -4.2262e-14)
(248.876 0.798255 -4.38086e-14)
(248.148 0.794712 -2.1909e-14)
(247.568 0.738955 -1.06645e-14)
(247.11 0.661071 4.99768e-16)
(246.76 0.567605 -1.42262e-14)
(246.504 0.471917 -1.09322e-14)
(246.315 0.383034 -3.59864e-14)
(246.177 0.304088 1.06155e-14)
(246.077 0.235542 2.67932e-14)
(246.004 0.177713 3.29836e-14)
(245.952 0.127675 2.58744e-14)
(245.915 0.0884883 2.65415e-14)
(245.891 0.0505689 4.38032e-14)
(245.877 0.0313315 4.03357e-14)
(245.865 -0.0105536 9.68674e-15)
(334.256 -4.26751 3.022e-14)
(335.779 -7.67623 2.76811e-14)
(334.123 -11.0877 2.46553e-14)
(331.55 -14.8705 2.17645e-14)
(327.37 -18.9 1.98375e-14)
(321.554 -23.1207 2.09412e-14)
(313.909 -27.4601 2.55455e-14)
(304.31 -31.6424 3.23245e-14)
(292.791 -35.2346 4.0889e-14)
(279.671 -37.576 4.60136e-14)
(265.892 -37.9355 5.75003e-14)
(252.926 -35.8052 6.86971e-14)
(242.562 -31.3744 7.63461e-14)
(235.829 -25.7288 8.54883e-14)
(232.326 -19.8386 8.36533e-14)
(231.431 -14.6056 8.51519e-14)
(232.167 -10.4093 8.66906e-14)
(233.721 -7.24966 8.31006e-14)
(235.539 -4.97365 8.66877e-14)
(237.316 -3.37283 8.58592e-14)
(238.908 -2.26449 7.86716e-14)
(240.265 -1.5055 7.91299e-14)
(241.386 -0.990059 7.54222e-14)
(242.295 -0.642587 7.05113e-14)
(243.02 -0.410059 9.01325e-14)
(243.592 -0.2558 8.95706e-14)
(244.041 -0.154467 9.47881e-14)
(244.39 -0.0887559 1.12483e-13)
(244.66 -0.0468857 5.28873e-14)
(244.868 -0.0207084 6.21469e-15)
(245.026 -0.00507515 2.16436e-14)
(245.145 0.00369623 1.38648e-14)
(245.234 0.00796811 4.66971e-15)
(245.298 0.00934521 1.2659e-13)
(245.343 0.00876522 2.32077e-14)
(245.372 0.00724575 -6.99823e-14)
(245.394 0.0042808 -1.10872e-13)
(245.4 0.00308407 -7.42282e-14)
(245.422 -0.0068571 -2.3197e-13)
(331.895 -4.73202 2.87337e-14)
(307.265 1.14311 2.94525e-14)
(306.961 -1.16255 2.99612e-14)
(308.433 -3.26059 2.71559e-14)
(305.602 -5.26046 2.30701e-14)
(301.766 -7.02731 2.12247e-14)
(297.896 -8.44557 2.21857e-14)
(293.995 -9.49708 2.80232e-14)
(290.021 -10.1875 3.95498e-14)
(286.268 -10.5515 5.57055e-14)
(282.648 -10.5797 7.14711e-14)
(279.193 -10.2923 7.84425e-14)
(275.944 -9.72533 7.62026e-14)
(272.937 -8.91779 5.38867e-14)
(270.162 -7.91545 1.78654e-14)
(267.607 -6.77723 -1.97547e-14)
(265.259 -5.55354 -4.26418e-14)
(263.049 -4.32576 -4.64767e-14)
(260.973 -3.13081 -5.63353e-14)
(258.985 -2.06306 -3.9255e-14)
(257.091 -1.13982 -4.22371e-14)
(255.307 -0.387738 -5.13393e-14)
(253.656 0.176522 -4.77392e-14)
(252.166 0.564859 -3.7215e-14)
(250.858 0.800335 -5.60086e-14)
(249.745 0.915705 -5.78123e-14)
(248.829 0.938999 -6.93789e-14)
(248.093 0.894679 -2.04137e-14)
(247.507 0.816984 -3.19776e-14)
(247.056 0.717105 -1.38325e-14)
(246.712 0.613544 1.22243e-14)
(246.454 0.510922 -1.03081e-14)
(246.269 0.41499 -5.73719e-15)
(246.135 0.330531 9.54072e-15)
(246.04 0.257614 2.82724e-14)
(245.971 0.196266 3.56916e-14)
(245.923 0.143205 2.33777e-14)
(245.89 0.101455 2.8879e-14)
(245.87 0.0605945 2.62633e-14)
(245.86 0.0387248 2.62303e-14)
(245.852 -0.00873348 1.0465e-14)
(336.579 -7.29741 3.02475e-14)
(335.869 -11.0188 2.79998e-14)
(333.556 -14.5619 2.47929e-14)
(330.176 -18.4671 2.21905e-14)
(325.428 -22.5526 1.93958e-14)
(319.026 -26.822 2.105e-14)
(310.718 -31.1118 2.43677e-14)
(300.468 -35.1216 3.08266e-14)
(288.29 -38.3625 3.95496e-14)
(274.634 -40.0989 4.50913e-14)
(260.698 -39.6263 5.23737e-14)
(248.046 -36.4948 6.45038e-14)
(238.602 -31.2967 7.59659e-14)
(232.77 -25.0913 8.22993e-14)
(230.212 -18.9946 8.81455e-14)
(230.078 -13.7739 8.37565e-14)
(231.341 -9.71022 8.27531e-14)
(233.23 -6.70015 8.2082e-14)
(235.252 -4.55784 7.5562e-14)
(237.15 -3.06422 8.16761e-14)
(238.813 -2.03775 9.17567e-14)
(240.212 -1.33962 8.43629e-14)
(241.358 -0.868847 8.39212e-14)
(242.281 -0.553965 9.35736e-14)
(243.014 -0.34524 1.02393e-13)
(243.59 -0.208298 1.03837e-13)
(244.041 -0.119734 9.15697e-14)
(244.391 -0.0632921 2.88861e-14)
(244.661 -0.0280205 1.4076e-14)
(244.868 -0.00690915 2.3401e-14)
(245.026 0.00507471 2.41232e-14)
(245.145 0.0111054 5.30503e-15)
(245.234 0.0133047 1.38952e-13)
(245.298 0.0131171 8.2057e-14)
(245.343 0.0113208 -1.81201e-13)
(245.372 0.00891456 -1.17924e-14)
(245.395 0.00512227 -1.05954e-13)
(245.401 0.00361274 -1.44293e-13)
(245.423 -0.00771271 9.49342e-14)
(336.923 -8.42484 2.86797e-14)
(331.895 4.73202 2.94152e-14)
(308.839 0.879479 2.99364e-14)
(306.162 -1.05567 2.74458e-14)
(307.084 -3.11746 2.34806e-14)
(304.724 -4.94259 2.08229e-14)
(300.819 -6.61237 2.22172e-14)
(296.775 -7.84876 2.71009e-14)
(292.674 -8.69359 3.82866e-14)
(288.792 -9.19375 5.43354e-14)
(285.041 -9.34612 6.99161e-14)
(281.448 -9.17202 7.82888e-14)
(278.044 -8.70797 7.68104e-14)
(274.87 -7.98917 5.91979e-14)
(271.908 -7.06623 1.78823e-14)
(269.158 -5.98803 -1.56723e-14)
(266.577 -4.82796 -4.21652e-14)
(264.15 -3.63394 -5.24894e-14)
(261.83 -2.51169 -4.47359e-14)
(259.623 -1.49603 -3.91004e-14)
(257.532 -0.62955 -4.32584e-14)
(255.581 0.0534854 -4.89843e-14)
(253.798 0.547543 -4.93698e-14)
(252.212 0.867715 -4.66239e-14)
(250.841 1.04047 -5.02698e-14)
(249.695 1.10418 -6.14762e-14)
(248.766 1.07602 -4.05643e-14)
(248.022 0.997954 -6.54078e-14)
(247.443 0.886998 -3.51634e-14)
(246.996 0.769068 3.40825e-15)
(246.66 0.652343 2.35961e-14)
(246.409 0.541869 -3.50393e-15)
(246.225 0.440778 -1.58185e-14)
(246.095 0.351823 2.51162e-14)
(246.003 0.275244 4.38961e-14)
(245.938 0.211131 3.77699e-14)
(245.894 0.155728 2.29476e-14)
(245.865 0.111987 2.86618e-14)
(245.848 0.0687588 2.50377e-14)
(245.839 0.0449239 4.22546e-14)
(245.835 -0.0069778 1.34168e-14)
(336.973 -10.7459 3.0093e-14)
(335.387 -14.4511 2.82877e-14)
(332.305 -18.1438 2.52041e-14)
(328.376 -22.1329 2.27787e-14)
(323.09 -26.3002 1.99294e-14)
(316.059 -30.585 2.05382e-14)
(307.142 -34.7958 2.35144e-14)
(296.211 -38.5985 2.90615e-14)
(283.361 -41.4088 3.73952e-14)
(269.261 -42.4495 4.20377e-14)
(255.25 -41.0175 4.92091e-14)
(243.137 -36.8933 5.81597e-14)
(234.689 -30.9275 6.9511e-14)
(229.857 -24.2589 7.68592e-14)
(228.26 -18.0405 8.07466e-14)
(228.854 -12.9117 8.20992e-14)
(230.607 -8.99238 8.75488e-14)
(232.8 -6.14613 8.10775e-14)
(235.004 -4.14232 8.23952e-14)
(237.009 -2.75736 8.42657e-14)
(238.735 -1.81284 8.65693e-14)
(240.17 -1.17525 9.13891e-14)
(241.337 -0.748762 9.43065e-14)
(242.272 -0.466231 1.00874e-13)
(243.011 -0.280992 8.10794e-14)
(243.591 -0.16147 7.26794e-14)
(244.042 -0.0853249 1.73918e-14)
(244.392 -0.0378291 1.3834e-14)
(244.661 -0.00935089 2.3335e-14)
(244.868 0.00690878 2.40055e-14)
(245.026 0.0152239 1.26878e-14)
(245.145 0.0185492 1.15242e-13)
(245.234 0.0186696 9.76021e-14)
(245.298 0.0169333 -1.02862e-13)
(245.344 0.0139041 -1.70161e-14)
(245.372 0.0106169 -4.87516e-14)
(245.395 0.00599446 -1.06209e-13)
(245.401 0.00416859 7.52389e-14)
(245.423 -0.00851961 8.70085e-14)
(337.223 -11.7136 2.88379e-14)
(336.923 8.42484 2.92087e-14)
(334.256 4.2675 3.00626e-14)
(308.389 0.645434 2.75852e-14)
(305.477 -0.959781 2.36499e-14)
(305.801 -2.87978 2.08726e-14)
(303.47 -4.61473 2.2005e-14)
(299.554 -6.03861 2.67505e-14)
(295.334 -7.06579 3.73257e-14)
(291.317 -7.71558 5.30087e-14)
(287.427 -8.00186 6.78503e-14)
(283.684 -7.95046 7.73285e-14)
(280.124 -7.59031 7.77036e-14)
(276.776 -6.96585 6.23149e-14)
(273.633 -6.11843 2.35024e-14)
(270.66 -5.1155 -1.30545e-14)
(267.865 -3.99766 -3.28034e-14)
(265.185 -2.88504 -4.82288e-14)
(262.628 -1.82202 -5.12505e-14)
(260.198 -0.870536 -5.25195e-14)
(257.91 -0.0801199 -4.2929e-14)
(255.794 0.521892 -3.92672e-14)
(253.886 0.935463 -5.84132e-14)
(252.213 1.17924 -4.52997e-14)
(250.791 1.28996 -4.74493e-14)
(249.625 1.28568 -7.39662e-14)
(248.682 1.21226 -5.0726e-14)
(247.942 1.09193 -7.57491e-14)
(247.366 0.957541 -9.02452e-15)
(246.933 0.818059 -1.10473e-14)
(246.606 0.686632 -1.72796e-14)
(246.363 0.567177 2.49803e-14)
(246.184 0.461065 -2.04665e-14)
(246.056 0.36851 2.57002e-14)
(245.968 0.289158 1.84353e-14)
(245.907 0.222771 4.15932e-14)
(245.866 0.165592 2.23942e-14)
(245.839 0.120266 2.92151e-14)
(245.825 0.0753909 2.20496e-14)
(245.818 0.0499951 2.14744e-14)
(245.817 -0.00532111 1.95352e-14)
(336.521 -14.1317 3.05876e-14)
(334.24 -18.0166 2.83892e-14)
(330.628 -21.8134 2.57074e-14)
(326.192 -25.9068 2.33514e-14)
(320.316 -30.135 2.04152e-14)
(312.721 -34.4081 2.00095e-14)
(303.161 -38.5233 2.25006e-14)
(291.514 -42.0579 2.7768e-14)
(278.024 -44.3482 3.50366e-14)
(263.555 -44.5764 4.20689e-14)
(249.567 -42.1019 4.60992e-14)
(238.288 -36.9886 5.73235e-14)
(230.804 -30.271 6.48138e-14)
(227.117 -23.2509 7.34334e-14)
(226.485 -16.996 8.03072e-14)
(227.76 -11.9995 8.71769e-14)
(229.963 -8.26178 8.14346e-14)
(232.428 -5.59008 8.57289e-14)
(234.793 -3.72815 8.7669e-14)
(236.892 -2.45269 8.71788e-14)
(238.673 -1.58995 8.46902e-14)
(240.139 -1.01245 7.71279e-14)
(241.324 -0.629928 8.7358e-14)
(242.267 -0.379287 6.86182e-14)
(243.011 -0.217761 6.0023e-14)
(243.592 -0.115003 1.02918e-14)
(244.044 -0.0510136 1.75095e-14)
(244.392 -0.0126139 2.54452e-14)
(244.661 0.00935051 2.39324e-14)
(244.868 0.0207081 5.83457e-15)
(245.025 0.0254505 7.52446e-14)
(245.145 0.0260174 1.12144e-13)
(245.234 0.0240929 -6.02935e-14)
(245.298 0.0207768 -2.56894e-14)
(245.344 0.0165262 -9.66064e-14)
(245.373 0.0123579 -6.33988e-14)
(245.395 0.00689879 -1.80962e-13)
(245.402 0.0047449 8.68384e-14)
(245.424 -0.0092489 7.80868e-14)
(336.972 -14.9578 2.85379e-14)
(337.223 11.7136 2.93026e-14)
(336.579 7.29741 3.02044e-14)
(333.367 4.3553 2.79328e-14)
(308.122 0.410055 2.41332e-14)
(304.679 -0.876121 2.10054e-14)
(304.422 -2.55567 2.16939e-14)
(301.826 -4.11695 2.57882e-14)
(297.864 -5.28692 3.64416e-14)
(293.766 -6.11374 5.19401e-14)
(289.765 -6.54074 6.65976e-14)
(285.89 -6.6186 7.78122e-14)
(282.172 -6.37157 7.86888e-14)
(278.657 -5.84017 6.5414e-14)
(275.312 -5.07903 2.93981e-14)
(272.133 -4.12833 -8.09996e-15)
(269.084 -3.09964 -3.24436e-14)
(266.154 -2.05328 -4.87694e-14)
(263.353 -1.06159 -5.10215e-14)
(260.697 -0.192894 -4.06592e-14)
(258.211 0.506107 -4.17757e-14)
(255.938 1.01445 -4.89343e-14)
(253.915 1.337 -5.92702e-14)
(252.169 1.50269 -4.60484e-14)
(250.713 1.53304 -4.86777e-14)
(249.527 1.4687 -4.48868e-14)
(248.584 1.3404 -5.09728e-14)
(247.846 1.18705 -2.74296e-14)
(247.287 1.02105 -2.17326e-14)
(246.863 0.863935 2.21791e-14)
(246.548 0.71796 8.66241e-15)
(246.315 0.588786 -3.88169e-14)
(246.145 0.477053 -2.07403e-14)
(246.022 0.381562 -6.96332e-15)
(245.936 0.299838 1.71028e-14)
(245.877 0.231684 4.26269e-14)
(245.839 0.173118 2.5611e-14)
(245.814 0.126577 2.87925e-14)
(245.802 0.0805792 8.84916e-15)
(245.796 0.054061 3.05046e-14)
(245.798 -0.0038573 1.16671e-14)
(335.44 -17.6516 3.07516e-14)
(332.636 -21.6839 2.83886e-14)
(328.584 -25.6024 2.59516e-14)
(323.575 -29.7861 2.35056e-14)
(317.175 -34.0546 2.02057e-14)
(309 -38.3079 1.96203e-14)
(298.739 -42.2874 2.18731e-14)
(286.369 -45.4763 2.62257e-14)
(272.23 -47.1415 3.42023e-14)
(257.48 -46.4491 3.99256e-14)
(243.787 -42.8351 4.31478e-14)
(233.493 -36.7363 4.90283e-14)
(227.092 -29.3482 5.95748e-14)
(224.568 -22.0782 6.54275e-14)
(224.87 -15.8735 7.52908e-14)
(226.792 -11.0568 7.51634e-14)
(229.403 -7.52394 7.90555e-14)
(232.111 -5.03365 7.8238e-14)
(234.618 -3.31625 8.20486e-14)
(236.799 -2.15061 8.64222e-14)
(238.626 -1.3692 7.1871e-14)
(240.119 -0.851406 7.44814e-14)
(241.317 -0.512209 4.97522e-14)
(242.267 -0.29374 4.47987e-14)
(243.013 -0.155045 1.32672e-14)
(243.594 -0.0687669 2.06411e-14)
(244.044 -0.0169853 2.97378e-14)
(244.392 0.0126136 2.59169e-14)
(244.661 0.0280201 1.40912e-14)
(244.867 0.0346383 7.19878e-14)
(245.025 0.0356766 1.381e-13)
(245.145 0.0335729 5.01405e-15)
(245.234 0.0295458 1.61538e-14)
(245.299 0.0246717 -5.90711e-14)
(245.345 0.0191889 -2.51156e-14)
(245.373 0.0141413 -1.22276e-13)
(245.396 0.00783519 -1.28817e-13)
(245.402 0.00536518 -4.76355e-14)
(245.424 -0.00992365 7.5209e-14)
(336.337 -18.4123 2.82179e-14)
(336.972 14.9578 2.90761e-14)
(336.973 10.7459 3.01044e-14)
(335.779 7.67622 2.81415e-14)
(331.93 4.3334 2.45115e-14)
(308.583 0.293368 2.08059e-14)
(304.922 -0.778249 2.12888e-14)
(302.577 -2.19253 2.57385e-14)
(299.728 -3.44425 3.52316e-14)
(295.978 -4.4006 4.97908e-14)
(291.989 -4.96833 6.56809e-14)
(288.026 -5.18283 7.7128e-14)
(284.181 -5.05084 8.02782e-14)
(280.497 -4.61708 6.93034e-14)
(276.958 -3.92334 3.18899e-14)
(273.536 -3.06368 -6.85277e-15)
(270.232 -2.10657 -3.25485e-14)
(267.042 -1.1374 -5.19645e-14)
(263.991 -0.235391 -4.98958e-14)
(261.104 0.533098 -5.36168e-14)
(258.426 1.12572 -4.65147e-14)
(256.006 1.52747 -4.82029e-14)
(253.883 1.7526 -4.93957e-14)
(252.082 1.8265 -4.68329e-14)
(250.601 1.77367 -4.63692e-14)
(249.408 1.64079 -6.17825e-14)
(248.466 1.4671 -4.62179e-14)
(247.745 1.2728 -2.91619e-14)
(247.198 1.08425 -2.56568e-14)
(246.79 0.905828 -8.17122e-16)
(246.487 0.746665 1.40418e-15)
(246.266 0.608223 6.74432e-15)
(246.106 0.490231 9.12854e-15)
(245.99 0.391305 -4.12675e-15)
(245.907 0.307921 2.03903e-14)
(245.85 0.238299 1.33435e-15)
(245.814 0.178686 2.64148e-14)
(245.791 0.131221 1.88412e-14)
(245.78 0.0845047 5.48327e-14)
(245.775 0.0571909 4.13641e-14)
(245.778 -0.00262673 -1.51679e-16)
(333.938 -21.2799 3.13733e-14)
(330.696 -25.482 2.84166e-14)
(326.103 -29.5194 2.63546e-14)
(320.609 -33.77 2.4417e-14)
(313.677 -38.078 2.04119e-14)
(304.842 -42.2898 1.97772e-14)
(293.86 -46.0689 2.12334e-14)
(280.746 -48.83 2.51671e-14)
(266.051 -49.7405 3.21314e-14)
(251.06 -47.9946 3.66081e-14)
(237.983 -43.1937 3.96469e-14)
(228.653 -36.1068 4.79161e-14)
(223.559 -28.1705 5.33187e-14)
(222.23 -20.7708 6.21768e-14)
(223.429 -14.6965 6.37496e-14)
(225.95 -10.0896 6.93876e-14)
(228.925 -6.78188 6.95533e-14)
(231.847 -4.4787 7.33984e-14)
(234.478 -2.90743 7.74244e-14)
(236.729 -1.85141 6.44632e-14)
(238.595 -1.15091 6.4404e-14)
(240.108 -0.691948 5.0131e-14)
(241.317 -0.396371 3.99994e-14)
(242.27 -0.209147 1.39487e-14)
(243.015 -0.0926883 1.85134e-14)
(243.595 -0.0228668 2.99827e-14)
(244.044 0.0169849 3.03999e-14)
(244.392 0.0378288 1.44871e-14)
(244.66 0.0468854 5.14692e-14)
(244.867 0.0485468 1.32688e-13)
(245.025 0.0460506 4.91634e-14)
(245.145 0.0411583 -2.93022e-14)
(245.235 0.0350655 -3.52208e-14)
(245.299 0.0286124 -7.34099e-14)
(245.345 0.0218981 2.8049e-14)
(245.374 0.0159717 -1.41626e-13)
(245.397 0.00882317 1.36302e-13)
(245.403 0.00602769 -1.98722e-14)
(245.425 -0.0105172 -9.34944e-14)
(335.054 -22.1178 2.77378e-14)
(336.337 18.4123 2.89307e-14)
(336.521 14.1317 3.04508e-14)
(335.869 11.0188 2.84848e-14)
(334.14 7.69648 2.4579e-14)
(330.337 4.47784 2.12204e-14)
(309.018 0.295452 2.13152e-14)
(303.742 -0.681412 2.51203e-14)
(300.967 -1.6768 3.4098e-14)
(297.717 -2.67245 4.84686e-14)
(293.996 -3.34626 6.35767e-14)
(290.07 -3.67822 7.60704e-14)
(286.142 -3.64701 7.88353e-14)
(282.299 -3.28559 7.02133e-14)
(278.543 -2.68101 3.94746e-14)
(274.869 -1.8924 -2.08158e-15)
(271.293 -1.01604 -2.98975e-14)
(267.83 -0.140739 -4.7362e-14)
(264.519 0.653096 -4.80417e-14)
(261.406 1.30483 -4.19322e-14)
(258.545 1.77444 -4.05968e-14)
(255.991 2.0578 -4.77298e-14)
(253.789 2.17808 -4.93243e-14)
(251.954 2.14096 -5.06208e-14)
(250.454 2.00649 -4.45147e-14)
(249.261 1.81034 -5.67284e-14)
(248.336 1.58444 -7.38577e-14)
(247.632 1.35721 -2.97587e-14)
(247.104 1.14032 -3.06764e-14)
(246.711 0.944518 6.3046e-15)
(246.424 0.772492 -1.54771e-14)
(246.216 0.625482 3.29655e-14)
(246.066 0.501832 -4.94835e-14)
(245.958 0.399064 -8.98836e-15)
(245.881 0.31369 1.63693e-14)
(245.827 0.243117 4.08695e-14)
(245.792 0.18266 3.04954e-14)
(245.769 0.134501 -5.19782e-15)
(245.759 0.0873642 -6.8993e-15)
(245.755 0.0595169 1.21078e-14)
(245.759 -0.00161761 2.12528e-14)
(332.056 -25.0581 3.15911e-14)
(328.319 -29.4144 2.8926e-14)
(323.266 -33.548 2.67288e-14)
(317.33 -37.8607 2.4828e-14)
(309.752 -42.2138 2.05529e-14)
(300.231 -46.3359 1.96692e-14)
(288.49 -49.8562 2.05637e-14)
(274.585 -52.0828 2.3275e-14)
(259.404 -52.1164 2.99791e-14)
(244.397 -49.1573 3.62466e-14)
(232.182 -43.1388 3.88487e-14)
(223.975 -35.1194 4.09143e-14)
(220.254 -26.7593 4.86046e-14)
(220.114 -19.3287 5.14046e-14)
(222.162 -13.4592 5.64677e-14)
(225.227 -9.10928 5.74933e-14)
(228.525 -6.03823 6.80695e-14)
(231.635 -3.92681 6.18279e-14)
(234.371 -2.50228 4.95211e-14)
(236.681 -1.55558 5.12456e-14)
(238.578 -0.934877 4.35336e-14)
(240.106 -0.535007 3.42377e-14)
(241.32 -0.282253 1.99816e-14)
(242.273 -0.124935 2.12401e-14)
(243.017 -0.030804 2.99447e-14)
(243.595 0.0228666 3.04233e-14)
(244.044 0.0510133 1.80511e-14)
(244.391 0.0632918 2.80832e-14)
(244.66 0.0657163 1.14066e-13)
(244.867 0.0626756 7.97081e-14)
(245.025 0.0564435 -4.24112e-14)
(245.146 0.0488342 6.95938e-15)
(245.235 0.0406369 -1.32521e-13)
(245.3 0.0326106 -1.09546e-13)
(245.346 0.024658 -8.57608e-14)
(245.375 0.0178545 -5.52419e-14)
(245.397 0.00985761 4.00974e-14)
(245.403 0.00672711 -6.25105e-14)
(245.425 -0.0110258 3.58089e-14)
(333.374 -25.9742 2.76928e-14)
(335.054 22.1178 2.8852e-14)
(335.44 17.6516 3.07295e-14)
(335.387 14.4511 2.87811e-14)
(334.123 11.0877 2.50391e-14)
(332.351 7.91996 2.14879e-14)
(328.191 4.69797 2.11158e-14)
(310.938 0.707063 2.46261e-14)
(303.189 -0.429937 3.30669e-14)
(299.612 -1.16653 4.68388e-14)
(295.971 -1.77284 6.13516e-14)
(292.103 -2.13844 7.63835e-14)
(288.096 -2.16401 7.95086e-14)
(284.072 -1.86133 7.4089e-14)
(280.068 -1.32244 4.4053e-14)
(276.116 -0.60589 2.48687e-15)
(272.243 0.172313 -3.04833e-14)
(268.493 0.934728 -4.61378e-14)
(264.92 1.60217 -5.20651e-14)
(261.585 2.11666 -4.8811e-14)
(258.554 2.44656 -4.16188e-14)
(255.893 2.60871 -4.3384e-14)
(253.642 2.58957 -4.8762e-14)
(251.775 2.45363 -5.9062e-14)
(250.275 2.23175 -4.20889e-14)
(249.096 1.96943 -5.92466e-14)
(248.192 1.69628 -4.52453e-14)
(247.511 1.43378 -6.11388e-14)
(247.003 1.1929 -3.60964e-14)
(246.63 0.979074 6.83662e-15)
(246.359 0.795367 4.54393e-15)
(246.165 0.640632 -5.94789e-15)
(246.025 0.511787 -4.15853e-15)
(245.926 0.405618 -1.48092e-14)
(245.855 0.317989 1.56753e-14)
(245.805 0.246381 3.92991e-14)
(245.772 0.185415 3.78397e-14)
(245.75 0.136697 2.81636e-14)
(245.74 0.0893622 5.25018e-14)
(245.736 0.0611731 1.70175e-14)
(245.741 -0.000814689 3.00962e-14)
(329.747 -28.998 3.13278e-14)
(325.578 -33.4829 2.9063e-14)
(320.091 -37.7117 2.69313e-14)
(313.623 -42.1016 2.54688e-14)
(305.379 -46.4489 2.13676e-14)
(295.133 -50.4473 1.99235e-14)
(282.556 -53.6263 2.05636e-14)
(267.894 -55.1914 2.28576e-14)
(252.259 -54.1742 2.91296e-14)
(237.569 -49.88 3.48076e-14)
(226.261 -42.6018 4.12211e-14)
(219.484 -33.7801 4.04417e-14)
(217.209 -25.1323 4.08215e-14)
(218.23 -17.8148 4.6223e-14)
(221.065 -12.1867 4.73244e-14)
(224.619 -8.12101 5.5544e-14)
(228.2 -5.29615 4.81732e-14)
(231.471 -3.37921 4.26986e-14)
(234.297 -2.10165 3.75225e-14)
(236.654 -1.26292 3.27903e-14)
(238.574 -0.722179 2.79458e-14)
(240.11 -0.381009 2.08744e-14)
(241.324 -0.168427 1.47831e-14)
(242.276 -0.0415438 2.97117e-14)
(243.017 0.0308037 3.05382e-14)
(243.594 0.0687666 2.10298e-14)
(244.042 0.0853246 1.63763e-14)
(244.39 0.0887555 1.09154e-13)
(244.66 0.084845 1.04198e-13)
(244.867 0.0768154 -1.4301e-14)
(245.026 0.0669668 4.88315e-15)
(245.146 0.0565698 -9.73276e-14)
(245.236 0.0462792 -9.21667e-14)
(245.301 0.0366678 -3.17479e-14)
(245.347 0.0274732 -9.59918e-14)
(245.375 0.0197924 -2.78041e-16)
(245.398 0.0109394 -1.31331e-13)
(245.404 0.00746415 1.06882e-13)
(245.426 -0.0114472 6.72516e-14)
(331.292 -29.9852 2.77195e-14)
(333.374 25.9742 2.84996e-14)
(333.938 21.2799 3.11442e-14)
(334.24 18.0166 2.89916e-14)
(333.556 14.5619 2.51876e-14)
(332.23 11.3586 2.16813e-14)
(329.941 8.24372 2.11647e-14)
(325.297 4.91143 2.40263e-14)
(311.86 1.52658 3.15846e-14)
(303.398 0.273526 4.50513e-14)
(298.641 -0.253734 6.17577e-14)
(294.391 -0.584033 7.50164e-14)
(290.106 -0.622728 8.09234e-14)
(285.837 -0.310173 7.43387e-14)
(281.526 0.171119 4.84568e-14)
(277.25 0.797035 7.1307e-15)
(273.052 1.45911 -2.34864e-14)
(269.004 2.0878 -4.49835e-14)
(265.17 2.60737 -5.31825e-14)
(261.624 2.96132 -4.25629e-14)
(258.452 3.15078 -4.32484e-14)
(255.723 3.1451 -3.22603e-14)
(253.424 3.00281 -5.88318e-14)
(251.554 2.75154 -4.62105e-14)
(250.065 2.44671 -5.88431e-14)
(248.911 2.12057 -5.69158e-14)
(248.037 1.80165 -7.41916e-14)
(247.381 1.50472 -5.83355e-14)
(246.898 1.23936 -3.78092e-14)
(246.546 1.00978 -1.65752e-14)
(246.293 0.815413 6.13524e-15)
(246.112 0.653612 -1.06236e-14)
(245.984 0.520115 1.69797e-14)
(245.893 0.410944 -3.87023e-14)
(245.829 0.321419 1.29648e-14)
(245.784 0.248561 3.46282e-14)
(245.754 0.187147 7.05033e-14)
(245.733 0.138079 1.82171e-14)
(245.724 0.0906843 2.16156e-14)
(245.718 0.0622979 3.03067e-14)
(245.724 -0.000197416 2.35194e-15)
(327.078 -33.0843 3.13612e-14)
(322.521 -37.6996 2.93452e-14)
(316.538 -42.0309 2.72519e-14)
(309.481 -46.4749 2.57228e-14)
(300.56 -50.794 2.20662e-14)
(289.483 -54.612 1.96833e-14)
(276.064 -57.3447 1.94038e-14)
(260.679 -58.0798 2.22144e-14)
(244.716 -55.8433 2.66631e-14)
(230.633 -50.1035 3.1744e-14)
(220.458 -41.5871 3.44535e-14)
(215.256 -32.1009 3.79854e-14)
(214.468 -23.3219 4.06806e-14)
(216.583 -16.2035 4.17382e-14)
(220.14 -10.8864 3.99168e-14)
(224.121 -7.1293 3.96102e-14)
(227.948 -4.55814 3.74719e-14)
(231.355 -2.83736 3.85205e-14)
(234.253 -1.70539 3.77293e-14)
(236.645 -0.974702 3.23873e-14)
(238.577 -0.514346 2.32197e-14)
(240.116 -0.227101 1.46254e-14)
(241.327 -0.0560771 3.27278e-14)
(242.276 0.0415434 3.02107e-14)
(243.015 0.092688 1.90808e-14)
(243.592 0.115003 1.04334e-14)
(244.041 0.119733 9.06898e-14)
(244.39 0.114544 1.03292e-13)
(244.66 0.104019 3.02997e-14)
(244.868 0.0911428 1.40229e-14)
(245.027 0.0775567 -3.66793e-14)
(245.147 0.0643962 -1.03759e-13)
(245.237 0.0519898 3.09173e-15)
(245.302 0.0407912 -4.02306e-14)
(245.348 0.0303481 -1.9661e-13)
(245.376 0.0217893 -4.19424e-14)
(245.399 0.012071 -1.27759e-14)
(245.405 0.00823917 1.01685e-13)
(245.426 -0.0117802 6.59099e-14)
(328.806 -34.1509 2.77167e-14)
(331.292 29.9852 2.82004e-14)
(332.056 25.0581 3.13646e-14)
(332.636 21.6839 2.88492e-14)
(332.305 18.1438 2.55511e-14)
(331.55 14.8705 2.24832e-14)
(329.702 11.7453 2.08098e-14)
(326.698 8.76952 2.35403e-14)
(321.471 5.36167 3.05306e-14)
(310.76 2.72798 4.33466e-14)
(302.873 1.62167 5.81623e-14)
(297.336 1.1891 7.3457e-14)
(292.346 1.15236 8.08583e-14)
(287.626 1.43457 7.5221e-14)
(282.886 1.81783 5.30001e-14)
(278.229 2.32614 1.31975e-14)
(273.683 2.84709 -2.56823e-14)
(269.33 3.31573 -4.25993e-14)
(265.242 3.65904 -5.16955e-14)
(261.518 3.84808 -5.65425e-14)
(258.252 3.84013 -4.30442e-14)
(255.458 3.68331 -4.40873e-14)
(253.15 3.39566 -4.95479e-14)
(251.286 3.03993 -4.08081e-14)
(249.825 2.65008 -4.12582e-14)
(248.711 2.26125 -5.79555e-14)
(247.869 1.89718 -4.24571e-14)
(247.244 1.56792 -6.90978e-14)
(246.788 1.28089 -4.56406e-14)
(246.46 1.03652 4.11581e-15)
(246.226 0.832554 1.42887e-14)
(246.06 0.664413 -4.11235e-14)
(245.943 0.526827 1.77483e-14)
(245.861 0.415077 -1.19261e-14)
(245.804 0.323948 9.94814e-15)
(245.764 0.250128 2.75382e-14)
(245.737 0.188099 7.35631e-14)
(245.718 0.138788 -8.65952e-15)
(245.709 0.0915036 4.97034e-14)
(245.703 0.063017 2.87012e-14)
(245.708 0.000257823 1.71099e-14)
(324.106 -37.321 3.12868e-14)
(319.089 -42.0834 2.99171e-14)
(312.547 -46.4959 2.7311e-14)
(304.885 -50.987 2.55704e-14)
(295.21 -55.2464 2.30699e-14)
(283.248 -58.8052 2.02201e-14)
(268.891 -60.9612 1.97903e-14)
(252.863 -60.6978 2.02736e-14)
(236.81 -57.0209 2.43157e-14)
(223.484 -49.7312 2.76446e-14)
(214.806 -40.0903 3.46683e-14)
(211.339 -30.0987 3.71074e-14)
(212.025 -21.3506 4.05849e-14)
(215.169 -14.5291 3.98191e-14)
(219.376 -9.57231 4.29897e-14)
(223.73 -6.13897 4.0737e-14)
(227.766 -3.82682 3.95641e-14)
(231.283 -2.30139 3.33314e-14)
(234.235 -1.31498 2.88699e-14)
(236.647 -0.694109 1.87601e-14)
(238.585 -0.306208 1.71552e-14)
(240.12 -0.0757171 3.15839e-14)
(241.327 0.0560766 3.27753e-14)
(242.273 0.124935 2.12289e-14)
(243.013 0.155045 1.34196e-14)
(243.591 0.16147 6.99182e-14)
(244.041 0.154467 9.32713e-14)
(244.391 0.140534 6.63627e-14)
(244.661 0.123421 1.18319e-14)
(244.87 0.105543 -2.44403e-14)
(245.029 0.0882672 -8.17865e-14)
(245.149 0.0723037 -3.73118e-14)
(245.239 0.0577792 -4.90563e-14)
(245.303 0.044985 -1.68418e-13)
(245.349 0.0332869 6.32886e-14)
(245.377 0.0238486 -4.734e-14)
(245.4 0.0132548 6.20235e-14)
(245.406 0.00905055 -2.72473e-14)
(245.427 -0.0120176 -1.08394e-13)
(326.001 -38.4852 2.79838e-14)
(328.806 34.1509 2.80304e-14)
(329.747 28.998 3.10282e-14)
(330.696 25.482 2.88973e-14)
(330.628 21.8134 2.60592e-14)
(330.176 18.4671 2.27491e-14)
(328.886 15.2951 2.04062e-14)
(326.331 12.3167 2.29202e-14)
(322.576 9.55307 2.95439e-14)
(316.832 6.4785 4.17434e-14)
(308.195 4.58655 5.65067e-14)
(300.883 3.56601 7.20378e-14)
(294.873 3.3968 8.08561e-14)
(289.358 3.4081 7.92711e-14)
(284.082 3.64342 5.75979e-14)
(278.994 3.98752 1.92175e-14)
(274.088 4.33355 -2.07072e-14)
(269.437 4.61438 -3.76181e-14)
(265.133 4.75814 -5.22068e-14)
(261.28 4.72045 -5.02028e-14)
(257.927 4.53565 -4.40929e-14)
(255.115 4.19806 -4.01141e-14)
(252.809 3.77859 -5.07496e-14)
(250.98 3.31111 -5.20097e-14)
(249.568 2.83736 -4.4544e-14)
(248.492 2.39177 -5.21906e-14)
(247.69 1.98329 -7.13052e-14)
(247.101 1.62407 -5.48947e-14)
(246.676 1.31683 -4.95604e-14)
(246.372 1.05938 -5.24824e-15)
(246.157 0.846761 1.42913e-14)
(246.007 0.673042 2.59894e-14)
(245.902 0.531945 -2.17419e-14)
(245.829 0.418039 -2.32981e-14)
(245.778 0.325614 -1.16027e-14)
(245.743 0.251046 -9.92801e-15)
(245.72 0.188632 2.80245e-14)
(245.704 0.138915 6.37961e-14)
(245.696 0.0919203 2.03933e-14)
(245.689 0.0634508 2.36841e-14)
(245.694 0.000563235 4.06883e-15)
(320.752 -41.7414 3.06628e-14)
(315.234 -46.631 3.03228e-14)
(308.122 -51.1226 2.78568e-14)
(299.77 -55.648 2.53046e-14)
(289.307 -59.7765 2.32198e-14)
(276.328 -62.9964 2.05391e-14)
(261.02 -64.4133 1.87837e-14)
(244.377 -62.9173 1.89256e-14)
(228.6 -57.6024 2.24426e-14)
(216.367 -48.738 2.71503e-14)
(209.444 -38.1106 2.85226e-14)
(207.793 -27.8162 3.4326e-14)
(209.899 -19.2611 3.75171e-14)
(213.993 -12.8106 3.78705e-14)
(218.767 -8.25193 3.59178e-14)
(223.442 -5.15491 3.34783e-14)
(227.647 -3.103 2.65546e-14)
(231.25 -1.77305 2.57988e-14)
(234.234 -0.936211 1.87658e-14)
(236.656 -0.412777 1.89165e-14)
(238.59 -0.102245 3.03235e-14)
(240.12 0.0757164 3.18907e-14)
(241.324 0.168427 1.52425e-14)
(242.27 0.209146 1.44068e-14)
(243.011 0.217761 5.90248e-14)
(243.59 0.208298 1.02073e-13)
(244.042 0.189619 9.36157e-14)
(244.393 0.166752 2.18621e-14)
(244.664 0.142928 2.23984e-14)
(244.872 0.12011 -5.71277e-14)
(245.031 0.0990753 -7.59456e-14)
(245.15 0.0803088 3.58865e-14)
(245.24 0.0636509 -1.00396e-13)
(245.304 0.049255 -9.58456e-14)
(245.35 0.0362932 -1.66115e-13)
(245.379 0.0259734 -1.72815e-14)
(245.401 0.014492 -5.83833e-14)
(245.408 0.00990698 8.33717e-14)
(245.428 -0.0121684 -5.16034e-14)
(322.856 -43.0121 2.78541e-14)
(326.001 38.4852 2.7568e-14)
(327.078 33.0843 3.12831e-14)
(328.319 29.4144 2.93251e-14)
(328.584 25.6024 2.63436e-14)
(328.376 22.1329 2.32711e-14)
(327.37 18.9 2.03725e-14)
(325.351 15.8955 2.24966e-14)
(322.066 13.1122 2.89676e-14)
(317.602 10.6132 4.00444e-14)
(311.492 8.13021 5.47447e-14)
(304.031 6.6203 7.00397e-14)
(297.11 5.90549 7.96781e-14)
(290.846 5.64464 7.85115e-14)
(285.016 5.67661 6.33352e-14)
(279.483 5.79918 2.68595e-14)
(274.228 5.91994 -1.2456e-14)
(269.316 5.96131 -4.32055e-14)
(264.838 5.85281 -5.17213e-14)
(260.876 5.60979 -5.21793e-14)
(257.496 5.20086 -4.55331e-14)
(254.682 4.70115 -3.867e-14)
(252.418 4.13781 -4.9158e-14)
(250.643 3.56249 -5.05549e-14)
(249.282 3.01491 -6.13604e-14)
(248.26 2.50783 -3.62e-14)
(247.503 2.05928 -5.48897e-14)
(246.954 1.67265 -5.82263e-14)
(246.561 1.34751 -5.24188e-14)
(246.283 1.07827 -1.72917e-14)
(246.089 0.858031 3.22965e-14)
(245.954 0.679534 -7.15142e-15)
(245.861 0.535503 -3.81609e-14)
(245.796 0.419857 -4.4822e-14)
(245.753 0.326441 2.61547e-15)
(245.722 0.251344 3.27713e-14)
(245.703 0.188717 3.65964e-14)
(245.689 0.138766 1.84495e-14)
(245.683 0.0919643 4.93926e-14)
(245.677 0.063707 2.36238e-15)
(245.682 0.000742184 2.12353e-14)
(317.007 -46.3284 3.01769e-14)
(310.958 -51.3585 3.01273e-14)
(303.19 -55.9254 2.80122e-14)
(294.061 -60.4456 2.60703e-14)
(282.697 -64.3899 2.39896e-14)
(268.674 -67.1401 2.06515e-14)
(252.436 -67.6023 1.90768e-14)
(235.378 -64.6099 1.88833e-14)
(220.075 -57.4676 2.0083e-14)
(209.334 -47.0813 2.31773e-14)
(204.431 -35.6557 2.80679e-14)
(204.641 -25.2767 3.14448e-14)
(208.098 -17.0587 2.93201e-14)
(213.048 -11.0644 2.84444e-14)
(218.31 -6.93365 2.43621e-14)
(223.248 -4.17948 2.14227e-14)
(227.586 -2.38905 1.8762e-14)
(231.241 -1.26183 1.88042e-14)
(234.244 -0.556203 1.95442e-14)
(236.662 -0.138039 3.01081e-14)
(238.59 0.102244 3.05055e-14)
(240.116 0.2271 1.57048e-14)
(241.32 0.282252 2.01417e-14)
(242.267 0.29374 4.46008e-14)
(243.011 0.280992 7.93873e-14)
(243.592 0.2558 8.95781e-14)
(244.045 0.225031 7.25747e-14)
(244.396 0.193149 2.14539e-14)
(244.667 0.162655 -3.01658e-14)
(244.874 0.134792 -6.74291e-14)
(245.033 0.110006 -2.50793e-14)
(245.152 0.0884117 4.45227e-15)
(245.242 0.0696114 -1.72657e-13)
(245.306 0.0536049 -4.31108e-14)
(245.352 0.039371 -1.48722e-13)
(245.38 0.0281665 -2.30889e-14)
(245.403 0.0157864 4.07742e-14)
(245.409 0.01081 7.43916e-14)
(245.428 -0.0122288 7.79608e-14)
(319.3 -47.7307 2.77677e-14)
(322.856 43.0121 2.84338e-14)
(324.106 37.321 3.10664e-14)
(325.578 33.4829 2.95134e-14)
(326.103 29.5194 2.69739e-14)
(326.192 25.9068 2.33945e-14)
(325.428 22.5526 2.00753e-14)
(323.665 19.4961 2.21039e-14)
(320.88 16.6977 2.82851e-14)
(316.912 14.1511 3.78057e-14)
(311.767 11.9431 5.34403e-14)
(305.445 10.0471 6.76582e-14)
(298.53 8.85351 8.13482e-14)
(291.825 8.21944 7.92788e-14)
(285.541 7.90596 6.45184e-14)
(279.613 7.72479 3.22988e-14)
(274.058 7.56992 -1.14908e-14)
(268.933 7.32547 -3.52822e-14)
(264.327 6.9707 -5.37399e-14)
(260.328 6.46057 -5.40856e-14)
(256.942 5.85546 -4.80072e-14)
(254.178 5.17188 -3.36201e-14)
(251.974 4.47415 -4.6527e-14)
(250.272 3.79889 -6.238e-14)
(248.978 3.1708 -3.49366e-14)
(248.014 2.61098 -3.37706e-14)
(247.309 2.12496 -5.65333e-14)
(246.803 1.71392 -5.91096e-14)
(246.445 1.37281 -5.23071e-14)
(246.194 1.09318 -4.47491e-14)
(246.02 0.866418 3.30932e-14)
(245.901 0.683937 7.42951e-15)
(245.82 0.537542 -3.98343e-14)
(245.765 0.420568 -9.05302e-15)
(245.727 0.326453 -4.22005e-14)
(245.702 0.251039 2.66036e-14)
(245.686 0.188368 3.75001e-14)
(245.675 0.138368 2.53966e-14)
(245.671 0.0918016 1.21718e-14)
(245.666 0.0637591 1.76864e-15)
(245.671 0.00083524 3.03479e-14)
(312.843 -51.1061 2.97732e-14)
(306.191 -56.2871 3.058e-14)
(297.685 -60.9012 2.8053e-14)
(287.704 -65.3828 2.71385e-14)
(275.317 -69.0652 2.45828e-14)
(260.145 -71.1624 2.19338e-14)
(243.066 -70.4074 1.94035e-14)
(225.743 -65.617 1.82781e-14)
(211.426 -56.5405 2.05914e-14)
(202.56 -44.7463 2.04087e-14)
(199.866 -32.7774 2.39077e-14)
(201.92 -22.5615 2.21049e-14)
(206.623 -14.7879 2.3032e-14)
(212.322 -9.30938 1.99506e-14)
(217.993 -5.62287 2.42235e-14)
(223.139 -3.2161 1.82024e-14)
(227.564 -1.69914 1.92277e-14)
(231.25 -0.749111 2.07331e-14)
(234.251 -0.186254 3.09274e-14)
(236.662 0.138038 3.05638e-14)
(238.585 0.306207 1.72562e-14)
(240.11 0.381008 2.12294e-14)
(241.317 0.396371 3.98807e-14)
(242.267 0.379287 6.73658e-14)
(243.014 0.34524 1.00559e-13)
(243.596 0.303702 7.54232e-14)
(244.049 0.260768 5.6003e-15)
(244.4 0.2198 -6.44058e-16)
(244.67 0.182524 -7.87079e-14)
(244.878 0.149635 -1.0183e-13)
(245.036 0.121057 4.40766e-14)
(245.155 0.096623 -1.22035e-13)
(245.244 0.0756662 -9.62036e-14)
(245.307 0.0580403 -7.72551e-14)
(245.353 0.0425226 -1.60797e-14)
(245.381 0.0304286 -3.93992e-14)
(245.404 0.0171397 7.03924e-14)
(245.41 0.0117626 -1.84196e-13)
(245.43 -0.0122223 5.62493e-14)
(315.342 -52.664 2.77643e-14)
(319.3 47.7307 2.78539e-14)
(320.752 41.7414 3.01859e-14)
(322.521 37.6996 2.97757e-14)
(323.266 33.548 2.713e-14)
(323.575 29.7861 2.32813e-14)
(323.09 26.3002 2.01239e-14)
(321.554 23.1207 2.19628e-14)
(318.987 20.2684 2.68954e-14)
(315.459 17.7035 3.78157e-14)
(310.839 15.4035 4.96986e-14)
(305.135 13.4715 6.71293e-14)
(298.672 11.9698 7.69134e-14)
(291.987 10.9374 7.99683e-14)
(285.471 10.2541 6.85628e-14)
(279.291 9.73994 3.46337e-14)
(273.527 9.24937 2.63178e-15)
(268.27 8.70816 -3.26664e-14)
(263.618 8.04832 -4.96905e-14)
(259.615 7.30025 -6.04976e-14)
(256.292 6.46457 -4.74739e-14)
(253.597 5.61608 -5.22181e-14)
(251.494 4.78198 -4.7368e-14)
(249.873 4.00861 -5.06703e-14)
(248.655 3.30985 -5.05542e-14)
(247.758 2.69955 -3.19031e-14)
(247.11 2.18053 -5.76041e-14)
(246.65 1.7479 -4.64088e-14)
(246.327 1.39271 -5.25567e-14)
(246.104 1.10417 -2.90857e-14)
(245.952 0.871982 8.26272e-15)
(245.848 0.686309 8.33102e-15)
(245.779 0.538114 -5.58991e-15)
(245.733 0.420208 -8.99696e-15)
(245.703 0.325685 7.76552e-16)
(245.682 0.250152 2.66073e-14)
(245.67 0.187601 4.06924e-14)
(245.662 0.137714 2.63253e-14)
(245.659 0.091422 -6.37451e-15)
(245.655 0.0637062 2.79054e-14)
(245.661 0.000822878 1.53807e-14)
(308.207 -56.0992 3.03016e-14)
(300.869 -61.4213 3.06741e-14)
(291.56 -66.0582 2.83366e-14)
(280.618 -70.4418 2.72802e-14)
(267.056 -73.7416 2.56275e-14)
(250.734 -74.9495 2.26591e-14)
(232.774 -72.6626 2.05463e-14)
(215.706 -65.7857 2.04257e-14)
(202.772 -54.7096 1.92527e-14)
(196.209 -41.7394 2.09315e-14)
(195.846 -29.4965 1.91513e-14)
(199.657 -19.6615 2.09954e-14)
(205.478 -12.4707 2.04419e-14)
(211.806 -7.55509 2.23004e-14)
(217.803 -4.32552 1.61095e-14)
(223.09 -2.28607 1.87196e-14)
(227.568 -1.00837 2.20716e-14)
(231.258 -0.251011 3.11065e-14)
(234.251 0.186253 3.14863e-14)
(236.656 0.412776 1.93157e-14)
(238.577 0.514345 2.29179e-14)
(240.106 0.535006 3.58593e-14)
(241.317 0.512209 4.78638e-14)
(242.272 0.466231 1.00526e-13)
(243.02 0.410058 8.94026e-14)
(243.603 0.352069 3.61025e-14)
(244.056 0.296832 3.92736e-14)
(244.406 0.246712 -4.02393e-14)
(244.675 0.202612 -9.92656e-14)
(244.881 0.164625 -3.96005e-14)
(245.039 0.132238 -2.7261e-14)
(245.157 0.104946 -1.4095e-13)
(245.246 0.0818191 -8.04531e-14)
(245.309 0.062564 -7.04569e-14)
(245.355 0.0457524 -1.20036e-13)
(245.383 0.0327626 1.44198e-13)
(245.406 0.0185543 2.21866e-14)
(245.412 0.0127642 9.46143e-14)
(245.431 -0.0121726 1.66463e-13)
(310.933 -57.8411 2.75937e-14)
(315.342 52.664 2.88311e-14)
(317.007 46.3284 3.03276e-14)
(319.089 42.0834 3.03342e-14)
(320.091 37.7117 2.73874e-14)
(320.609 33.77 2.43792e-14)
(320.316 30.135 2.01848e-14)
(319.026 26.822 2.15247e-14)
(316.672 23.8383 2.60429e-14)
(313.34 21.1975 3.59391e-14)
(309.077 18.8579 4.93334e-14)
(303.849 16.7831 6.42628e-14)
(297.765 15.064 7.61207e-14)
(291.256 13.7227 8.06482e-14)
(284.742 12.6686 7.12351e-14)
(278.471 11.7781 4.10445e-14)
(272.621 10.9411 1.95006e-15)
(267.332 10.055 -2.89452e-14)
(262.695 9.10665 -4.65233e-14)
(258.772 8.07935 -4.61607e-14)
(255.533 7.04219 -4.97896e-14)
(252.974 6.01579 -3.69636e-14)
(250.969 5.06363 -5.59402e-14)
(249.449 4.19385 -5.25747e-14)
(248.319 3.42868 -5.03804e-14)
(247.496 2.77425 -4.94745e-14)
(246.908 2.22611 -5.73221e-14)
(246.496 1.77449 -6.28629e-14)
(246.21 1.40725 -5.07236e-14)
(246.015 1.11133 -5.59755e-14)
(245.884 0.874821 4.61059e-15)
(245.797 0.686717 1.46153e-14)
(245.739 0.537263 -1.51132e-14)
(245.702 0.418823 1.78906e-14)
(245.678 0.324165 -5.01127e-14)
(245.663 0.248713 2.92237e-14)
(245.654 0.186448 4.84731e-14)
(245.648 0.136818 2.5761e-14)
(245.647 0.0908744 3.42233e-14)
(245.643 0.0635323 3.89674e-15)
(245.651 0.000767356 1.75994e-14)
(303.027 -61.3123 3.00049e-14)
(294.938 -66.7717 3.1114e-14)
(284.722 -71.3887 2.83959e-14)
(272.621 -75.5989 2.77104e-14)
(257.761 -78.3333 2.58702e-14)
(240.277 -78.366 2.3589e-14)
(221.747 -74.1416 2.10774e-14)
(205.288 -64.9335 2.09555e-14)
(194.33 -51.9363 2.08467e-14)
(190.426 -38.0777 1.80511e-14)
(192.418 -25.9434 1.76756e-14)
(197.848 -16.6537 1.93709e-14)
(204.639 -10.1358 2.06909e-14)
(211.479 -5.81245 1.74349e-14)
(217.705 -3.07249 2.14762e-14)
(223.082 -1.35657 2.50836e-14)
(227.574 -0.337769 3.11456e-14)
(231.258 0.25101 3.13805e-14)
(234.244 0.556202 2.01083e-14)
(236.647 0.694108 1.9257e-14)
(238.574 0.722178 2.66879e-14)
(240.108 0.691947 5.03998e-14)
(241.324 0.629928 8.43806e-14)
(242.281 0.553965 9.12662e-14)
(243.029 0.475508 5.15074e-14)
(243.612 0.400863 3.51173e-14)
(244.063 0.333217 -2.59062e-15)
(244.412 0.273881 -1.04715e-13)
(244.68 0.222908 -4.24058e-14)
(244.886 0.179782 -9.42763e-15)
(245.042 0.143561 -9.52389e-14)
(245.16 0.113388 -7.57599e-14)
(245.248 0.0880774 1.76697e-15)
(245.311 0.0671809 -2.25732e-14)
(245.357 0.0490603 1.00501e-13)
(245.385 0.035169 6.29948e-15)
(245.407 0.0200294 4.76708e-14)
(245.414 0.0138063 -2.48388e-16)
(245.432 -0.0120532 8.67443e-14)
(306.008 -63.2796 2.89024e-14)
(310.933 57.8411 2.89166e-14)
(312.843 51.1061 2.99287e-14)
(315.234 46.631 3.07679e-14)
(316.538 42.0309 2.7488e-14)
(317.33 37.8607 2.51205e-14)
(317.175 34.0546 2.05122e-14)
(316.059 30.585 2.08003e-14)
(313.909 27.4601 2.50128e-14)
(310.778 24.6722 3.39616e-14)
(306.716 22.2092 4.66171e-14)
(301.768 20.0358 6.2804e-14)
(296.041 18.1108 7.665e-14)
(289.79 16.4562 8.16104e-14)
(283.389 15.0497 7.11992e-14)
(277.163 13.7976 4.82503e-14)
(271.349 12.5856 9.55921e-15)
(266.122 11.3628 -2.48185e-14)
(261.595 10.0893 -4.59969e-14)
(257.783 8.818 -4.60631e-14)
(254.724 7.55748 -4.55687e-14)
(252.284 6.38702 -3.89428e-14)
(250.413 5.30717 -3.73062e-14)
(249.005 4.35219 -5.05809e-14)
(247.971 3.52832 -5.98436e-14)
(247.229 2.83511 -4.36268e-14)
(246.705 2.2616 -6.40252e-14)
(246.341 1.79375 -6.47117e-14)
(246.093 1.41658 -5.16257e-14)
(245.927 1.11479 -3.28151e-14)
(245.817 0.874997 -1.89953e-14)
(245.746 0.685239 2.31826e-14)
(245.7 0.535061 -1.0186e-14)
(245.672 0.416438 -2.08883e-14)
(245.654 0.321943 -8.65689e-16)
(245.644 0.246761 5.89056e-14)
(245.638 0.184921 7.79645e-14)
(245.634 0.135735 2.45914e-14)
(245.635 0.0901188 5.01488e-14)
(245.632 0.0632225 3.87308e-14)
(245.641 0.000671776 8.02496e-15)
(297.252 -66.759 2.96492e-14)
(288.318 -72.3413 3.20833e-14)
(276.984 -76.8936 2.80195e-14)
(263.588 -80.7826 2.80612e-14)
(247.319 -82.7144 2.62241e-14)
(228.689 -81.1578 2.40856e-14)
(209.888 -74.6156 2.26129e-14)
(194.736 -62.8807 2.19929e-14)
(186.364 -48.1879 1.89134e-14)
(185.353 -33.8435 1.89723e-14)
(189.619 -22.1203 2.10525e-14)
(196.493 -13.5729 1.88127e-14)
(204.085 -7.80336 1.63831e-14)
(211.294 -4.12621 2.13373e-14)
(217.673 -1.82399 2.54268e-14)
(223.085 -0.453781 3.06067e-14)
(227.574 0.337767 3.13752e-14)
(231.25 0.74911 2.1368e-14)
(234.234 0.93621 1.92636e-14)
(236.645 0.974701 3.28057e-14)
(238.578 0.934876 4.42409e-14)
(240.119 0.851405 7.35274e-14)
(241.337 0.748762 9.36794e-14)
(242.295 0.642587 6.87622e-14)
(243.042 0.541539 4.64895e-14)
(243.623 0.45008 2.40036e-14)
(244.073 0.369931 -6.3213e-14)
(244.42 0.301307 -8.14492e-14)
(244.687 0.243416 -4.41262e-14)
(244.891 0.195127 -3.6575e-14)
(245.046 0.155019 -7.96101e-14)
(245.163 0.121954 -8.96133e-14)
(245.251 0.0944392 -5.59685e-16)
(245.314 0.0718929 -1.11346e-13)
(245.359 0.0524522 2.81216e-14)
(245.387 0.0376501 1.40365e-13)
(245.409 0.021579 -7.24834e-14)
(245.416 0.014899 -1.34629e-14)
(245.434 -0.0118703 6.80095e-14)
(300.512 -69.0004 2.87849e-14)
(306.008 63.2796 2.87228e-14)
(308.207 56.0992 3.02169e-14)
(310.958 51.3585 3.06309e-14)
(312.547 46.4959 2.79127e-14)
(313.623 42.1016 2.57302e-14)
(313.677 38.078 2.06677e-14)
(312.721 34.4081 2.02192e-14)
(310.718 31.1118 2.49832e-14)
(307.752 28.1602 3.20134e-14)
(303.88 25.5266 4.57416e-14)
(299.146 23.1698 6.06605e-14)
(293.668 21.0456 7.33608e-14)
(287.681 19.1169 8.10895e-14)
(281.493 17.3656 7.70019e-14)
(275.412 15.7396 5.09938e-14)
(269.744 14.1617 1.62508e-14)
(264.677 12.5771 -2.10874e-14)
(260.309 11.0148 -4.24504e-14)
(256.729 9.47293 -5.5182e-14)
(253.82 8.03767 -5.46092e-14)
(251.555 6.70437 -4.09519e-14)
(249.828 5.51593 -2.65036e-14)
(248.546 4.48389 -5.29869e-14)
(247.618 3.60889 -4.17503e-14)
(246.959 2.88221 -4.61205e-14)
(246.501 2.28705 -3.18271e-14)
(246.188 1.80588 -7.82479e-14)
(245.978 1.42084 -5.13483e-14)
(245.84 1.11465 -4.80123e-14)
(245.751 0.872669 -8.27438e-15)
(245.696 0.68191 5.43928e-14)
(245.662 0.531551 -4.70486e-15)
(245.642 0.413187 -3.92403e-14)
(245.631 0.319122 -1.68748e-15)
(245.625 0.24444 8.59832e-15)
(245.622 0.183068 3.69441e-14)
(245.621 0.13437 2.56087e-14)
(245.623 0.0892001 2.14087e-14)
(245.621 0.0627684 5.49669e-14)
(245.631 0.00053298 2.15447e-14)
(290.811 -72.4488 2.83196e-14)
(280.813 -78.1491 3.27668e-14)
(268.212 -82.5111 2.88987e-14)
(253.344 -85.9117 2.79058e-14)
(235.584 -86.6899 2.68774e-14)
(215.911 -83.1032 2.51261e-14)
(197.452 -73.7856 2.26198e-14)
(184.304 -59.4906 2.00325e-14)
(179.106 -43.4842 2.11816e-14)
(181.1 -29.1348 2.07811e-14)
(187.454 -18.118 1.9181e-14)
(195.568 -10.4647 1.84954e-14)
(203.75 -5.53779 2.36932e-14)
(211.216 -2.45114 2.6252e-14)
(217.666 -0.608808 3.05813e-14)
(223.085 0.453779 3.08654e-14)
(227.568 1.00837 2.21406e-14)
(231.241 1.26182 1.93098e-14)
(234.235 1.31497 2.92971e-14)
(236.654 1.26292 3.25984e-14)
(238.595 1.15091 6.37949e-14)
(240.139 1.01245 7.60977e-14)
(241.358 0.868846 8.19115e-14)
(242.314 0.732017 6.60048e-14)
(243.059 0.608158 3.60667e-14)
(243.637 0.499715 -2.95281e-14)
(244.084 0.406982 -8.63322e-14)
(244.429 0.329 -3.84907e-14)
(244.694 0.26414 -3.73696e-14)
(244.897 0.210651 -1.96122e-14)
(245.051 0.166646 -5.21374e-14)
(245.167 0.130646 -6.71589e-14)
(245.254 0.100918 -3.41478e-14)
(245.316 0.0767033 -4.5415e-14)
(245.361 0.0559344 4.33642e-14)
(245.389 0.0402031 1.19732e-14)
(245.411 0.0232308 2.34917e-14)
(245.418 0.0160715 -7.12183e-15)
(245.436 -0.0116458 3.77845e-14)
(294.397 -75.0349 3.03153e-14)
(300.512 69.0004 2.87833e-14)
(303.027 61.3123 2.99673e-14)
(306.191 56.2871 3.06988e-14)
(308.122 51.1226 2.843e-14)
(309.481 46.4749 2.59622e-14)
(309.752 42.2138 2.03482e-14)
(309 38.3079 2.02266e-14)
(307.142 34.7958 2.42228e-14)
(304.31 31.6424 3.04737e-14)
(300.593 28.8077 4.25787e-14)
(296.044 26.2377 5.80734e-14)
(290.8 23.8635 7.38021e-14)
(285.072 21.6489 8.11876e-14)
(279.117 19.5716 7.83032e-14)
(273.285 17.5799 5.84417e-14)
(267.848 15.6208 2.28639e-14)
(263.009 13.7089 -1.60607e-14)
(258.934 11.833 -3.79181e-14)
(255.55 10.0823 -5.96639e-14)
(252.865 8.44466 -5.67783e-14)
(250.786 6.97547 -3.58178e-14)
(249.223 5.68785 -4.80351e-14)
(248.078 4.58944 -5.01856e-14)
(247.261 3.67067 -5.31554e-14)
(246.689 2.91557 -4.21973e-14)
(246.297 2.30269 -6.35959e-14)
(246.035 1.81102 -6.49979e-14)
(245.864 1.42024 -4.93784e-14)
(245.754 1.11106 -6.85363e-14)
(245.687 0.867802 -1.51512e-14)
(245.647 0.67701 1.07376e-14)
(245.625 0.527006 5.41062e-16)
(245.614 0.409216 -1.57141e-14)
(245.609 0.315906 3.76265e-14)
(245.607 0.241967 1.1573e-14)
(245.607 0.181014 4.47861e-14)
(245.608 0.132682 2.64369e-14)
(245.612 0.0881182 2.10977e-14)
(245.611 0.0621664 3.06609e-14)
(245.621 0.000353681 1.91122e-14)
(283.508 -78.4204 2.80431e-14)
(272.284 -84.1477 3.31111e-14)
(258.207 -88.1863 2.97563e-14)
(241.65 -90.8201 2.8047e-14)
(222.407 -90.0144 2.77511e-14)
(202.031 -83.7974 2.59154e-14)
(184.626 -71.3488 2.35885e-14)
(174.374 -54.6981 2.2347e-14)
(172.791 -37.9207 2.19085e-14)
(177.72 -24.051 2.07114e-14)
(185.919 -14.0123 2.15413e-14)
(194.982 -7.43054 2.59621e-14)
(203.59 -3.29254 2.85818e-14)
(211.189 -0.816246 3.0258e-14)
(217.666 0.608806 3.07966e-14)
(223.082 1.35657 2.56537e-14)
(227.564 1.69914 1.96823e-14)
(231.25 1.77305 2.63407e-14)
(234.253 1.70539 3.80951e-14)
(236.681 1.55558 5.06643e-14)
(238.626 1.3692 7.08769e-14)
(240.17 1.17525 9.1788e-14)
(241.386 0.990059 7.35852e-14)
(242.338 0.822256 4.1557e-14)
(243.079 0.675353 2.82548e-14)
(243.654 0.549805 -5.71073e-14)
(244.097 0.444378 -6.91434e-14)
(244.439 0.356965 -3.41939e-14)
(244.702 0.285086 -3.58827e-14)
(244.903 0.22636 -2.33403e-14)
(245.056 0.178428 -1.24631e-13)
(245.171 0.139474 4.27258e-15)
(245.257 0.1075 -3.44818e-14)
(245.319 0.0816137 -4.32627e-15)
(245.364 0.0595016 4.28901e-14)
(245.391 0.0428243 -1.95651e-14)
(245.413 0.0249588 4.88543e-15)
(245.42 0.0173002 4.96388e-15)
(245.438 -0.0113877 1.60372e-13)
(287.482 -81.4267 3.04621e-14)
(294.397 75.0349 2.87098e-14)
(297.252 66.759 2.95579e-14)
(300.869 61.4213 3.10062e-14)
(303.19 55.9254 2.87011e-14)
(304.885 50.987 2.6188e-14)
(305.379 46.4489 2.12406e-14)
(304.842 42.2898 2.00931e-14)
(303.161 38.5233 2.34994e-14)
(300.468 35.1216 2.91172e-14)
(296.89 32.0463 4.14662e-14)
(292.523 29.2179 5.5598e-14)
(287.506 26.5704 7.28972e-14)
(282.025 24.0525 8.03916e-14)
(276.371 21.6388 8.0252e-14)
(270.831 19.2741 6.04882e-14)
(265.7 16.966 2.63765e-14)
(261.228 14.706 -8.15087e-15)
(257.406 12.5868 -3.48895e-14)
(254.305 10.5944 -5.5157e-14)
(251.858 8.79029 -5.89947e-14)
(249.99 7.19653 -4.84186e-14)
(248.605 5.824 -3.10833e-14)
(247.606 4.6693 -3.71473e-14)
(246.903 3.71364 -4.53224e-14)
(246.42 2.93535 -4.18278e-14)
(246.096 2.30874 -4.49934e-14)
(245.886 1.80958 -6.125e-14)
(245.752 1.41483 -7.77538e-14)
(245.671 1.10426 -5.2188e-14)
(245.624 0.861061 -1.95961e-14)
(245.6 0.670601 1.34729e-14)
(245.589 0.521854 3.57128e-14)
(245.586 0.405185 -1.14921e-14)
(245.587 0.312411 -5.96369e-14)
(245.589 0.238869 5.92873e-15)
(245.593 0.178462 4.53378e-14)
(245.595 0.130753 2.67868e-14)
(245.601 0.0868624 1.93146e-14)
(245.6 0.0614214 5.63131e-14)
(245.611 0.000135009 2.03277e-14)
(275.205 -84.6297 2.69068e-14)
(262.519 -90.3053 3.21923e-14)
(246.729 -93.788 3.05696e-14)
(228.358 -95.292 2.92097e-14)
(207.628 -92.2728 2.76144e-14)
(187.146 -82.8115 2.69353e-14)
(171.817 -67.0148 2.43935e-14)
(165.399 -48.537 2.32533e-14)
(167.629 -31.6437 2.31525e-14)
(175.236 -18.7012 2.45443e-14)
(184.925 -9.96365 2.71787e-14)
(194.678 -4.4205 2.88732e-14)
(203.527 -1.09396 2.99126e-14)
(211.189 0.816244 3.06946e-14)
(217.673 1.82399 2.56728e-14)
(223.09 2.28606 1.92144e-14)
(227.586 2.38905 1.9084e-14)
(231.283 2.30139 3.33796e-14)
(234.297 2.10165 3.73152e-14)
(236.729 1.85141 6.36705e-14)
(238.673 1.58995 8.37666e-14)
(240.212 1.33961 8.41723e-14)
(241.422 1.11238 6.87288e-14)
(242.368 0.913286 2.55219e-14)
(243.103 0.743123 -2.23003e-14)
(243.673 0.600343 -5.46186e-14)
(244.112 0.482124 -5.19289e-14)
(244.451 0.38521 -5.62487e-14)
(244.711 0.306255 1.42193e-14)
(244.91 0.242254 -6.55352e-14)
(245.061 0.190368 -4.7367e-14)
(245.175 0.148443 -1.13864e-15)
(245.261 0.114213 -1.10094e-13)
(245.322 0.0866245 -4.02628e-14)
(245.367 0.0631526 3.31923e-14)
(245.394 0.0455172 -1.64813e-14)
(245.416 0.0267678 1.08098e-13)
(245.423 0.0185861 -5.37174e-14)
(245.44 -0.0111031 7.30572e-14)
(279.603 -88.1579 3.05428e-14)
(287.482 81.4267 2.87845e-14)
(290.811 72.4488 2.81735e-14)
(294.938 66.7717 3.13195e-14)
(297.685 60.9012 2.84983e-14)
(299.77 55.648 2.59851e-14)
(300.56 50.794 2.23825e-14)
(300.232 46.3359 1.96243e-14)
(298.739 42.2874 2.30578e-14)
(296.211 38.5985 2.77224e-14)
(292.791 35.2346 3.92805e-14)
(288.614 32.1104 5.34602e-14)
(283.817 29.1541 6.81384e-14)
(278.632 26.3149 7.99411e-14)
(273.289 23.5449 8.19501e-14)
(268.114 20.8231 6.56092e-14)
(263.419 18.1472 3.46242e-14)
(259.264 15.6158 -9.65506e-15)
(255.797 13.2169 -3.36021e-14)
(252.996 11.0256 -4.30396e-14)
(250.818 9.06864 -6.65896e-14)
(249.178 7.36895 -5.39477e-14)
(247.982 5.92522 -2.25614e-14)
(247.133 4.7235 -3.37998e-14)
(246.548 3.7379 -5.92955e-14)
(246.155 2.94211 -5.79495e-14)
(245.899 2.30563 -6.03977e-14)
(245.739 1.80146 -5.93191e-14)
(245.643 1.40547 -7.18198e-14)
(245.59 1.09485 -7.95583e-14)
(245.564 0.852744 -2.50961e-14)
(245.555 0.664236 4.88919e-15)
(245.555 0.516378 3.94093e-14)
(245.559 0.399997 -1.22384e-14)
(245.566 0.307871 -8.91825e-15)
(245.572 0.235203 2.96157e-15)
(245.578 0.17559 4.72571e-14)
(245.583 0.128621 2.7519e-14)
(245.589 0.0854587 2.11358e-14)
(245.59 0.0605532 6.33206e-15)
(245.602 -0.000122305 2.15369e-14)
(265.687 -91.068 2.71402e-14)
(251.256 -96.5214 3.18094e-14)
(233.504 -99.1316 3.03726e-14)
(213.184 -98.9628 2.96143e-14)
(191.276 -92.9619 2.82514e-14)
(171.647 -79.6395 2.83577e-14)
(159.619 -60.6894 2.66213e-14)
(157.713 -41.0797 2.55171e-14)
(163.713 -24.8218 2.59419e-14)
(173.564 -13.3439 2.80438e-14)
(184.377 -5.93157 2.94579e-14)
(194.549 -1.46675 2.97899e-14)
(203.527 1.09396 3.00785e-14)
(211.216 2.45114 2.68672e-14)
(217.705 3.07249 2.13224e-14)
(223.139 3.2161 1.96018e-14)
(227.647 3.103 2.72421e-14)
(231.355 2.83736 3.8385e-14)
(234.371 2.50228 4.90186e-14)
(236.799 2.15061 8.48765e-14)
(238.735 1.81284 8.62717e-14)
(240.265 1.5055 7.77516e-14)
(241.466 1.23577 4.86708e-14)
(242.403 1.00509 1.82438e-14)
(243.131 0.81149 -3.88709e-14)
(243.694 0.651335 -7.10305e-14)
(244.129 0.520226 -2.52731e-14)
(244.464 0.413734 -1.25375e-14)
(244.721 0.327652 -2.73344e-14)
(244.918 0.258336 -7.48206e-14)
(245.067 0.202467 -1.13647e-14)
(245.18 0.157551 -6.44588e-14)
(245.264 0.121043 -3.40761e-14)
(245.325 0.0917377 2.56753e-14)
(245.37 0.0668856 1.98365e-14)
(245.396 0.0482785 7.38557e-15)
(245.418 0.0286538 -9.22013e-14)
(245.425 0.0199243 3.54896e-15)
(245.443 -0.0107907 4.89433e-14)
(270.569 -95.2475 3.08366e-14)
(279.603 88.1579 2.90294e-14)
(283.508 78.4204 2.77388e-14)
(288.318 72.3413 3.2034e-14)
(291.56 66.0583 2.88466e-14)
(294.061 60.4456 2.65952e-14)
(295.21 55.2464 2.32708e-14)
(295.133 50.4473 2.00859e-14)
(293.86 46.0689 2.24676e-14)
(291.514 42.0579 2.7106e-14)
(288.29 38.3624 3.73978e-14)
(284.316 34.9025 5.01922e-14)
(279.802 31.6054 6.46626e-14)
(274.905 28.4148 7.92815e-14)
(269.947 25.2821 8.26026e-14)
(265.252 22.1821 7.02925e-14)
(260.931 19.2126 3.99533e-14)
(257.205 16.37 5.85446e-15)
(254.109 13.7412 -3.11639e-14)
(251.646 11.3681 -3.93744e-14)
(249.757 9.28203 -6.78063e-14)
(248.359 7.49411 -5.5704e-14)
(247.359 5.99135 -4.20013e-14)
(246.664 4.75224 -2.90016e-14)
(246.197 3.74441 -6.54297e-14)
(245.893 2.93599 -4.51464e-14)
(245.706 2.294 -3.41159e-14)
(245.596 1.78848 -5.8356e-14)
(245.538 1.39223 -5.3007e-14)
(245.512 1.08425 -3.3613e-14)
(245.506 0.844269 -3.16587e-14)
(245.511 0.656223 2.68734e-15)
(245.521 0.508902 1.05662e-14)
(245.533 0.393742 -1.16142e-14)
(245.545 0.30278 -1.5166e-14)
(245.555 0.231164 -3.32506e-15)
(245.564 0.172451 4.83153e-14)
(245.571 0.126295 2.74349e-14)
(245.579 0.0839192 1.91686e-14)
(245.58 0.0595536 5.60316e-14)
(245.593 -0.000416661 2.64903e-14)
(254.681 -97.6628 2.73131e-14)
(238.17 -102.638 3.10502e-14)
(218.22 -103.879 3.02282e-14)
(195.971 -101.259 2.99388e-14)
(173.561 -91.4155 2.87616e-14)
(156.081 -73.7973 2.82132e-14)
(148.732 -52.3654 2.85997e-14)
(151.698 -32.643 2.78362e-14)
(160.985 -17.803 3.01817e-14)
(172.611 -7.95299 2.98332e-14)
(184.135 -1.96715 2.97583e-14)
(194.549 1.46675 2.99926e-14)
(203.59 3.29254 2.91571e-14)
(211.294 4.12621 2.09183e-14)
(217.803 4.32552 1.58987e-14)
(223.248 4.17948 2.27725e-14)
(227.766 3.82681 3.93526e-14)
(231.471 3.37921 4.24358e-14)
(234.478 2.90743 7.65724e-14)
(236.892 2.45269 8.67528e-14)
(238.813 2.03775 9.23621e-14)
(240.329 1.67279 6.31028e-14)
(241.517 1.36019 2.29248e-14)
(242.443 1.09765 -1.73003e-14)
(243.162 0.880436 -7.54904e-14)
(243.719 0.702776 -4.75493e-14)
(244.148 0.558675 -4.1457e-14)
(244.479 0.442537 -3.84482e-15)
(244.732 0.349275 -9.34289e-14)
(244.926 0.274605 -5.01665e-14)
(245.074 0.214722 -5.70746e-14)
(245.185 0.166793 -6.84193e-14)
(245.269 0.127991 -8.04505e-14)
(245.329 0.0969592 2.97155e-14)
(245.373 0.0707026 1.42119e-14)
(245.399 0.0511104 -8.64109e-15)
(245.421 0.0306139 9.62873e-14)
(245.428 0.0213126 2.29623e-14)
(245.445 -0.0104502 4.34023e-14)
(260.102 -102.664 3.12076e-14)
(270.569 95.2475 2.82259e-14)
(275.205 84.6297 2.66185e-14)
(280.813 78.1491 3.29139e-14)
(284.723 71.3887 2.8928e-14)
(287.704 65.3828 2.73935e-14)
(289.307 59.7765 2.40028e-14)
(289.483 54.612 1.97063e-14)
(288.49 49.8562 2.15733e-14)
(286.369 45.4763 2.68806e-14)
(283.361 41.4088 3.49562e-14)
(279.671 37.576 4.81625e-14)
(275.437 33.9042 6.24174e-14)
(270.914 30.3403 7.74928e-14)
(266.452 26.8121 8.12547e-14)
(262.173 23.3966 7.64344e-14)
(258.34 20.0911 4.60019e-14)
(255.056 16.9896 2.03417e-14)
(252.373 14.1512 -2.47715e-14)
(250.27 11.625 -4.58959e-14)
(248.687 9.43144 -4.75835e-14)
(247.541 7.57196 -5.1091e-14)
(246.741 6.02336 -5.04895e-14)
(246.2 4.75628 -4.09506e-14)
(245.852 3.73321 -4.66147e-14)
(245.64 2.91932 -7.20329e-14)
(245.52 2.27542 -2.20255e-14)
(245.459 1.7714 -5.31306e-14)
(245.437 1.37908 -6.05737e-14)
(245.438 1.07257 -3.89114e-14)
(245.45 0.832685 -3.74534e-14)
(245.468 0.645958 -2.80858e-15)
(245.488 0.500388 1.36431e-14)
(245.508 0.386827 1.70786e-14)
(245.525 0.297222 -1.27265e-14)
(245.539 0.226792 -8.38657e-15)
(245.551 0.169063 5.29375e-14)
(245.559 0.123794 3.93035e-14)
(245.568 0.0822553 7.41304e-14)
(245.57 0.0584453 2.2111e-14)
(245.583 -0.00074017 4.34227e-14)
(241.864 -104.295 2.77373e-14)
(222.883 -108.382 3.09502e-14)
(200.578 -107.485 3.01267e-14)
(176.702 -101.411 3.11677e-14)
(154.914 -86.8272 2.99241e-14)
(141.357 -65.0464 2.9888e-14)
(139.756 -42.2499 2.96398e-14)
(147.38 -23.5987 3.04745e-14)
(159.363 -10.6454 2.94992e-14)
(172.18 -2.63878 2.98048e-14)
(184.135 1.96715 2.9991e-14)
(194.678 4.4205 2.9684e-14)
(203.75 5.53779 2.43627e-14)
(211.479 5.81244 1.86244e-14)
(217.993 5.62287 2.34148e-14)
(223.442 5.15491 3.4196e-14)
(227.948 4.55814 3.7217e-14)
(231.635 3.92681 6.06168e-14)
(234.618 3.31625 8.12249e-14)
(237.009 2.75736 8.3641e-14)
(238.908 2.26449 7.69954e-14)
(240.404 1.84141 5.7469e-14)
(241.576 1.48558 5.17929e-15)
(242.489 1.19095 -5.78425e-14)
(243.198 0.94995 -6.03024e-14)
(243.746 0.754649 -7.5516e-14)
(244.169 0.597465 -2.7373e-14)
(244.495 0.471612 -3.28944e-14)
(244.745 0.371121 -5.49475e-14)
(244.936 0.291058 -7.96088e-14)
(245.081 0.227133 -7.07766e-14)
(245.191 0.176168 -4.48278e-14)
(245.273 0.135052 -5.84823e-14)
(245.333 0.102282 2.91998e-14)
(245.376 0.0746035 7.04721e-16)
(245.403 0.0540068 5.21322e-15)
(245.424 0.0326452 -8.83185e-14)
(245.431 0.0227477 2.68502e-14)
(245.448 -0.0100829 4.05389e-14)
(247.851 -110.328 3.13797e-14)
(260.102 102.664 2.84141e-14)
(265.687 91.0681 2.70187e-14)
(272.284 84.1477 3.30512e-14)
(276.984 76.8936 2.86413e-14)
(280.618 70.4418 2.79514e-14)
(282.697 64.3899 2.3963e-14)
(283.248 58.8052 2.02345e-14)
(282.556 53.6263 2.05103e-14)
(280.746 48.83 2.607e-14)
(278.024 44.3482 3.37733e-14)
(274.634 40.0989 4.41479e-14)
(270.771 36.0338 6.17705e-14)
(266.752 32.0479 7.46865e-14)
(262.725 28.1744 8.41522e-14)
(258.977 24.3969 7.22864e-14)
(255.649 20.8047 6.07364e-14)
(252.854 17.466 1.25294e-14)
(250.608 14.4497 -1.71026e-14)
(248.884 11.7966 -3.44268e-14)
(247.621 9.51839 -4.72957e-14)
(246.73 7.60354 -6.29647e-14)
(246.131 6.02096 -4.02621e-14)
(245.749 4.73822 -3.62559e-14)
(245.52 3.70878 -4.3411e-14)
(245.395 2.89278 -7.26376e-14)
(245.341 2.25361 -6.41562e-14)
(245.328 1.75358 -3.45142e-14)
(245.341 1.36171 -6.40471e-14)
(245.365 1.05599 -6.23047e-14)
(245.395 0.818627 -1.932e-14)
(245.427 0.634416 -3.59744e-14)
(245.457 0.491048 -1.91687e-14)
(245.483 0.379345 -7.85862e-15)
(245.506 0.291256 -1.24754e-14)
(245.524 0.222127 -1.97344e-14)
(245.538 0.165454 7.72316e-14)
(245.548 0.121135 9.31501e-14)
(245.558 0.0804758 -1.09009e-16)
(245.561 0.0571875 8.09351e-15)
(245.574 -0.00108848 1.87712e-14)
(226.817 -110.749 2.75232e-14)
(205.07 -113.241 2.98485e-14)
(180.348 -109.248 2.92451e-14)
(155.606 -98.4329 3.10652e-14)
(136.358 -78.4895 3.0373e-14)
(128.643 -53.608 3.03546e-14)
(133.084 -30.9647 2.98272e-14)
(144.721 -14.1724 2.90119e-14)
(158.615 -3.53631 3.00434e-14)
(172.18 2.63878 2.98698e-14)
(184.377 5.93157 2.99105e-14)
(194.982 7.43054 2.63424e-14)
(204.085 7.80336 1.60507e-14)
(211.806 7.55508 2.17509e-14)
(218.31 6.93365 2.51197e-14)
(223.73 6.13896 4.12022e-14)
(228.2 5.29615 4.78838e-14)
(231.847 4.4787 7.35275e-14)
(234.793 3.72815 8.68003e-14)
(237.15 3.06422 8.13106e-14)
(239.019 2.49283 6.84816e-14)
(240.492 2.01122 2.32834e-14)
(241.644 1.61185 -1.53795e-14)
(242.542 1.28494 -2.72476e-14)
(243.238 1.01999 -4.96358e-14)
(243.777 0.806934 -4.51334e-14)
(244.192 0.63658 -1.99245e-14)
(244.512 0.500949 -6.80686e-14)
(244.758 0.393179 -6.3335e-14)
(244.946 0.307689 -6.04704e-14)
(245.089 0.239695 -1.53545e-14)
(245.197 0.185672 -4.08796e-14)
(245.278 0.142226 -3.4916e-14)
(245.337 0.107702 2.6753e-14)
(245.38 0.0785862 8.00053e-14)
(245.406 0.0569654 -9.56575e-16)
(245.427 0.0347412 -4.14901e-15)
(245.434 0.0242245 2.91762e-14)
(245.452 -0.00969186 3.90458e-14)
(233.377 -118.072 3.17721e-14)
(247.851 110.328 2.87141e-14)
(254.681 97.6628 2.72915e-14)
(262.519 90.3053 3.20034e-14)
(268.212 82.5111 2.94226e-14)
(272.621 75.5989 2.81174e-14)
(275.317 69.0652 2.51474e-14)
(276.328 62.9964 2.06021e-14)
(276.064 57.3447 2.02348e-14)
(274.585 52.0828 2.46847e-14)
(272.23 47.1415 3.08565e-14)
(269.261 42.4495 4.32545e-14)
(265.892 37.9355 5.75138e-14)
(262.327 33.5666 7.13836e-14)
(258.861 29.2963 8.34603e-14)
(255.666 25.2014 8.21118e-14)
(252.897 21.342 5.91443e-14)
(250.619 17.7997 3.0188e-14)
(248.835 14.6375 -1.50454e-14)
(247.506 11.8857 -3.62831e-14)
(246.567 9.54246 -5.29818e-14)
(245.937 7.59157 -5.48091e-14)
(245.541 5.99191 -4.9037e-14)
(245.314 4.70074 -3.30603e-14)
(245.2 3.67432 -5.31685e-14)
(245.162 2.8652 -4.77484e-14)
(245.17 2.22795 -4.45602e-14)
(245.201 1.7278 -3.97619e-14)
(245.245 1.3387 -8.90173e-14)
(245.294 1.03682 -6.16604e-14)
(245.343 0.803001 -5.08468e-14)
(245.387 0.621848 3.63773e-15)
(245.427 0.481 4.49468e-14)
(245.46 0.371352 2.34517e-14)
(245.488 0.284929 -1.63804e-14)
(245.509 0.217197 -2.21913e-14)
(245.526 0.161655 3.31882e-14)
(245.537 0.118337 3.94645e-14)
(245.548 0.0785912 -3.40937e-14)
(245.551 0.0558216 3.60474e-14)
(245.566 -0.00145335 2.93785e-14)
(208.927 -116.571 2.82496e-14)
(184.307 -116.426 3.00242e-14)
(157.546 -107.959 2.9231e-14)
(133.678 -91.2293 3.09506e-14)
(119.178 -66.1646 3.02017e-14)
(118.886 -39.7601 2.96609e-14)
(128.881 -18.7276 2.94148e-14)
(143.46 -4.72212 2.98648e-14)
(158.615 3.53631 3.02367e-14)
(172.611 7.95299 3.027e-14)
(184.925 9.96365 2.77712e-14)
(195.568 10.4647 1.88856e-14)
(204.639 10.1358 2.04655e-14)
(212.322 9.30938 1.9857e-14)
(218.767 8.25193 3.63706e-14)
(224.121 7.1293 3.93497e-14)
(228.525 6.03823 6.62067e-14)
(232.111 5.03365 7.89657e-14)
(235.004 4.14232 8.26335e-14)
(237.316 3.37283 8.37957e-14)
(239.149 2.72249 6.2175e-14)
(240.592 2.18203 2.23932e-14)
(241.721 1.73894 -3.19667e-14)
(242.6 1.37954 -4.42197e-14)
(243.283 1.0905 -7.98034e-14)
(243.811 0.859594 -3.91774e-16)
(244.218 0.675997 -3.31067e-14)
(244.532 0.530531 -4.62883e-14)
(244.773 0.415441 -5.75587e-14)
(244.957 0.32449 -4.06661e-14)
(245.098 0.252401 -1.79411e-14)
(245.204 0.195302 -8.79378e-14)
(245.284 0.149507 -1.41902e-14)
(245.341 0.113217 -9.36003e-15)
(245.384 0.0826489 -7.57257e-14)
(245.41 0.0599836 -6.56326e-14)
(245.431 0.0369103 1.51863e-16)
(245.438 0.0257367 2.87946e-14)
(245.455 -0.00928722 3.86976e-14)
(216.11 -125.518 3.21587e-14)
(233.377 118.072 2.87748e-14)
(241.864 104.295 2.74572e-14)
(251.256 96.5214 3.13698e-14)
(258.207 88.1863 3.02576e-14)
(263.588 80.7826 2.85107e-14)
(267.056 73.7416 2.58429e-14)
(268.674 67.1401 2.15301e-14)
(268.891 60.9612 1.9335e-14)
(267.894 55.1914 2.34869e-14)
(266.051 49.7404 3.01052e-14)
(263.555 44.5764 3.91625e-14)
(260.698 39.6263 5.39257e-14)
(257.724 34.8173 6.76014e-14)
(254.848 30.1907 8.14194e-14)
(252.287 25.7932 8.35291e-14)
(250.112 21.7031 6.86374e-14)
(248.379 17.9919 3.76252e-14)
(247.076 14.7172 -5.50177e-15)
(246.154 11.8966 -3.30908e-14)
(245.543 9.51484 -4.05444e-14)
(245.173 7.54284 -5.91207e-14)
(244.973 5.9405 -6.61578e-14)
(244.897 4.65724 -3.4954e-14)
(244.895 3.63535 -3.93454e-14)
(244.937 2.82527 -3.37837e-14)
(245.001 2.19025 -4.85662e-14)
(245.077 1.69583 -3.96993e-14)
(245.154 1.31243 -5.22869e-14)
(245.227 1.01565 -5.7142e-14)
(245.292 0.786091 -6.57834e-14)
(245.349 0.608343 2.25977e-14)
(245.398 0.470317 1.15527e-14)
(245.438 0.362919 5.84816e-15)
(245.47 0.278282 -5.90616e-14)
(245.495 0.212047 -3.00784e-14)
(245.514 0.157678 3.24386e-14)
(245.527 0.115419 1.03357e-13)
(245.539 0.0766139 2.76004e-14)
(245.542 0.054371 3.00628e-14)
(245.557 -0.00183685 4.54625e-14)
(187.95 -121.261 2.85569e-14)
(160.128 -116.814 3.03141e-14)
(132.816 -102.195 2.97431e-14)
(111.936 -78.5367 2.81997e-14)
(105.355 -49.8779 2.92134e-14)
(112.297 -24.4908 2.92767e-14)
(126.837 -6.26461 2.96483e-14)
(143.46 4.72212 3.00289e-14)
(159.363 10.6454 2.9112e-14)
(173.564 13.3439 2.90181e-14)
(185.919 14.0123 2.23337e-14)
(196.493 13.5729 1.90307e-14)
(205.478 12.4707 2.02054e-14)
(213.048 11.0644 2.86912e-14)
(219.376 9.57231 4.2931e-14)
(224.619 8.12101 5.46545e-14)
(228.925 6.78188 6.74365e-14)
(232.428 5.59007 8.76831e-14)
(235.252 4.55784 7.44025e-14)
(237.508 3.68256 7.96139e-14)
(239.297 2.95313 3.94307e-14)
(240.705 2.35368 -2.16909e-14)
(241.807 1.86666 -3.80422e-14)
(242.666 1.47465 -6.39613e-14)
(243.332 1.16143 -3.92542e-14)
(243.848 0.912584 -4.59544e-14)
(244.246 0.715681 -6.17874e-14)
(244.553 0.560334 -4.93784e-14)
(244.789 0.437889 -8.95821e-14)
(244.97 0.34145 -3.89372e-14)
(245.108 0.265244 -3.50064e-14)
(245.212 0.205051 -3.82227e-14)
(245.29 0.156891 -8.89887e-15)
(245.346 0.118821 6.18116e-14)
(245.389 0.0867891 6.81272e-14)
(245.414 0.0630578 -2.10345e-14)
(245.434 0.0391576 1.08074e-13)
(245.442 0.0273303 2.7693e-14)
(245.459 -0.0088701 3.84853e-14)
(195.248 -131.993 3.24997e-14)
(216.11 125.518 2.89846e-14)
(226.817 110.749 2.70802e-14)
(238.17 102.638 3.0587e-14)
(246.729 93.788 3.08341e-14)
(253.344 85.9117 2.90837e-14)
(257.761 78.3333 2.67552e-14)
(260.145 71.1624 2.16685e-14)
(261.02 64.4133 1.99097e-14)
(260.679 58.0798 2.21461e-14)
(259.404 52.1164 2.99946e-14)
(257.48 46.4491 3.68087e-14)
(255.25 41.0174 5.23373e-14)
(252.926 35.8052 6.70508e-14)
(250.761 30.8326 7.8376e-14)
(248.87 26.1697 8.55575e-14)
(247.333 21.8883 6.89885e-14)
(246.174 18.0542 4.5357e-14)
(245.367 14.706 7.68476e-15)
(244.848 11.8405 -2.50947e-14)
(244.558 9.44347 -3.96261e-14)
(244.441 7.47639 -5.26614e-14)
(244.433 5.87934 -7.01639e-14)
(244.498 4.59431 -4.11501e-14)
(244.597 3.57364 -2.67372e-14)
(244.716 2.77172 -5.46019e-14)
(244.841 2.14584 -4.60815e-14)
(244.959 1.65987 -5.7838e-14)
(245.067 1.28368 -3.29067e-14)
(245.162 0.992737 -5.15819e-14)
(245.244 0.767938 -8.77297e-14)
(245.313 0.594098 -3.63605e-14)
(245.37 0.459092 4.56286e-14)
(245.416 0.354109 2.14628e-14)
(245.453 0.271369 -5.99266e-14)
(245.481 0.20669 -3.80828e-14)
(245.502 0.153564 3.43727e-14)
(245.517 0.112387 1.92179e-14)
(245.529 0.0745498 1.83266e-14)
(245.534 0.0528474 2.94664e-14)
(245.549 -0.00223757 4.65155e-14)
(163.287 -123.474 2.78853e-14)
(132.906 -112.58 3.06056e-14)
(107.102 -89.9197 3.03814e-14)
(93.7553 -60.5109 2.96577e-14)
(95.7863 -31.2298 2.96776e-14)
(109.09 -8.21929 2.94741e-14)
(126.837 6.26461 2.97718e-14)
(144.721 14.1724 2.98245e-14)
(160.985 17.803 3.07607e-14)
(175.236 18.7012 2.56266e-14)
(187.454 18.118 1.8633e-14)
(197.848 16.6537 1.93802e-14)
(206.623 14.7879 2.29513e-14)
(213.993 12.8106 3.79002e-14)
(220.14 10.8864 3.97323e-14)
(225.227 9.10928 5.5831e-14)
(229.403 7.52394 7.79168e-14)
(232.8 6.14613 8.16451e-14)
(235.539 4.97365 8.53878e-14)
(237.728 3.99287 5.96769e-14)
(239.465 3.18437 1.09445e-14)
(240.832 2.52583 -2.13232e-14)
(241.903 1.99484 -4.78384e-14)
(242.738 1.57014 -6.49441e-14)
(243.386 1.23267 -3.35306e-14)
(243.889 0.96584 -5.92951e-14)
(244.277 0.755591 -4.31883e-14)
(244.576 0.590331 -5.77715e-14)
(244.806 0.460502 -5.81623e-14)
(244.983 0.358553 2.40075e-14)
(245.118 0.278213 -7.02145e-14)
(245.22 0.214909 -9.08405e-14)
(245.296 0.164371 8.99012e-15)
(245.352 0.12451 6.62597e-14)
(245.394 0.0910012 6.09652e-14)
(245.419 0.0661997 1.06061e-14)
(245.438 0.041462 1.1601e-14)
(245.446 0.028955 2.87117e-14)
(245.463 -0.00844201 3.16807e-14)
(170.294 -136.383 3.27758e-14)
(195.248 131.993 2.72238e-14)
(208.927 116.571 2.80718e-14)
(222.883 108.382 3.05307e-14)
(233.504 99.1316 3.03162e-14)
(241.65 90.8201 2.8838e-14)
(247.32 82.7144 2.76771e-14)
(250.734 74.9495 2.2702e-14)
(252.436 67.6023 1.95426e-14)
(252.863 60.6978 2.20842e-14)
(252.259 54.1742 2.71725e-14)
(251.06 47.9946 3.56301e-14)
(249.567 42.1019 4.95284e-14)
(248.046 36.4948 6.18138e-14)
(246.643 31.2213 7.61944e-14)
(245.484 26.3433 8.25467e-14)
(244.622 21.9201 7.40644e-14)
(244.034 18.0056 5.23213e-14)
(243.718 14.6177 1.55273e-14)
(243.598 11.7446 -2.51459e-14)
(243.624 9.34699 -3.7331e-14)
(243.742 7.3746 -5.14462e-14)
(243.909 5.778 -5.3853e-14)
(244.106 4.50415 -5.57496e-14)
(244.311 3.49804 -4.80742e-14)
(244.507 2.70999 -5.32353e-14)
(244.687 2.09643 -4.94039e-14)
(244.846 1.62053 -4.57329e-14)
(244.984 1.25252 -6.23549e-14)
(245.101 0.968417 -5.1356e-14)
(245.199 0.748883 -5.98644e-14)
(245.279 0.578938 -3.53982e-14)
(245.344 0.447411 7.75581e-15)
(245.396 0.344985 9.64423e-15)
(245.437 0.264188 1.55307e-14)
(245.468 0.201187 -4.54737e-14)
(245.492 0.149306 2.79718e-14)
(245.507 0.109284 -2.31293e-14)
(245.521 0.0724132 7.38504e-14)
(245.525 0.0512632 2.78884e-14)
(245.541 -0.00265211 2.29709e-14)
(134.46 -121.124 2.65289e-14)
(104.02 -101.92 3.07167e-14)
(84.3409 -70.6056 2.98991e-14)
(80.741 -38.3197 2.95177e-14)
(90.6677 -10.6673 2.94356e-14)
(109.09 8.21929 2.95795e-14)
(128.881 18.7276 2.99848e-14)
(147.38 23.5987 3.08831e-14)
(163.713 24.8218 2.67061e-14)
(177.72 24.051 2.12933e-14)
(189.619 22.1203 2.05385e-14)
(199.657 19.6615 2.09608e-14)
(208.098 17.0587 2.95565e-14)
(215.169 14.5291 3.98944e-14)
(221.065 12.1867 4.70701e-14)
(225.95 10.0896 6.71398e-14)
(229.963 8.26178 8.1782e-14)
(233.23 6.70015 8.25004e-14)
(235.867 5.38857 7.93593e-14)
(237.978 4.30288 4.23205e-14)
(239.653 3.41562 -2.9929e-15)
(240.974 2.69814 -4.13352e-14)
(242.01 2.12322 -4.01091e-14)
(242.818 1.66585 -5.08228e-14)
(243.446 1.30412 -5.74804e-14)
(243.933 1.01929 -3.47002e-14)
(244.31 0.795674 -4.14047e-14)
(244.601 0.620482 -1.01318e-13)
(244.825 0.483255 -1.93224e-14)
(244.997 0.375781 1.04519e-14)
(245.129 0.291292 -1.3955e-13)
(245.228 0.224868 -5.25234e-14)
(245.303 0.171939 2.68327e-14)
(245.358 0.130275 4.14762e-14)
(245.399 0.0952837 -1.74279e-14)
(245.424 0.069398 1.86699e-14)
(245.443 0.0438221 1.55221e-14)
(245.45 0.0306164 1.69518e-14)
(245.467 -0.00800547 6.85069e-14)
(140.776 -136.986 3.233e-14)
(170.294 136.383 2.74103e-14)
(187.95 121.261 2.82139e-14)
(205.07 113.241 2.92418e-14)
(218.22 103.879 3.0857e-14)
(228.358 95.292 2.95529e-14)
(235.584 86.6899 2.74474e-14)
(240.277 78.366 2.38554e-14)
(243.066 70.4074 1.95047e-14)
(244.377 62.9173 2.17452e-14)
(244.716 55.8433 2.61162e-14)
(244.397 49.1573 3.36112e-14)
(243.787 42.8351 4.50707e-14)
(243.137 36.8933 6.30494e-14)
(242.562 31.3744 7.32822e-14)
(242.164 26.3342 8.35736e-14)
(241.99 21.8288 7.76172e-14)
(241.99 17.8758 5.71781e-14)
(242.155 14.4632 2.01999e-14)
(242.403 11.576 -1.10337e-14)
(242.71 9.17838 -4.47769e-14)
(243.054 7.22272 -4.36276e-14)
(243.402 5.64894 -5.4279e-14)
(243.734 4.39765 -6.03297e-14)
(244.039 3.41226 -3.44696e-14)
(244.307 2.64173 -4.88713e-14)
(244.541 2.04227 -5.85587e-14)
(244.74 1.57837 -1.32159e-14)
(244.906 1.2197 -5.69845e-14)
(245.043 0.942271 -5.9003e-14)
(245.156 0.728833 -4.50508e-14)
(245.247 0.56366 -4.72544e-14)
(245.319 0.435379 1.4037e-14)
(245.377 0.335598 -2.04083e-14)
(245.422 0.256837 5.51304e-14)
(245.456 0.19553 -4.32694e-14)
(245.481 0.144953 -4.16857e-14)
(245.498 0.106074 4.35362e-14)
(245.512 0.0702223 7.68326e-14)
(245.517 0.0496264 1.88476e-14)
(245.533 -0.0030783 3.173e-14)
(102.64 -111.642 2.6283e-14)
(76.1956 -81.1365 3.01572e-14)
(67.4393 -45.5321 3.0088e-14)
(73.0571 -13.5709 2.93404e-14)
(90.6677 10.6674 2.94911e-14)
(112.297 24.4908 2.95399e-14)
(133.084 30.9647 3.07907e-14)
(151.698 32.643 2.93102e-14)
(167.629 31.6437 2.48425e-14)
(181.1 29.1348 2.0678e-14)
(192.418 25.9434 1.77426e-14)
(201.92 22.5615 2.153e-14)
(209.899 19.2611 3.66827e-14)
(216.583 16.2035 4.14851e-14)
(222.162 13.4592 5.51909e-14)
(226.792 11.0568 7.38372e-14)
(230.607 8.99238 8.67175e-14)
(233.721 7.24965 8.37098e-14)
(236.239 5.80101 7.03654e-14)
(238.258 4.61153 1.67349e-14)
(239.864 3.64618 -2.04289e-14)
(241.132 2.87014 -3.18711e-14)
(242.127 2.2515 -6.38851e-14)
(242.906 1.76157 -6.6364e-14)
(243.512 1.37563 -1.05991e-14)
(243.982 1.07283 -5.55454e-14)
(244.347 0.835865 -5.4249e-14)
(244.628 0.650745 -9.0797e-14)
(244.846 0.506115 -2.97919e-14)
(245.013 0.39311 -6.52355e-14)
(245.141 0.304466 -1.04054e-13)
(245.238 0.234913 -3.3173e-14)
(245.311 0.179584 3.26094e-14)
(245.364 0.136109 -2.66591e-14)
(245.404 0.0996304 -2.28161e-14)
(245.429 0.0726533 1.83359e-14)
(245.447 0.0462298 6.89112e-15)
(245.455 0.032304 1.03018e-13)
(245.472 -0.0075632 4.17427e-14)
(106.465 -130.764 3.16762e-14)
(140.776 136.986 2.84805e-14)
(163.287 123.474 2.77636e-14)
(184.307 116.426 2.92535e-14)
(200.578 107.485 3.05484e-14)
(213.184 98.9628 2.97814e-14)
(222.407 90.0144 2.75732e-14)
(228.689 81.1578 2.53178e-14)
(232.774 72.6626 2.00198e-14)
(235.378 64.6099 2.05606e-14)
(236.81 57.0209 2.48519e-14)
(237.569 49.88 3.09916e-14)
(237.983 43.1937 4.22107e-14)
(238.288 36.9886 5.45657e-14)
(238.602 31.2967 7.23581e-14)
(238.997 26.153 7.75776e-14)
(239.482 21.5862 8.0677e-14)
(240.019 17.5987 6.45359e-14)
(240.608 14.1858 3.45462e-14)
(241.227 11.3233 -1.0648e-14)
(241.832 8.95948 -3.51402e-14)
(242.403 7.03929 -5.66505e-14)
(242.922 5.49961 -6.18278e-14)
(243.381 4.27824 -6.12216e-14)
(243.781 3.3173 -5.0627e-14)
(244.119 2.56756 -4.42004e-14)
(244.403 1.98489 -5.82951e-14)
(244.639 1.53283 -5.67539e-14)
(244.832 1.18481 -4.32747e-14)
(244.989 0.916104 -8.87687e-14)
(245.115 0.708358 -4.32007e-14)
(245.216 0.54768 -4.62249e-14)
(245.296 0.422857 -2.82147e-14)
(245.359 0.325907 3.121e-14)
(245.408 0.249342 3.42068e-15)
(245.444 0.189741 -3.85461e-14)
(245.472 0.140276 -4.58035e-14)
(245.489 0.102875 2.37013e-14)
(245.504 0.0679677 8.0913e-14)
(245.51 0.0479491 -1.72059e-14)
(245.526 -0.00351401 4.84226e-14)
(69.855 -91.0191 2.80252e-14)
(55.5921 -53.4008 2.90572e-14)
(56.7474 -16.874 2.91583e-14)
(73.0571 13.571 2.96437e-14)
(95.7863 31.2299 2.94472e-14)
(118.886 39.7601 3.0154e-14)
(139.756 42.2499 2.98793e-14)
(157.713 41.0797 2.73304e-14)
(172.791 37.9207 2.24488e-14)
(185.353 33.8435 1.84325e-14)
(195.846 29.4965 1.98653e-14)
(204.641 25.2767 3.11809e-14)
(212.025 21.3505 3.94885e-14)
(218.23 17.8148 4.57204e-14)
(223.429 14.6965 6.21442e-14)
(227.76 11.9995 8.66423e-14)
(231.341 9.71022 8.15304e-14)
(234.274 7.79284 8.1892e-14)
(236.656 6.20935 4.58192e-14)
(238.571 4.91761 7.11926e-15)
(240.097 3.87528 -2.81194e-14)
(241.306 3.0413 -4.2002e-14)
(242.257 2.37932 -5.12906e-14)
(243.002 1.85706 -3.97992e-14)
(243.583 1.44706 -4.35681e-14)
(244.035 1.12636 -5.49515e-14)
(244.386 0.876088 -9.01818e-14)
(244.658 0.681065 -8.3814e-15)
(244.868 0.529045 -3.25668e-14)
(245.03 0.410514 -9.70362e-14)
(245.154 0.317715 -4.04159e-14)
(245.248 0.245031 -1.61279e-14)
(245.319 0.187296 2.61568e-14)
(245.371 0.142002 1.868e-14)
(245.41 0.104036 -2.20239e-14)
(245.434 0.0759544 -4.26978e-14)
(245.452 0.0486779 6.16879e-14)
(245.459 0.0340166 4.87517e-14)
(245.477 -0.00711787 3.82494e-14)
(68.7458 -109.274 3.05336e-14)
(106.465 130.764 3.0366e-14)
(134.46 121.124 2.64144e-14)
(160.128 116.814 2.95425e-14)
(180.348 109.248 2.89456e-14)
(195.971 101.259 3.08047e-14)
(207.628 92.2728 2.8179e-14)
(215.911 83.1032 2.63075e-14)
(221.747 74.1416 1.96475e-14)
(225.743 65.617 2.1166e-14)
(228.6 57.6024 2.30157e-14)
(230.633 50.1034 3.17138e-14)
(232.182 43.1388 3.75009e-14)
(233.493 36.7363 5.26299e-14)
(234.689 30.9274 6.98305e-14)
(235.829 25.7288 7.85377e-14)
(236.969 21.1502 8.16291e-14)
(238.078 17.1895 7.49547e-14)
(239.133 13.822 4.53877e-14)
(240.115 11.0114 2.2037e-15)
(241.002 8.70121 -2.00653e-14)
(241.787 6.83052 -4.68163e-14)
(242.469 5.3325 -6.44257e-14)
(243.05 4.14689 -5.08934e-14)
(243.538 3.21574 -3.92813e-14)
(243.943 2.48817 -3.85101e-14)
(244.274 1.9233 -5.86059e-14)
(244.544 1.48697 -6.16629e-14)
(244.762 1.14935 -2.74323e-14)
(244.937 0.888576 -8.97821e-14)
(245.077 0.686995 -7.09072e-14)
(245.187 0.531167 -5.76222e-14)
(245.274 0.410134 -1.06436e-14)
(245.342 0.316068 7.56094e-14)
(245.394 0.241745 1.66255e-14)
(245.433 0.18386 -2.0319e-14)
(245.462 0.13562 -5.68835e-14)
(245.481 0.0994804 3.00398e-14)
(245.496 0.0656712 -2.27858e-14)
(245.502 0.0462388 4.64302e-14)
(245.519 -0.00395725 2.57933e-14)
(44.8063 -62.3092 2.88671e-14)
(41.3482 -19.9074 2.96238e-14)
(56.7474 16.874 2.94488e-14)
(80.741 38.3197 2.95173e-14)
(105.355 49.8779 2.93953e-14)
(128.643 53.608 3.04895e-14)
(148.732 52.3654 2.94883e-14)
(165.399 48.537 2.55732e-14)
(179.106 43.4842 2.00864e-14)
(190.426 38.0777 1.78705e-14)
(199.866 32.7774 2.50666e-14)
(207.793 27.8162 3.39524e-14)
(214.468 23.3218 3.98939e-14)
(220.114 19.3287 5.02006e-14)
(224.87 15.8735 7.34569e-14)
(228.854 12.9116 8.12831e-14)
(232.167 10.4093 8.69152e-14)
(234.895 8.32394 7.24994e-14)
(237.12 6.61217 3.69532e-14)
(238.917 5.22012 -7.45786e-15)
(240.355 4.10197 -3.15327e-14)
(241.497 3.21096 -5.55873e-14)
(242.398 2.50625 -6.55001e-14)
(243.107 1.95202 -1.77699e-14)
(243.661 1.51819 -5.24179e-14)
(244.093 1.17975 -5.29798e-14)
(244.429 0.916253 -5.55962e-14)
(244.69 0.71138 -3.04719e-14)
(244.892 0.552001 -5.43791e-14)
(245.048 0.427961 -8.10376e-14)
(245.168 0.331014 -6.1625e-14)
(245.259 0.255203 -5.92439e-15)
(245.328 0.195059 -3.20117e-14)
(245.378 0.147943 -2.86697e-14)
(245.416 0.108493 4.91395e-14)
(245.439 0.0792937 1.07667e-14)
(245.457 0.0511558 7.42191e-14)
(245.465 0.0357498 -2.01998e-14)
(245.482 -0.00667086 2.69066e-14)
(37.1425 -70.5231 3.02904e-14)
(68.7458 109.274 2.93977e-14)
(102.64 111.642 2.63196e-14)
(132.906 112.58 2.98042e-14)
(157.546 107.959 2.8913e-14)
(176.702 101.411 3.19287e-14)
(191.276 92.9619 2.86434e-14)
(202.031 83.7974 2.70214e-14)
(209.888 74.6155 2.18391e-14)
(215.706 65.7857 1.87036e-14)
(220.075 57.4676 2.25106e-14)
(223.484 49.7312 2.95501e-14)
(226.261 42.6018 3.53683e-14)
(228.653 36.1068 4.40303e-14)
(230.804 30.271 6.79541e-14)
(232.77 25.0913 7.83161e-14)
(234.586 20.5634 8.31553e-14)
(236.246 16.6726 7.18678e-14)
(237.739 13.3836 6.33101e-14)
(239.066 10.6506 9.17892e-15)
(240.221 8.40884 -2.63564e-14)
(241.211 6.59818 -3.79813e-14)
(242.046 5.15185 -5.53485e-14)
(242.74 4.00632 -5.08306e-14)
(243.311 3.10584 -5.53258e-14)
(243.776 2.40557 -4.00879e-14)
(244.153 1.86084 -3.54561e-14)
(244.455 1.43876 -4.65046e-14)
(244.697 1.11223 -2.52734e-14)
(244.889 0.860059 -5.23121e-14)
(245.041 0.665139 -6.89043e-14)
(245.16 0.51439 -6.25231e-14)
(245.253 0.397216 -8.61562e-15)
(245.325 0.306084 -4.95861e-14)
(245.381 0.234053 1.35071e-14)
(245.422 0.177922 2.2079e-14)
(245.453 0.131135 -6.82743e-14)
(245.473 0.0961863 3.23068e-14)
(245.489 0.0633319 2.05711e-14)
(245.495 0.0445077 7.13529e-14)
(245.512 -0.0044059 3.13891e-14)
(24.8474 -20.5172 2.90529e-14)
(41.3482 19.9074 2.94982e-14)
(67.4393 45.5321 2.95181e-14)
(93.7553 60.5109 2.93906e-14)
(119.178 66.1646 3.02084e-14)
(141.357 65.0464 3.07754e-14)
(159.619 60.6894 2.7649e-14)
(174.374 54.6981 2.37688e-14)
(186.364 48.1879 1.90281e-14)
(196.209 41.7394 2.16124e-14)
(204.431 35.6557 2.9385e-14)
(211.339 30.0987 3.62829e-14)
(217.209 25.1323 4.01024e-14)
(222.23 20.7708 6.23423e-14)
(226.485 16.996 7.86967e-14)
(230.078 13.7739 8.22903e-14)
(233.09 11.0792 8.25552e-14)
(235.586 8.83999 6.20559e-14)
(237.634 7.00441 2.1993e-14)
(239.299 5.51726 -1.66374e-14)
(240.638 4.32567 -4.28491e-14)
(241.706 3.37856 -5.3312e-14)
(242.553 2.63181 -5.20415e-14)
(243.221 2.04615 -2.46338e-14)
(243.745 1.58881 -5.06453e-14)
(244.155 1.23284 -3.37232e-14)
(244.475 0.956256 -6.11471e-14)
(244.724 0.741618 -7.52066e-14)
(244.918 0.574931 -6.79495e-15)
(245.067 0.445414 -1.31739e-13)
(245.183 0.344338 -5.80365e-14)
(245.27 0.26541 2.34779e-14)
(245.337 0.202857 6.58315e-14)
(245.386 0.153922 2.08623e-14)
(245.423 0.11299 -9.80937e-14)
(245.445 0.08266 3.14475e-14)
(245.463 0.0536461 3.06808e-14)
(245.47 0.0374991 -1.83051e-14)
(245.488 -0.00622094 6.97336e-14)
(11.8105 -17.7936 3.13568e-14)
(37.1425 70.5231 2.79769e-14)
(69.855 91.0191 2.8594e-14)
(104.02 101.92 3.01023e-14)
(132.816 102.195 2.86543e-14)
(155.606 98.4329 3.12655e-14)
(173.561 91.4155 3.01622e-14)
(187.146 82.8116 2.81486e-14)
(197.452 73.7856 2.24269e-14)
(205.288 64.9335 1.8206e-14)
(211.426 56.5405 1.91563e-14)
(216.367 48.738 2.59048e-14)
(220.458 41.5871 3.61592e-14)
(223.975 35.1194 4.4359e-14)
(227.092 29.3482 5.74055e-14)
(229.857 24.2589 7.79241e-14)
(232.326 19.8386 8.36625e-14)
(234.521 16.0632 7.69917e-14)
(236.432 12.8814 6.10639e-14)
(238.088 10.2442 3.24001e-14)
(239.495 8.08944 -1.1863e-14)
(240.674 6.34853 -4.36683e-14)
(241.651 4.95505 -4.869e-14)
(242.45 3.8576 -6.78298e-14)
(243.099 2.99448 -4.29654e-14)
(243.621 2.31996 -3.79224e-14)
(244.039 1.79527 -5.75898e-14)
(244.372 1.38866 -3.95394e-14)
(244.636 1.07406 -2.70978e-14)
(244.843 0.831 -4.26493e-14)
(245.007 0.642953 -6.96585e-14)
(245.134 0.497375 -6.62935e-14)
(245.234 0.384135 -3.34934e-14)
(245.31 0.295994 7.39572e-14)
(245.369 0.226295 2.75151e-14)
(245.412 0.171941 -7.37001e-15)
(245.445 0.126598 -7.99536e-14)
(245.465 0.092819 3.63864e-14)
(245.482 0.0609448 -3.21298e-14)
(245.488 0.0427594 2.4996e-14)
(245.505 -0.00485848 3.21002e-14)
(24.8474 20.5172 2.95433e-14)
(55.5921 53.4008 2.92493e-14)
(84.3409 70.6056 2.99181e-14)
(111.936 78.5367 2.96709e-14)
(136.358 78.4895 3.05821e-14)
(156.081 73.7973 3.00071e-14)
(171.817 67.0148 2.68432e-14)
(184.304 59.4906 2.12781e-14)
(194.33 51.9363 1.93482e-14)
(202.56 44.7463 2.0994e-14)
(209.444 38.1106 3.05413e-14)
(215.256 32.1009 3.75517e-14)
(220.254 26.7593 4.68409e-14)
(224.568 22.0782 6.41544e-14)
(228.26 18.0405 8.0628e-14)
(231.431 14.6056 8.27177e-14)
(234.109 11.716 7.09097e-14)
(236.348 9.32989 5.26568e-14)
(238.202 7.38295 9.48155e-15)
(239.717 5.80623 -2.57776e-14)
(240.947 4.54431 -3.94621e-14)
(241.934 3.54358 -5.60191e-14)
(242.721 2.75566 -3.9209e-14)
(243.344 2.13909 -5.87471e-14)
(243.836 1.65867 -4.68174e-14)
(244.222 1.28546 -5.29993e-14)
(244.525 0.995977 -5.25301e-14)
(244.761 0.771697 -4.38134e-15)
(244.945 0.597778 -5.39244e-14)
(245.088 0.462833 -9.59914e-14)
(245.198 0.357657 -4.16911e-14)
(245.283 0.275627 2.69106e-14)
(245.347 0.210675 -3.83261e-14)
(245.394 0.159924 2.16841e-15)
(245.43 0.117516 -4.09218e-14)
(245.452 0.0860463 3.68019e-14)
(245.469 0.0561118 2.22598e-14)
(245.476 0.0392557 1.82888e-14)
(245.493 -0.00576746 4.11526e-14)
(11.8105 17.7936 2.85517e-14)
(44.8063 62.3092 2.97316e-14)
(76.1956 81.1365 2.96986e-14)
(107.102 89.9197 3.00439e-14)
(133.678 91.2293 3.05966e-14)
(154.914 86.8272 3.11206e-14)
(171.647 79.6395 2.85924e-14)
(184.626 71.3488 2.50283e-14)
(194.736 62.8807 2.04139e-14)
(202.772 54.7096 1.92881e-14)
(209.334 47.0813 2.42565e-14)
(214.806 40.0903 3.10801e-14)
(219.484 33.7801 3.94434e-14)
(223.559 28.1704 5.20057e-14)
(227.117 23.2509 7.2498e-14)
(230.212 18.9946 7.80794e-14)
(232.914 15.3672 8.04495e-14)
(235.221 12.3244 6.47685e-14)
(237.182 9.80468 3.19038e-14)
(238.822 7.7389 -4.8184e-15)
(240.177 6.08155 -2.82532e-14)
(241.285 4.75554 -4.34345e-14)
(242.181 3.70408 -3.80393e-14)
(242.902 2.87708 -4.21557e-14)
(243.478 2.23065 -4.89473e-14)
(243.934 1.72757 -2.40869e-14)
(244.295 1.33744 -7.8442e-14)
(244.578 1.03528 -3.85905e-14)
(244.801 0.801526 -7.03763e-15)
(244.975 0.620476 -7.71307e-14)
(245.111 0.48017 -2.77449e-14)
(245.216 0.370935 -2.51696e-14)
(245.296 0.285832 -6.27368e-14)
(245.358 0.218495 5.56302e-14)
(245.403 0.165936 4.02843e-14)
(245.437 0.122058 2.15055e-15)
(245.458 0.0894367 -1.84494e-14)
(245.475 0.0585333 -3.48879e-14)
(245.482 0.041008 2.78209e-14)
(245.499 -0.00531268 3.34023e-14)
)
;

boundaryField
{
    front
    {
        type            empty;
    }
    back
    {
        type            empty;
    }
    airfoil
    {
        type            movingWallSlipVelocity;
        value           uniform (0 0 0);
    }
    freestream
    {
        type            mySubsonicInletTotal;
        inletDirection  uniform (1 0 0);
        value           nonuniform List<vector> 
168
(
(245.597 0 0)
(245.661 0 0)
(245.705 0 0)
(245.749 0 0)
(245.79 0 0)
(245.827 0 0)
(245.855 0 0)
(245.876 0 0)
(245.888 0 0)
(245.893 0 0)
(245.893 0 0)
(245.886 0 0)
(245.874 0 0)
(245.858 0 0)
(245.839 0 0)
(245.819 0 0)
(245.797 0 0)
(245.776 0 0)
(245.755 0 0)
(245.735 0 0)
(245.717 0 0)
(245.7 0 0)
(245.686 0 0)
(245.673 0 0)
(245.661 0 0)
(245.651 0 0)
(245.64 0 0)
(245.63 0 0)
(245.62 0 0)
(245.61 0 0)
(245.6 0 0)
(245.591 0 0)
(245.581 0 0)
(245.572 0 0)
(245.563 0 0)
(245.555 0 0)
(245.546 0 0)
(245.538 0 0)
(245.53 0 0)
(245.523 0 0)
(245.516 0 0)
(245.509 0 0)
(245.502 0 0)
(245.496 0 0)
(245.489 0 0)
(245.484 0 0)
(245.478 0 0)
(245.473 0 0)
(245.468 0 0)
(245.463 0 0)
(245.458 0 0)
(245.454 0 0)
(245.45 0 0)
(245.446 0 0)
(245.443 0 0)
(245.439 0 0)
(245.436 0 0)
(245.433 0 0)
(245.431 0 0)
(245.428 0 0)
(245.426 0 0)
(245.424 0 0)
(245.422 0 0)
(245.42 0 0)
(245.418 0 0)
(245.417 0 0)
(245.416 0 0)
(245.414 0 0)
(245.413 0 0)
(245.412 0 0)
(245.411 0 0)
(245.41 0 0)
(245.409 0 0)
(245.408 0 0)
(245.407 0 0)
(245.406 0 0)
(245.405 0 0)
(245.404 0 0)
(245.403 0 0)
(245.403 0 0)
(245.402 0 0)
(245.401 0 0)
(245.401 0 0)
(245.401 0 0)
(245.401 0 0)
(245.401 0 0)
(245.401 0 0)
(245.402 0 0)
(245.403 0 0)
(245.403 0 0)
(245.404 0 0)
(245.405 0 0)
(245.406 0 0)
(245.407 0 0)
(245.408 0 0)
(245.409 0 0)
(245.41 0 0)
(245.411 0 0)
(245.412 0 0)
(245.413 0 0)
(245.414 0 0)
(245.416 0 0)
(245.417 0 0)
(245.418 0 0)
(245.42 0 0)
(245.422 0 0)
(245.424 0 0)
(245.426 0 0)
(245.428 0 0)
(245.431 0 0)
(245.433 0 0)
(245.436 0 0)
(245.439 0 0)
(245.443 0 0)
(245.446 0 0)
(245.45 0 0)
(245.454 0 0)
(245.458 0 0)
(245.463 0 0)
(245.468 0 0)
(245.473 0 0)
(245.478 0 0)
(245.484 0 0)
(245.489 0 0)
(245.496 0 0)
(245.502 0 0)
(245.509 0 0)
(245.516 0 0)
(245.523 0 0)
(245.53 0 0)
(245.538 0 0)
(245.546 0 0)
(245.555 0 0)
(245.563 0 0)
(245.572 0 0)
(245.581 0 0)
(245.591 0 0)
(245.6 0 0)
(245.61 0 0)
(245.62 0 0)
(245.63 0 0)
(245.64 0 0)
(245.651 0 0)
(245.661 0 0)
(245.673 0 0)
(245.686 0 0)
(245.7 0 0)
(245.717 0 0)
(245.735 0 0)
(245.755 0 0)
(245.776 0 0)
(245.797 0 0)
(245.819 0 0)
(245.839 0 0)
(245.858 0 0)
(245.874 0 0)
(245.886 0 0)
(245.893 0 0)
(245.893 0 0)
(245.888 0 0)
(245.876 0 0)
(245.855 0 0)
(245.827 0 0)
(245.79 0 0)
(245.749 0 0)
(245.705 0 0)
(245.661 0 0)
(245.597 0 0)
)
;
    }
    outlet
    {
        type            inletOutlet;
        inletValue      uniform (0 0 0);
        value           nonuniform List<vector> 
80
(
(245.521 0.0671705 1.35718e-16)
(245.537 0.0571204 1.66901e-14)
(245.541 0.103615 8.89435e-15)
(245.547 0.139505 1.4895e-14)
(245.548 0.177364 2.26339e-14)
(245.549 0.213097 1.43498e-14)
(245.548 0.247297 1.29239e-14)
(245.548 0.278783 -4.01113e-15)
(245.548 0.306955 -1.16743e-14)
(245.548 0.33085 1.14024e-14)
(245.548 0.350031 -3.78378e-15)
(245.549 0.363587 2.06193e-16)
(245.549 0.371263 4.29947e-15)
(245.55 0.374027 1.76434e-16)
(245.55 0.371552 -8.83838e-15)
(245.55 0.363906 -1.77269e-14)
(245.55 0.352797 -2.00579e-14)
(245.551 0.33759 -3.63391e-14)
(245.551 0.31954 -3.74751e-14)
(245.551 0.299134 -5.85151e-14)
(245.551 0.27701 -4.70359e-14)
(245.549 0.253986 -5.15422e-14)
(245.546 0.230525 -5.30475e-14)
(245.541 0.207065 -4.70887e-14)
(245.534 0.183908 -5.2436e-14)
(245.528 0.161576 -5.1301e-14)
(245.522 0.140451 -4.34267e-14)
(245.515 0.120658 -3.52931e-14)
(245.505 0.102253 -3.34972e-14)
(245.493 0.0853331 -1.24653e-14)
(245.478 0.0700219 1.65064e-14)
(245.464 0.0563936 6.41611e-14)
(245.446 0.0445486 6.88826e-14)
(245.411 0.0342452 7.01055e-14)
(245.361 0.0254112 5.68907e-14)
(245.314 0.0185233 4.32379e-14)
(245.215 0.0134563 2.95562e-14)
(244.865 0.00844557 2.35574e-14)
(244.477 0.00479174 2.35294e-14)
(241.408 0.00176332 2.71258e-14)
(241.408 -0.00175846 2.90638e-14)
(244.477 -0.00478755 2.36521e-14)
(244.865 -0.00844115 2.38811e-14)
(245.215 -0.0134517 2.94339e-14)
(245.314 -0.0185188 4.24975e-14)
(245.361 -0.0254067 5.59652e-14)
(245.411 -0.0342406 6.94636e-14)
(245.446 -0.0445441 6.79662e-14)
(245.464 -0.0563891 6.22474e-14)
(245.478 -0.0700175 1.0764e-14)
(245.493 -0.0853287 -1.98432e-14)
(245.505 -0.102249 -3.88323e-14)
(245.515 -0.120654 -4.07151e-14)
(245.522 -0.140447 -4.86217e-14)
(245.528 -0.161572 -5.40769e-14)
(245.534 -0.183904 -5.25086e-14)
(245.541 -0.207062 -5.01208e-14)
(245.546 -0.230521 -5.0526e-14)
(245.549 -0.253983 -5.09469e-14)
(245.551 -0.277007 -4.50514e-14)
(245.551 -0.299131 -5.15055e-14)
(245.551 -0.319537 -3.2014e-14)
(245.551 -0.337588 -2.46313e-14)
(245.55 -0.352794 1.0169e-15)
(245.55 -0.363904 -4.37885e-15)
(245.55 -0.37155 -5.71864e-15)
(245.55 -0.374025 -1.50478e-14)
(245.549 -0.371262 1.72351e-15)
(245.549 -0.363586 1.24518e-14)
(245.548 -0.350029 2.55375e-14)
(245.548 -0.330848 1.78441e-14)
(245.548 -0.306954 2.09181e-14)
(245.548 -0.278781 2.33029e-14)
(245.548 -0.247295 2.63184e-14)
(245.549 -0.213096 2.92397e-14)
(245.548 -0.177362 4.22102e-14)
(245.547 -0.139504 3.2854e-14)
(245.541 -0.103614 1.74654e-14)
(245.537 -0.0571198 2.58883e-14)
(245.521 -0.0671702 8.81887e-15)
)
;
    }
}


// ************************************************************************* //
