/*--------------------------------*- C++ -*----------------------------------*\
| =========                 |                                                 |
| \\      /  F ield         | OpenFOAM: The Open Source CFD Toolbox           |
|  \\    /   O peration     | Version:  v2012                                 |
|   \\  /    A nd           | Website:  www.openfoam.com                      |
|    \\/     M anipulation  |                                                 |
\*---------------------------------------------------------------------------*/
FoamFile
{
    version     2.0;
    format      ascii;
    class       volVectorField;
    location    "1.571934130073674";
    object      U_0;
}
// * * * * * * * * * * * * * * * * * * * * * * * * * * * * * * * * * * * * * //

dimensions      [0 1 -1 0 0 0 0];


internalField   nonuniform List<vector> 
6720
(
(245.521 0.0671486 1.71066e-16)
(245.537 0.0571136 1.67245e-14)
(245.636 0.0206493 3.03576e-15)
(245.541 0.103606 8.90508e-15)
(245.647 0.0528645 2.32018e-14)
(245.666 0.0342994 3.8587e-15)
(245.547 0.139491 1.48882e-14)
(245.658 0.0912081 6.41503e-15)
(245.686 0.052601 1.95389e-14)
(245.718 0.0299685 2.00085e-15)
(245.548 0.177348 2.2605e-14)
(245.666 0.128565 1.91551e-14)
(245.691 0.0911834 1.17415e-14)
(245.736 0.0489926 1.07058e-14)
(245.76 0.0297175 -7.75483e-16)
(245.549 0.213079 1.43146e-14)
(245.668 0.167413 2.16021e-14)
(245.699 0.127082 2.07439e-14)
(245.749 0.0856223 1.48638e-14)
(245.779 0.0446674 1.77124e-14)
(245.798 0.0277713 3.42168e-15)
(245.548 0.247278 1.28884e-14)
(245.668 0.205895 1.0326e-14)
(245.702 0.166551 2.87118e-14)
(245.759 0.119894 1.17931e-14)
(245.795 0.0794664 1.17762e-14)
(245.818 0.0389925 1.65353e-14)
(245.829 0.0257423 3.6718e-15)
(245.548 0.278762 -4.04009e-15)
(245.665 0.24402 1.34341e-14)
(245.703 0.205078 1.13904e-14)
(245.767 0.159135 2.89254e-14)
(245.809 0.111574 6.80803e-15)
(245.838 0.0706622 1.24231e-14)
(245.85 0.0319331 1.20955e-14)
(245.853 0.0233498 8.47068e-15)
(245.548 0.306936 -1.16967e-14)
(245.66 0.279936 -2.67787e-15)
(245.702 0.244058 1.61875e-14)
(245.771 0.19879 4.44439e-15)
(245.821 0.150042 2.32688e-14)
(245.856 0.100006 2.16833e-14)
(245.874 0.0599338 2.39629e-14)
(245.876 0.0230791 3.12362e-15)
(245.867 0.0207815 3.84031e-15)
(245.548 0.330832 1.13846e-14)
(245.651 0.31312 1.35022e-15)
(245.698 0.281289 -1.37073e-15)
(245.773 0.240261 7.1779e-15)
(245.829 0.190064 1.602e-14)
(245.874 0.136762 2.3566e-14)
(245.897 0.0858089 2.31375e-14)
(245.902 0.0472635 1.14847e-14)
(245.893 0.0137625 2.34775e-14)
(245.877 0.0171686 5.50906e-15)
(245.548 0.350015 -3.80062e-15)
(245.639 0.34236 5.85386e-15)
(245.689 0.316421 -3.40085e-16)
(245.769 0.281307 -2.51369e-15)
(245.835 0.233416 1.43513e-14)
(245.889 0.176606 -1.12522e-14)
(245.921 0.120209 2.22311e-14)
(245.93 0.0689222 2.04409e-14)
(245.922 0.0334938 1.13061e-14)
(245.902 0.00374367 1.1361e-14)
(245.879 0.0143589 4.54938e-15)
(245.549 0.363574 1.89904e-16)
(245.624 0.366675 -2.9252e-16)
(245.675 0.347971 7.1758e-15)
(245.759 0.321534 6.20603e-16)
(245.834 0.277883 -9.70111e-15)
(245.902 0.221743 1.25404e-14)
(245.945 0.159192 9.1598e-15)
(245.962 0.0998707 2.87299e-14)
(245.955 0.0487914 1.15932e-14)
(245.934 0.0184785 4.78713e-15)
(245.903 -0.0056751 1.59504e-14)
(245.875 0.0123609 -2.68721e-15)
(245.549 0.371252 4.28357e-15)
(245.606 0.385129 1.35356e-14)
(245.656 0.375022 2.91736e-15)
(245.742 0.359158 5.47724e-16)
(245.825 0.322907 1.39384e-15)
(245.908 0.270177 -1.18615e-14)
(245.967 0.205229 6.71281e-15)
(245.996 0.136621 1.6512e-14)
(245.995 0.0759759 1.53984e-14)
(245.972 0.0280365 2.3074e-14)
(245.937 0.00350655 1.73505e-14)
(245.898 -0.0151726 2.27617e-14)
(245.865 0.0105192 6.738e-15)
(245.55 0.374018 1.64317e-16)
(245.586 0.397595 8.51817e-15)
(245.632 0.396275 7.49921e-15)
(245.718 0.393011 7.43685e-15)
(245.808 0.366508 4.79549e-16)
(245.905 0.321158 3.27888e-15)
(245.982 0.256974 5.53463e-15)
(246.029 0.182328 -7.77877e-15)
(246.038 0.109429 2.7517e-14)
(246.018 0.0490524 2.71546e-14)
(245.979 0.00647688 1.98906e-14)
(245.934 -0.0114576 1.10784e-14)
(245.889 -0.0235329 7.39836e-15)
(245.852 0.00869729 7.34261e-15)
(245.55 0.371548 -8.84726e-15)
(245.566 0.404348 -1.13078e-15)
(245.605 0.41095 1.61802e-15)
(245.687 0.421898 1.644e-14)
(245.78 0.407159 1.36285e-14)
(245.89 0.372824 -5.37028e-17)
(245.986 0.313672 -1.3519e-15)
(246.057 0.236117 -3.36076e-15)
(246.085 0.153334 1.42855e-14)
(246.073 0.0770915 1.7995e-14)
(246.032 0.0208761 1.38784e-14)
(245.979 -0.0148835 1.66667e-14)
(245.925 -0.0257394 -3.15127e-15)
(245.877 -0.031429 -3.44519e-15)
(245.835 0.00694074 5.45229e-15)
(245.55 0.363904 -1.77237e-14)
(245.542 0.405263 -7.56091e-15)
(245.576 0.419912 -2.82642e-15)
(245.649 0.444485 -3.78764e-15)
(245.742 0.442856 1.69045e-14)
(245.863 0.423261 6.72302e-16)
(245.978 0.373354 -5.58441e-16)
(246.074 0.298247 4.78421e-15)
(246.127 0.207717 5.49671e-16)
(246.132 0.118225 1.58545e-14)
(246.096 0.0426368 8.84876e-15)
(246.037 -0.00785836 1.53674e-14)
(245.971 -0.0356847 1.98592e-14)
(245.909 -0.0394348 3.25177e-14)
(245.859 -0.0388304 1.21931e-14)
(245.817 0.00528467 1.03959e-15)
(245.55 0.352799 -2.00401e-14)
(245.519 0.400833 -2.92209e-14)
(245.546 0.422986 -1.79644e-14)
(245.607 0.45988 -8.69826e-15)
(245.696 0.471956 -7.30024e-15)
(245.823 0.470217 3.92746e-15)
(245.954 0.433992 8.92885e-15)
(246.077 0.366467 -1.0827e-15)
(246.161 0.273496 -1.20492e-14)
(246.191 0.171139 3.17757e-15)
(246.169 0.0770628 -6.83414e-15)
(246.109 0.00613758 1.45332e-14)
(246.032 -0.0357827 1.27325e-14)
(245.957 -0.0553668 7.49434e-16)
(245.891 -0.0506899 1.74666e-15)
(245.839 -0.045037 -3.59617e-15)
(245.798 0.00382228 1.17769e-14)
(245.551 0.337594 -3.62985e-14)
(245.498 0.391557 -2.82003e-14)
(245.515 0.420564 -2.09291e-14)
(245.562 0.468101 -1.76968e-14)
(245.642 0.492697 -7.34337e-15)
(245.77 0.511615 -1.09556e-14)
(245.913 0.492571 -2.51558e-15)
(246.061 0.438512 1.53408e-14)
(246.179 0.349466 -4.70723e-15)
(246.245 0.238416 2.11989e-15)
(246.246 0.127093 9.2024e-17)
(246.194 0.0334187 4.99807e-15)
(246.111 -0.0300457 1.38868e-14)
(246.021 -0.0627082 3.50344e-14)
(245.938 -0.0730349 1.59733e-14)
(245.87 -0.0607232 1.95555e-14)
(245.818 -0.0501149 1.0793e-14)
(245.778 0.00259361 2.19654e-14)
(245.551 0.319545 -3.74045e-14)
(245.479 0.377874 -3.18776e-14)
(245.484 0.41255 -3.12809e-14)
(245.515 0.468727 -2.50465e-14)
(245.585 0.506518 -1.08266e-14)
(245.705 0.544244 -3.12814e-15)
(245.855 0.545909 -2.34445e-14)
(246.025 0.511384 -8.00531e-15)
(246.178 0.432949 4.06217e-15)
(246.285 0.320158 -1.41271e-15)
(246.321 0.193529 2.94658e-15)
(246.288 0.0758686 -7.63617e-16)
(246.206 -0.0120171 -1.36282e-15)
(246.103 -0.0655479 1.13179e-14)
(246.002 -0.0871543 -4.03718e-15)
(245.915 -0.0886376 1.82112e-14)
(245.848 -0.0688947 2.13037e-14)
(245.796 -0.0541857 4.98327e-15)
(245.759 0.00158697 3.1462e-15)
(245.551 0.299139 -5.84082e-14)
(245.459 0.360556 -4.6159e-14)
(245.454 0.399081 -3.0796e-14)
(245.468 0.462495 -2.6707e-14)
(245.525 0.512014 -3.36048e-14)
(245.633 0.568569 -1.46882e-14)
(245.78 0.590528 -5.8986e-15)
(245.967 0.58134 -7.42313e-15)
(246.152 0.520692 8.30563e-16)
(246.303 0.414583 7.19326e-15)
(246.387 0.278118 -4.4011e-16)
(246.386 0.139453 8.56769e-15)
(246.316 0.0216795 5.52839e-15)
(246.206 -0.0569759 2.66342e-14)
(246.087 -0.0987228 3.567e-14)
(245.979 -0.109153 3.14864e-14)
(245.89 -0.101616 1.99457e-14)
(245.825 -0.0755323 2.52088e-14)
(245.775 -0.0573192 -7.16472e-15)
(245.741 0.000787064 -4.78269e-15)
(245.551 0.277014 -4.69129e-14)
(245.44 0.339898 -5.71638e-14)
(245.426 0.381439 -4.74988e-14)
(245.422 0.450138 -3.91767e-14)
(245.463 0.509685 -2.79557e-14)
(245.554 0.582198 -3.21531e-14)
(245.692 0.624298 -2.20472e-14)
(245.888 0.644736 -2.23422e-15)
(246.098 0.60847 -2.12821e-14)
(246.294 0.517819 -2.36654e-15)
(246.432 0.381086 -1.18854e-14)
(246.479 0.223718 -9.63254e-15)
(246.436 0.0767031 3.91659e-15)
(246.329 -0.0339076 4.20358e-15)
(246.195 -0.100496 3.76001e-15)
(246.063 -0.128939 1.16864e-14)
(245.952 -0.127841 1.36113e-14)
(245.864 -0.112157 1.88814e-14)
(245.802 -0.080725 3.87199e-14)
(245.755 -0.0596477 2.19283e-14)
(245.724 0.000173136 2.24003e-14)
(245.549 0.253989 -5.14164e-14)
(245.422 0.316939 -4.87715e-14)
(245.4 0.359989 -5.38651e-14)
(245.379 0.432212 -5.27971e-14)
(245.402 0.499866 -4.09217e-14)
(245.472 0.585245 -3.30917e-14)
(245.597 0.647893 -3.50421e-14)
(245.788 0.696498 -2.07241e-14)
(246.016 0.691079 -1.67753e-15)
(246.253 0.625434 -7.93246e-15)
(246.447 0.499112 -4.06128e-15)
(246.557 0.331357 1.94589e-14)
(246.558 0.15834 -2.26477e-14)
(246.469 0.0102299 -1.22092e-14)
(246.327 -0.0890448 -5.58047e-15)
(246.174 -0.140905 1.44672e-15)
(246.035 -0.155308 1.21697e-14)
(245.923 -0.143382 3.44718e-14)
(245.839 -0.120445 1.70496e-14)
(245.78 -0.0846539 -6.4068e-15)
(245.736 -0.0613052 2.08454e-14)
(245.708 -0.000278339 9.93452e-15)
(245.546 0.230528 -5.29422e-14)
(245.404 0.292197 -5.45915e-14)
(245.376 0.335915 -4.65002e-14)
(245.338 0.409783 -4.55227e-14)
(245.342 0.483177 -5.8795e-14)
(245.39 0.578684 -4.48535e-14)
(245.496 0.6594 -3.23486e-14)
(245.675 0.7367 -3.64953e-14)
(245.907 0.76287 -2.2887e-14)
(246.176 0.731818 -1.18254e-14)
(246.425 0.626992 -2.93523e-15)
(246.605 0.461739 -1.86345e-15)
(246.671 0.266749 -3.38461e-15)
(246.62 0.0829951 8.12362e-15)
(246.485 -0.0573586 1.52115e-14)
(246.313 -0.141837 2.79964e-14)
(246.146 -0.17722 8.92029e-16)
(246.004 -0.177892 5.67387e-15)
(245.894 -0.155915 1.23805e-14)
(245.814 -0.126762 1.05543e-14)
(245.759 -0.0875157 5.42203e-14)
(245.718 -0.0624296 9.20306e-15)
(245.694 -0.000579555 2.26421e-14)
(245.541 0.207068 -4.70458e-14)
(245.385 0.266341 -5.1359e-14)
(245.353 0.309906 -5.33459e-14)
(245.3 0.383802 -4.29631e-14)
(245.285 0.460588 -3.83759e-14)
(245.309 0.563214 -5.98982e-14)
(245.393 0.659337 -4.73335e-14)
(245.55 0.761491 -3.17178e-14)
(245.773 0.819414 -3.80654e-14)
(246.065 0.830669 -3.03802e-14)
(246.362 0.758657 -2.19326e-14)
(246.612 0.609459 -5.97804e-15)
(246.76 0.4045 -2.87386e-15)
(246.769 0.188762 -1.14271e-14)
(246.662 0.00179732 -1.91362e-14)
(246.484 -0.124182 3.7351e-15)
(246.289 -0.190612 -1.67574e-16)
(246.113 -0.20887 -3.24635e-16)
(245.971 -0.196457 2.19962e-15)
(245.866 -0.165788 1.71534e-14)
(245.79 -0.131412 -1.9388e-14)
(245.74 -0.0895149 -8.83852e-15)
(245.703 -0.0631491 1.33845e-14)
(245.682 -0.000755968 5.45661e-15)
(245.534 0.18391 -5.24929e-14)
(245.367 0.240015 -5.02583e-14)
(245.331 0.282758 -5.45032e-14)
(245.264 0.355227 -5.46305e-14)
(245.233 0.433168 -4.97685e-14)
(245.233 0.540187 -3.3912e-14)
(245.29 0.648356 -4.64942e-14)
(245.419 0.770674 -5.09984e-14)
(245.627 0.861114 -3.74241e-14)
(245.919 0.914532 -3.42418e-14)
(246.253 0.886296 -3.73355e-14)
(246.572 0.767525 -2.49164e-14)
(246.807 0.569526 -2.34148e-14)
(246.902 0.32899 1.65245e-16)
(246.847 0.0997799 1.47171e-14)
(246.682 -0.0799964 7.77875e-15)
(246.468 -0.187941 -3.35366e-14)
(246.256 -0.234272 3.94725e-15)
(246.077 -0.235726 2.27444e-15)
(245.938 -0.211331 1.51639e-15)
(245.839 -0.173322 1.91694e-14)
(245.769 -0.134695 4.52348e-14)
(245.724 -0.0908383 2.04045e-14)
(245.69 -0.0635799 1.80581e-14)
(245.672 -0.00084693 -1.95324e-15)
(245.528 0.161578 -5.13448e-14)
(245.349 0.213757 -5.19721e-14)
(245.309 0.255104 -4.58873e-14)
(245.231 0.324975 -5.42428e-14)
(245.185 0.402305 -5.45838e-14)
(245.162 0.510596 -5.72951e-14)
(245.191 0.627261 -3.99293e-14)
(245.287 0.765539 -5.08055e-14)
(245.469 0.88446 -5.474e-14)
(245.75 0.98162 -3.72699e-14)
(246.102 1.00151 -3.96947e-14)
(246.478 0.928312 -3.31692e-14)
(246.801 0.753719 -1.99195e-14)
(247 0.505366 -5.72062e-15)
(247.027 0.237208 1.65791e-14)
(246.902 0.00208859 1.72056e-15)
(246.684 -0.160404 1.07941e-14)
(246.44 -0.246664 2.02256e-14)
(246.218 -0.272181 1.17775e-15)
(246.039 -0.257808 4.01021e-16)
(245.907 -0.22298 1.85678e-15)
(245.814 -0.178897 2.1829e-14)
(245.75 -0.136893 1.57899e-14)
(245.709 -0.0916576 -1.18788e-14)
(245.678 -0.0638336 3.93607e-14)
(245.661 -0.000832659 2.60516e-14)
(245.522 0.140452 -4.35705e-14)
(245.334 0.187954 -4.50339e-14)
(245.289 0.227451 -5.22964e-14)
(245.2 0.293817 -4.78765e-14)
(245.141 0.369062 -4.84863e-14)
(245.096 0.476427 -5.43561e-14)
(245.097 0.597796 -5.78874e-14)
(245.158 0.747035 -3.80865e-14)
(245.307 0.890118 -4.90277e-14)
(245.561 1.02647 -4.3965e-14)
(245.909 1.09581 -3.82446e-14)
(246.329 1.08109 -3.3765e-14)
(246.732 0.9483 -3.48727e-14)
(247.04 0.713328 -2.31079e-14)
(247.179 0.419018 -1.06154e-14)
(247.128 0.132768 -9.82335e-15)
(246.932 -0.0969304 2.34618e-15)
(246.668 -0.237065 4.63525e-15)
(246.403 -0.299126 -9.48066e-15)
(246.177 -0.304266 -9.74225e-17)
(246.003 -0.275447 -2.34961e-14)
(245.877 -0.2319 -9.62953e-16)
(245.792 -0.182877 1.57129e-14)
(245.733 -0.138277 2.61316e-14)
(245.696 -0.0920742 1.68391e-14)
(245.666 -0.0638815 3.96986e-14)
(245.651 -0.000775409 1.15571e-14)
(245.515 0.12066 -3.54803e-14)
(245.321 0.162966 -4.30029e-14)
(245.272 0.200278 -4.49201e-14)
(245.172 0.262573 -5.30712e-14)
(245.101 0.334525 -4.85619e-14)
(245.036 0.438697 -4.50444e-14)
(245.01 0.56079 -5.20086e-14)
(245.036 0.71669 -5.65957e-14)
(245.145 0.878972 -3.63884e-14)
(245.361 1.04795 -4.48431e-14)
(245.691 1.16783 -5.08927e-14)
(246.126 1.21545 -4.22287e-14)
(246.597 1.14177 -3.41058e-14)
(247.011 0.941761 -2.43335e-14)
(247.28 0.643983 -3.6672e-14)
(247.338 0.312851 -2.52593e-14)
(247.201 0.0189271 -1.55689e-14)
(246.94 -0.193355 8.44285e-16)
(246.638 -0.307749 -1.84071e-14)
(246.36 -0.344654 2.14802e-14)
(246.135 -0.330717 -5.88939e-15)
(245.968 -0.289368 -1.15347e-15)
(245.85 -0.238521 4.22558e-14)
(245.772 -0.185636 9.03171e-15)
(245.718 -0.138987 5.335e-14)
(245.683 -0.0921177 -1.25625e-14)
(245.655 -0.0638249 1.21652e-14)
(245.641 -0.000678021 2.44283e-14)
(245.505 0.102255 -3.36794e-14)
(245.307 0.139198 -3.58768e-14)
(245.257 0.174109 -4.32419e-14)
(245.148 0.231742 -4.30435e-14)
(245.065 0.299511 -5.3625e-14)
(244.981 0.398802 -4.89305e-14)
(244.931 0.518914 -4.75267e-14)
(244.921 0.677287 -5.48231e-14)
(244.988 0.852251 -5.22121e-14)
(245.158 1.0475 -4.91952e-14)
(245.454 1.21292 -5.03236e-14)
(245.883 1.32597 -5.32892e-14)
(246.395 1.32262 -4.44148e-14)
(246.904 1.17853 -4.14219e-14)
(247.304 0.904326 -3.4662e-14)
(247.505 0.548065 -1.70607e-14)
(247.47 0.192282 -2.17338e-14)
(247.246 -0.0998947 -3.27801e-14)
(246.927 -0.285132 2.43979e-14)
(246.599 -0.37085 2.96284e-14)
(246.315 -0.3832 1.60028e-14)
(246.095 -0.352016 -2.42085e-14)
(245.936 -0.300054 -2.4431e-15)
(245.827 -0.243343 -3.32746e-15)
(245.754 -0.187371 -2.40127e-14)
(245.704 -0.139112 -1.86968e-14)
(245.671 -0.0919532 2.72389e-14)
(245.644 -0.0636466 3.65786e-14)
(245.631 -0.000537327 9.79934e-15)
(245.493 0.0853346 -1.26175e-14)
(245.292 0.11701 -3.23879e-14)
(245.242 0.149267 -3.69833e-14)
(245.128 0.201957 -4.15119e-14)
(245.035 0.264783 -3.98663e-14)
(244.934 0.357773 -4.90623e-14)
(244.86 0.473935 -4.9498e-14)
(244.817 0.629478 -5.29988e-14)
(244.841 0.811966 -5.34859e-14)
(244.958 1.02635 -5.2115e-14)
(245.207 1.23051 -5.46375e-14)
(245.605 1.40527 -5.51015e-14)
(246.127 1.47528 -5.47866e-14)
(246.712 1.40999 -4.44579e-14)
(247.24 1.1841 -4.5034e-14)
(247.599 0.833422 -3.39937e-14)
(247.71 0.427325 -1.61462e-14)
(247.57 0.0603206 -4.13945e-15)
(247.265 -0.21554 8.66753e-15)
(246.899 -0.369735 -1.4135e-14)
(246.552 -0.425737 -1.18384e-17)
(246.269 -0.415162 -1.10108e-14)
(246.056 -0.368707 -2.58567e-14)
(245.907 -0.308142 -6.62205e-15)
(245.805 -0.246612 -1.19641e-16)
(245.737 -0.188326 -2.71511e-14)
(245.689 -0.138967 2.36824e-14)
(245.659 -0.0915747 4.55906e-14)
(245.632 -0.0633314 2.47015e-15)
(245.621 -0.000356359 1.34269e-14)
(245.478 0.0700234 1.64291e-14)
(245.276 0.0965983 -8.52612e-15)
(245.226 0.126024 -2.84943e-14)
(245.108 0.173499 -3.67165e-14)
(245.009 0.231116 -4.17377e-14)
(244.894 0.316751 -4.04059e-14)
(244.798 0.426879 -4.70972e-14)
(244.723 0.577082 -4.46473e-14)
(244.704 0.76158 -5.3938e-14)
(244.768 0.986602 -5.34961e-14)
(244.958 1.22198 -4.77338e-14)
(245.306 1.44973 -5.02742e-14)
(245.814 1.59734 -4.54886e-14)
(246.44 1.6197 -4.41606e-14)
(247.078 1.46975 -4.5034e-14)
(247.596 1.15461 -5.66621e-14)
(247.884 0.729968 -4.12859e-14)
(247.881 0.291424 -2.06004e-14)
(247.638 -0.0758195 -4.55456e-14)
(247.261 -0.324946 -1.15233e-14)
(246.858 -0.445606 -3.19575e-14)
(246.504 -0.472065 -2.62783e-14)
(246.225 -0.440955 -1.54918e-15)
(246.022 -0.381764 8.67152e-16)
(245.881 -0.313915 -6.79136e-15)
(245.784 -0.248794 2.10235e-15)
(245.72 -0.188862 1.61065e-14)
(245.675 -0.138572 1.81326e-14)
(245.647 -0.0910267 4.56888e-14)
(245.622 -0.0628721 -1.29209e-14)
(245.612 -0.000136305 1.28377e-14)
(245.464 0.0563949 6.41632e-14)
(245.258 0.0781319 2.09698e-14)
(245.21 0.104625 -8.27827e-15)
(245.088 0.146786 -2.73247e-14)
(244.984 0.19898 -3.75502e-14)
(244.86 0.276679 -3.87304e-14)
(244.746 0.379233 -3.93115e-14)
(244.642 0.521429 -4.54273e-14)
(244.581 0.701834 -4.3816e-14)
(244.59 0.932012 -4.96533e-14)
(244.716 1.18901 -4.83722e-14)
(244.999 1.46015 -4.39665e-14)
(245.464 1.67954 -4.99304e-14)
(246.099 1.79623 -4.16889e-14)
(246.816 1.74219 -4.75541e-14)
(247.48 1.49439 -4.66556e-14)
(247.957 1.08668 -4.47284e-14)
(248.142 0.600538 -3.2272e-14)
(248.019 0.141878 -2.85974e-14)
(247.675 -0.213036 -5.21256e-14)
(247.238 -0.425718 -3.93658e-14)
(246.811 -0.511587 -2.4644e-14)
(246.455 -0.511075 4.53886e-15)
(246.184 -0.461245 6.04977e-16)
(245.99 -0.391511 1.45178e-15)
(245.855 -0.318218 -7.06798e-15)
(245.764 -0.250365 4.94382e-15)
(245.703 -0.18895 8.38536e-15)
(245.662 -0.137919 1.69061e-14)
(245.635 -0.0902696 -1.21383e-14)
(245.611 -0.0622633 1.26208e-14)
(245.602 0.000122215 1.31074e-14)
(245.446 0.0445498 6.88993e-14)
(245.241 0.0616636 6.6697e-14)
(245.192 0.0852152 2.49986e-14)
(245.069 0.122219 -5.02789e-15)
(244.96 0.168714 -2.68137e-14)
(244.828 0.238287 -3.8299e-14)
(244.701 0.332195 -3.78804e-14)
(244.574 0.464423 -4.07e-14)
(244.475 0.637744 -4.57975e-14)
(244.43 0.864 -4.54236e-14)
(244.487 1.13428 -4.53492e-14)
(244.695 1.4386 -4.93964e-14)
(245.095 1.72034 -4.84701e-14)
(245.703 1.93256 -5.16688e-14)
(246.457 1.98176 -5.32862e-14)
(247.245 1.83266 -5.70298e-14)
(247.906 1.47891 -4.16876e-14)
(248.309 0.981722 -3.362e-14)
(248.367 0.447899 -3.7486e-14)
(248.119 -0.0139216 -3.24283e-14)
(247.685 -0.343145 -2.6316e-14)
(247.202 -0.515786 -2.29132e-14)
(246.76 -0.567736 6.53797e-15)
(246.409 -0.542025 -4.92948e-15)
(246.145 -0.477237 4.40807e-16)
(245.958 -0.399274 2.99872e-15)
(245.829 -0.32165 -8.55838e-15)
(245.743 -0.251285 3.12365e-15)
(245.686 -0.188602 9.22729e-15)
(245.648 -0.137026 1.52338e-14)
(245.623 -0.0893519 1.74512e-14)
(245.6 -0.0615122 -1.30525e-14)
(245.593 0.00041711 7.76084e-15)
(245.411 0.0342462 7.01216e-14)
(245.221 0.0476093 6.73685e-14)
(245.175 0.0680262 6.90775e-14)
(245.049 0.0998591 2.89821e-14)
(244.938 0.140602 -2.32898e-15)
(244.799 0.202055 -2.80459e-14)
(244.661 0.286703 -4.00986e-14)
(244.515 0.407702 -3.81565e-14)
(244.385 0.570499 -3.87065e-14)
(244.29 0.78908 -4.60336e-14)
(244.277 1.06324 -4.96244e-14)
(244.401 1.38775 -4.70685e-14)
(244.72 1.72107 -4.75548e-14)
(245.267 2.01769 -5.08808e-14)
(246.024 2.18197 -5.37927e-14)
(246.892 2.14843 -5.36728e-14)
(247.72 1.88435 -5.22378e-14)
(248.342 1.4208 -4.92805e-14)
(248.631 0.845613 -3.75883e-14)
(248.553 0.283404 -5.65116e-14)
(248.185 -0.168414 -2.99521e-14)
(247.676 -0.461395 -1.10054e-14)
(247.157 -0.594569 -4.03706e-14)
(246.712 -0.613678 -2.92551e-14)
(246.363 -0.567336 -3.3316e-14)
(246.106 -0.490418 1.11666e-16)
(245.926 -0.405831 9.18057e-15)
(245.804 -0.324182 -9.01717e-15)
(245.722 -0.251585 2.857e-15)
(245.67 -0.187837 7.23347e-15)
(245.634 -0.135947 1.70049e-14)
(245.612 -0.0882637 1.75782e-14)
(245.59 -0.060637 3.69195e-14)
(245.584 0.000741022 -1.04494e-14)
(245.361 0.0254121 5.68943e-14)
(245.183 0.0353369 7.01269e-14)
(245.155 0.0534464 6.78179e-14)
(245.031 0.0803066 7.12905e-14)
(244.917 0.115106 3.37443e-14)
(244.773 0.168553 1.16635e-15)
(244.626 0.243456 -2.50668e-14)
(244.464 0.352418 -3.94542e-14)
(244.308 0.502564 -4.43933e-14)
(244.171 0.708963 -3.51963e-14)
(244.095 0.976624 -4.25434e-14)
(244.13 1.3117 -4.93335e-14)
(244.351 1.68352 -4.21353e-14)
(244.811 2.05162 -4.30873e-14)
(245.522 2.32523 -4.87011e-14)
(246.429 2.42176 -5.38408e-14)
(247.393 2.27997 -5.22773e-14)
(248.224 1.89107 -5.74938e-14)
(248.768 1.32172 -6.15483e-14)
(248.922 0.681533 -3.59471e-14)
(248.697 0.110215 -4.49191e-14)
(248.219 -0.316154 -3.30282e-14)
(247.65 -0.568213 -1.09482e-14)
(247.11 -0.661186 -1.79265e-14)
(246.66 -0.65248 -2.55114e-14)
(246.315 -0.588949 3.08055e-14)
(246.066 -0.502022 3.1392e-14)
(245.893 -0.41116 3.24511e-14)
(245.778 -0.325852 1.40135e-14)
(245.702 -0.251282 1.96768e-15)
(245.654 -0.186684 -7.21029e-16)
(245.621 -0.134575 1.73884e-14)
(245.601 -0.0870048 1.91801e-14)
(245.58 -0.0596299 -1.2447e-14)
(245.575 0.00109076 -7.31872e-15)
(245.314 0.0185238 4.32283e-14)
(245.131 0.0259245 5.75177e-14)
(245.116 0.0399923 7.03278e-14)
(245.01 0.0636456 6.79041e-14)
(244.898 0.0925668 6.83277e-14)
(244.749 0.138053 3.54053e-14)
(244.595 0.203262 4.67272e-15)
(244.42 0.299693 -2.10635e-14)
(244.241 0.435622 -4.00851e-14)
(244.069 0.626695 -4.85604e-14)
(243.937 0.882945 -3.55864e-14)
(243.888 1.21731 -4.17174e-14)
(244.003 1.611 -4.92549e-14)
(244.353 2.03711 -4.58845e-14)
(244.984 2.40958 -4.2277e-14)
(245.885 2.64622 -4.39159e-14)
(246.926 2.64081 -5.40307e-14)
(247.943 2.36705 -5.06494e-14)
(248.739 1.85139 -5.8004e-14)
(249.171 1.18525 -5.43391e-14)
(249.166 0.507806 -5.18899e-14)
(248.802 -0.0614275 -4.74964e-14)
(248.228 -0.453232 -3.68204e-14)
(247.615 -0.660975 -3.12267e-14)
(247.056 -0.717222 -3.34987e-15)
(246.606 -0.686771 9.71385e-15)
(246.266 -0.608388 -1.5315e-14)
(246.025 -0.51198 -8.5629e-15)
(245.861 -0.415296 2.77625e-15)
(245.753 -0.326681 -8.9377e-15)
(245.682 -0.250397 1.65613e-15)
(245.638 -0.185157 -3.13514e-14)
(245.608 -0.132887 1.71931e-14)
(245.59 -0.085598 1.8797e-14)
(245.57 -0.0585133 2.35588e-14)
(245.566 0.00145795 1.09022e-14)
(245.215 0.0134566 2.95409e-14)
(245.07 0.0191505 4.25235e-14)
(245.065 0.0294494 5.56571e-14)
(244.969 0.0480313 6.84083e-14)
(244.876 0.0733712 7.08529e-14)
(244.728 0.111013 7.06751e-14)
(244.566 0.166685 3.93934e-14)
(244.382 0.250353 6.44678e-15)
(244.185 0.371281 -1.42263e-14)
(243.981 0.544748 -3.76672e-14)
(243.8 0.784416 -4.97316e-14)
(243.677 1.10611 -3.72772e-14)
(243.685 1.51033 -4.25126e-14)
(243.911 1.97646 -4.74895e-14)
(244.43 2.43404 -3.93399e-14)
(245.266 2.80006 -4.4369e-14)
(246.348 2.95217 -4.69043e-14)
(247.499 2.82208 -4.11908e-14)
(248.528 2.4054 -4.39916e-14)
(249.248 1.76614 -4.80843e-14)
(249.53 1.02453 -5.77975e-14)
(249.366 0.324485 -4.98128e-14)
(248.871 -0.224785 -3.56401e-14)
(248.22 -0.577112 -2.95766e-14)
(247.568 -0.739056 -3.2557e-14)
(246.996 -0.76919 -2.15135e-14)
(246.548 -0.718102 -1.6052e-14)
(246.216 -0.62565 -4.04865e-14)
(245.984 -0.520311 -1.19494e-14)
(245.829 -0.41826 7.31918e-15)
(245.727 -0.326696 4.06735e-14)
(245.663 -0.248959 1.79599e-15)
(245.622 -0.183305 7.23733e-15)
(245.595 -0.130956 1.68673e-14)
(245.579 -0.0840549 1.03746e-14)
(245.561 -0.0572399 3.93752e-14)
(245.558 0.00184212 -1.10959e-14)
(244.865 0.00844619 2.35462e-14)
(244.96 0.0137865 2.88746e-14)
(245.029 0.0218265 4.28902e-14)
(244.916 0.0357216 5.71659e-14)
(244.833 0.0554704 6.89464e-14)
(244.703 0.087834 7.30922e-14)
(244.543 0.134083 7.21898e-14)
(244.348 0.205307 4.50844e-14)
(244.138 0.310817 1.13387e-14)
(243.909 0.465325 -1.25102e-14)
(243.684 0.684565 -3.27184e-14)
(243.495 0.988297 -4.73762e-14)
(243.405 1.38467 -4.04775e-14)
(243.499 1.87446 -4.10092e-14)
(243.879 2.40001 -4.51959e-14)
(244.606 2.88185 -4.35435e-14)
(245.66 3.19298 -4.7903e-14)
(246.899 3.22828 -4.6545e-14)
(248.128 2.95465 -4.70161e-14)
(249.125 2.3927 -5.07264e-14)
(249.727 1.64309 -5.56646e-14)
(249.845 0.841041 -4.34214e-14)
(249.521 0.141279 -5.24647e-14)
(248.912 -0.37689 -6.09674e-14)
(248.193 -0.684623 -2.93452e-14)
(247.508 -0.817087 -1.32608e-14)
(246.933 -0.81818 -2.11479e-15)
(246.488 -0.74681 -8.77782e-15)
(246.165 -0.640803 5.23769e-16)
(245.943 -0.527025 -3.79556e-14)
(245.796 -0.420081 7.68225e-15)
(245.703 -0.325929 -5.31317e-15)
(245.643 -0.247006 -3.85111e-14)
(245.607 -0.181254 -2.08686e-16)
(245.583 -0.128822 1.45086e-14)
(245.568 -0.0823865 -3.74855e-14)
(245.551 -0.0558668 1.17124e-14)
(245.549 0.00224251 -1.1339e-14)
(244.477 0.00479289 2.35225e-14)
(244.596 0.00866156 2.34767e-14)
(244.924 0.0161667 2.85024e-14)
(244.869 0.0264679 4.08131e-14)
(244.78 0.0414061 5.40338e-14)
(244.658 0.0662775 7.01923e-14)
(244.516 0.106104 7.23778e-14)
(244.321 0.165111 7.39202e-14)
(244.097 0.255071 4.90426e-14)
(243.849 0.390201 1.65961e-14)
(243.588 0.586637 -1.01373e-14)
(243.341 0.866355 -3.29096e-14)
(243.161 1.24675 -4.36174e-14)
(243.124 1.74144 -4.27138e-14)
(243.352 2.31118 -4.36274e-14)
(243.936 2.89173 -4.62684e-14)
(244.901 3.35365 -4.50424e-14)
(246.179 3.57897 -4.31668e-14)
(247.546 3.46829 -4.62753e-14)
(248.791 3.03312 -4.73836e-14)
(249.714 2.33234 -5.14988e-14)
(250.166 1.48871 -5.47152e-14)
(250.106 0.657626 -5.86876e-14)
(249.637 -0.0340286 -5.61374e-14)
(248.921 -0.513218 -5.12553e-14)
(248.148 -0.794799 -6.61343e-14)
(247.443 -0.887103 -2.00636e-14)
(246.863 -0.86406 -4.33631e-14)
(246.424 -0.77264 8.71301e-15)
(246.113 -0.653786 4.57954e-15)
(245.902 -0.532146 4.33906e-15)
(245.765 -0.420794 3.13952e-15)
(245.678 -0.324411 4.28649e-14)
(245.625 -0.24469 8.76737e-16)
(245.593 -0.178699 -1.60073e-15)
(245.571 -0.126494 -1.42913e-14)
(245.558 -0.080601 3.76161e-14)
(245.543 -0.0544092 1.90396e-14)
(245.541 0.00265691 1.23171e-14)
(241.408 0.00176361 2.71233e-14)
(244.264 0.00528793 2.35666e-14)
(244.556 0.0109661 2.33884e-14)
(244.762 0.0185004 2.78986e-14)
(244.732 0.031266 4.15413e-14)
(244.604 0.0493516 5.00902e-14)
(244.467 0.0802584 6.9656e-14)
(244.29 0.130571 7.23096e-14)
(244.064 0.205214 7.52371e-14)
(243.799 0.320657 5.57453e-14)
(243.51 0.493111 2.11348e-14)
(243.214 0.745144 -7.58826e-15)
(242.953 1.10005 -3.09297e-14)
(242.796 1.57845 -4.09196e-14)
(242.862 2.17314 -4.24314e-14)
(243.273 2.83204 -4.42575e-14)
(244.107 3.43101 -4.36969e-14)
(245.337 3.84174 -4.44292e-14)
(246.805 3.93026 -4.57138e-14)
(248.251 3.65424 -5.0345e-14)
(249.468 3.05713 -4.71798e-14)
(250.273 2.23112 -4.96021e-14)
(250.547 1.31982 -5.58009e-14)
(250.319 0.472711 -5.87731e-14)
(249.711 -0.197266 -5.84714e-14)
(248.907 -0.65507 -5.66789e-14)
(248.093 -0.894768 -3.81989e-14)
(247.366 -0.957648 -4.09044e-14)
(246.79 -0.905954 -2.41257e-14)
(246.36 -0.795517 -1.66078e-14)
(246.06 -0.664589 3.68002e-14)
(245.861 -0.535707 2.24778e-14)
(245.733 -0.420436 -1.42e-17)
(245.654 -0.32219 -8.77785e-15)
(245.607 -0.242218 1.04995e-15)
(245.578 -0.175827 -2.46066e-15)
(245.559 -0.12399 2.32332e-14)
(245.548 -0.0787107 7.11361e-14)
(245.534 -0.0528799 2.02008e-14)
(245.534 0.00308329 4.25886e-15)
(241.184 0.00205405 2.71855e-14)
(241.408 -0.00175881 2.90635e-14)
(244.179 0.00728251 2.35779e-14)
(244.37 0.0111558 2.29466e-14)
(244.613 0.0225008 2.78489e-14)
(244.555 0.0370122 4.07522e-14)
(244.413 0.0601133 4.9071e-14)
(244.238 0.0987251 6.9302e-14)
(244.029 0.162301 7.2138e-14)
(243.759 0.257989 7.33847e-14)
(243.447 0.406084 6.09374e-14)
(243.111 0.62816 2.93769e-14)
(242.781 0.950911 -5.47328e-16)
(242.516 1.40302 -2.86951e-14)
(242.418 1.99931 -3.86227e-14)
(242.639 2.70557 -4.21147e-14)
(243.299 3.42396 -4.58657e-14)
(244.424 4.01167 -4.38361e-14)
(245.907 4.31217 -4.60688e-14)
(247.513 4.23047 -4.51666e-14)
(248.99 3.78081 -4.01363e-14)
(250.131 3.03088 -5.3931e-14)
(250.78 2.10089 -4.21418e-14)
(250.878 1.13606 -5.44714e-14)
(250.483 0.290936 -5.82138e-14)
(249.754 -0.371389 -7.10509e-14)
(248.876 -0.798328 -5.61995e-14)
(248.022 -0.998046 -3.28137e-14)
(247.287 -1.02116 -3.81132e-14)
(246.712 -0.944647 -3.17987e-14)
(246.293 -0.815565 -1.61667e-14)
(246.007 -0.673219 -3.30463e-14)
(245.82 -0.537748 2.35013e-14)
(245.702 -0.419053 -2.64583e-14)
(245.631 -0.31937 -3.4439e-15)
(245.589 -0.239118 1.31559e-15)
(245.564 -0.172685 -5.62995e-15)
(245.548 -0.121328 1.25216e-14)
(245.539 -0.0767275 1.04657e-14)
(245.526 -0.0512903 2.26847e-14)
(245.526 0.00351955 -1.07534e-14)
(241.061 0.00285194 2.72311e-14)
(241.184 -0.00204945 2.91768e-14)
(244.477 -0.00478869 2.36488e-14)
(244.057 0.00697748 2.38339e-14)
(244.22 0.0147399 2.18082e-14)
(244.431 0.0264782 2.93311e-14)
(244.364 0.0454135 4.11448e-14)
(244.183 0.0740388 4.81309e-14)
(243.973 0.122966 6.87188e-14)
(243.718 0.203782 7.294e-14)
(243.398 0.326966 7.14786e-14)
(243.028 0.518458 6.33004e-14)
(242.643 0.804822 3.15374e-14)
(242.283 1.22015 6.59502e-16)
(242.038 1.7913 -2.55555e-14)
(242.052 2.52232 -3.74495e-14)
(242.499 3.33321 -4.17931e-14)
(243.465 4.08481 -4.28709e-14)
(244.895 4.59611 -4.2416e-14)
(246.598 4.74531 -4.51749e-14)
(248.287 4.47342 -4.49451e-14)
(249.734 3.84892 -4.57558e-14)
(250.756 2.96352 -4.38386e-14)
(251.229 1.9502 -5.87285e-14)
(251.149 0.956704 -5.3498e-14)
(250.611 0.0899322 -5.75611e-14)
(249.775 -0.547884 -7.20834e-14)
(248.829 -0.939077 -6.06682e-14)
(247.942 -1.09202 -2.34247e-14)
(247.198 -1.08436 -4.0637e-14)
(246.63 -0.979205 -2.69066e-14)
(246.226 -0.832707 -1.99903e-14)
(245.954 -0.679714 6.1321e-16)
(245.779 -0.538322 -1.12739e-14)
(245.672 -0.416669 1.27372e-15)
(245.609 -0.316155 -4.99125e-14)
(245.572 -0.235451 2.96799e-15)
(245.551 -0.169295 -1.55167e-14)
(245.537 -0.118525 -2.79508e-16)
(245.53 -0.0746566 1.34318e-14)
(245.517 -0.0496487 3.27077e-14)
(245.519 0.00396352 5.03645e-15)
(240.897 0.00303791 2.73063e-14)
(241.061 -0.00284682 2.92593e-14)
(244.265 -0.00528375 2.36466e-14)
(244.865 -0.00844181 2.38717e-14)
(243.912 0.00976748 2.50395e-14)
(244.024 0.0168296 2.08884e-14)
(244.225 0.0325583 2.69006e-14)
(244.132 0.0556431 3.76433e-14)
(243.918 0.0926548 4.61694e-14)
(243.657 0.154779 6.62655e-14)
(243.347 0.258068 7.26453e-14)
(242.965 0.418051 7.08778e-14)
(242.533 0.666245 6.85893e-14)
(242.094 1.03768 3.91174e-14)
(241.718 1.57111 8.09835e-15)
(241.533 2.2898 -2.17026e-14)
(241.736 3.16126 -3.42488e-14)
(242.485 4.05647 -4.22887e-14)
(243.8 4.78054 -4.39039e-14)
(245.525 5.16449 -4.38193e-14)
(247.383 5.12156 -4.91576e-14)
(249.089 4.65275 -4.85313e-14)
(250.459 3.86425 -4.29883e-14)
(251.317 2.86689 -4.43669e-14)
(251.615 1.78754 -4.14873e-14)
(251.386 0.744934 -5.19302e-14)
(250.716 -0.118346 -5.55992e-14)
(249.772 -0.729003 -7.29802e-14)
(248.766 -1.0761 -7.43394e-14)
(247.846 -1.18715 -7.51575e-14)
(247.104 -1.14044 -4.23416e-14)
(246.546 -1.00991 -1.12074e-14)
(246.157 -0.846917 -2.22361e-15)
(245.901 -0.684118 -1.17048e-14)
(245.739 -0.537472 -6.18638e-16)
(245.642 -0.41342 2.0759e-15)
(245.587 -0.312662 4.54167e-14)
(245.555 -0.231411 5.38645e-15)
(245.538 -0.165684 -4.44301e-14)
(245.527 -0.115602 -5.50123e-14)
(245.521 -0.0725135 -3.93304e-14)
(245.51 -0.0479664 6.7763e-14)
(245.512 0.00441316 -2.97722e-14)
(240.706 0.00362443 2.742e-14)
(240.897 -0.0030328 2.93666e-14)
(244.179 -0.00727833 2.36534e-14)
(244.596 -0.00865699 2.37891e-14)
(245.215 -0.0134521 2.94199e-14)
(243.745 0.0110267 2.46982e-14)
(243.818 0.0208458 2.08585e-14)
(243.989 0.0400762 2.82313e-14)
(243.865 0.0699016 3.77114e-14)
(243.6 0.11669 4.42502e-14)
(243.28 0.196786 6.54792e-14)
(242.903 0.329842 7.27828e-14)
(242.45 0.538455 7.1999e-14)
(241.945 0.8622 6.94952e-14)
(241.458 1.34495 4.37352e-14)
(241.094 2.0285 9.56447e-15)
(241.033 2.92413 -1.9817e-14)
(241.516 3.9278 -3.28165e-14)
(242.643 4.85115 -3.98847e-14)
(244.318 5.48251 -4.66187e-14)
(246.279 5.68075 -4.47905e-14)
(248.22 5.42411 -4.97097e-14)
(249.893 4.76925 -3.84703e-14)
(251.117 3.83867 -4.32035e-14)
(251.83 2.74092 -4.07686e-14)
(251.986 1.56861 -5.09362e-14)
(251.602 0.515839 -5.19591e-14)
(250.793 -0.33761 -5.42456e-14)
(249.745 -0.915769 -5.67203e-14)
(248.682 -1.21234 -6.35946e-14)
(247.745 -1.2729 -7.70928e-14)
(247.003 -1.19301 -4.57197e-14)
(246.46 -1.03665 -3.76312e-14)
(246.089 -0.858188 -4.12429e-14)
(245.848 -0.686492 -1.18294e-14)
(245.7 -0.535272 -3.33734e-15)
(245.614 -0.409448 9.11699e-15)
(245.566 -0.308123 -2.61529e-15)
(245.539 -0.227038 7.44047e-15)
(245.526 -0.161882 -7.80367e-15)
(245.517 -0.112566 3.11294e-14)
(245.512 -0.0703151 -4.10543e-14)
(245.502 -0.0462514 1.50554e-14)
(245.506 0.00486686 1.67493e-14)
(240.486 0.00410397 2.77339e-14)
(240.706 -0.00361911 2.95146e-14)
(244.057 -0.00697353 2.3782e-14)
(244.556 -0.0109616 2.37223e-14)
(244.96 -0.0137816 2.87658e-14)
(245.314 -0.0185194 4.24873e-14)
(243.554 0.0138159 2.5024e-14)
(243.568 0.0251891 2.06878e-14)
(243.708 0.050458 2.72964e-14)
(243.545 0.0878915 3.71105e-14)
(243.222 0.148325 4.27075e-14)
(242.829 0.252323 6.4261e-14)
(242.371 0.424876 7.28153e-14)
(241.832 0.698947 7.49426e-14)
(241.251 1.12325 7.16361e-14)
(240.729 1.75218 4.91788e-14)
(240.425 2.62314 1.62501e-14)
(240.597 3.69976 -1.34358e-14)
(241.459 4.80307 -3.05758e-14)
(243.005 5.68709 -3.91882e-14)
(245.006 6.1492 -4.34972e-14)
(247.123 6.12718 -4.45042e-14)
(249.078 5.65303 -4.10589e-14)
(250.63 4.82876 -4.43196e-14)
(251.748 3.77023 -4.29617e-14)
(252.327 2.56079 -3.22161e-14)
(252.332 1.34668 -4.92862e-14)
(251.792 0.26849 -5.23527e-14)
(250.841 -0.565427 -6.5956e-14)
(249.695 -1.10425 -5.36717e-14)
(248.584 -1.34049 -6.51018e-14)
(247.632 -1.35731 -6.22826e-14)
(246.898 -1.23947 -5.07194e-14)
(246.372 -1.05952 -3.83902e-14)
(246.02 -0.866577 -4.11847e-14)
(245.797 -0.686902 -1.64916e-14)
(245.662 -0.531763 -6.7995e-15)
(245.586 -0.405417 3.78782e-15)
(245.545 -0.303032 -3.2327e-15)
(245.524 -0.22237 -3.21403e-14)
(245.514 -0.157902 -6.48327e-15)
(245.507 -0.109453 7.26444e-14)
(245.504 -0.0680527 9.73481e-15)
(245.495 -0.0445159 2.71416e-14)
(245.499 0.00532245 1.06039e-14)
(240.235 0.00479987 2.76966e-14)
(240.486 -0.00409848 2.98537e-14)
(243.912 -0.00976355 2.51232e-14)
(244.37 -0.0111513 2.32873e-14)
(244.924 -0.016162 2.8421e-14)
(245.07 -0.0191456 4.17791e-14)
(245.361 -0.0254075 5.59669e-14)
(243.335 0.0166502 2.52066e-14)
(243.284 0.0317026 2.04724e-14)
(243.377 0.063469 2.66768e-14)
(243.164 0.111896 3.65409e-14)
(242.767 0.190125 4.21797e-14)
(242.286 0.326142 6.28282e-14)
(241.732 0.552159 7.07659e-14)
(241.096 0.914077 7.4085e-14)
(240.438 1.47345 7.21464e-14)
(239.913 2.29202 5.36199e-14)
(239.753 3.39381 2.31814e-14)
(240.286 4.6345 -1.0736e-14)
(241.617 5.76403 -3.01707e-14)
(243.581 6.51178 -3.88437e-14)
(245.822 6.74813 -4.58959e-14)
(248.02 6.49145 -4.44742e-14)
(249.879 5.80942 -3.83986e-14)
(251.364 4.83562 -4.43756e-14)
(252.365 3.64229 -4.40103e-14)
(252.819 2.35415 -3.12049e-14)
(252.658 1.09362 -4.07722e-14)
(251.952 0.00506833 -5.34668e-14)
(250.858 -0.800389 -5.1379e-14)
(249.625 -1.28576 -4.15399e-14)
(248.466 -1.46719 -7.33653e-14)
(247.511 -1.43388 -5.4141e-14)
(246.789 -1.28101 -5.18377e-14)
(246.283 -1.07841 -6.00688e-14)
(245.952 -0.872143 -2.47037e-14)
(245.746 -0.685426 -2.50619e-14)
(245.625 -0.527219 -1.41153e-14)
(245.559 -0.400232 1.10824e-14)
(245.525 -0.297474 -1.97261e-15)
(245.509 -0.217438 1.29853e-14)
(245.502 -0.153783 -1.2496e-14)
(245.498 -0.10624 6.6395e-15)
(245.496 -0.0657479 2.9791e-15)
(245.489 -0.0427629 2.7381e-14)
(245.493 0.00577891 1.89445e-14)
(239.946 0.00562513 2.77331e-14)
(240.235 -0.00479406 2.98465e-14)
(243.745 -0.0110228 2.47544e-14)
(244.22 -0.0147356 2.21546e-14)
(244.762 -0.0184957 2.78582e-14)
(245.029 -0.0218218 4.22061e-14)
(245.131 -0.0259196 5.65896e-14)
(245.411 -0.0342417 6.94772e-14)
(243.071 0.0212719 2.54501e-14)
(242.945 0.0400399 2.0326e-14)
(242.982 0.0807847 2.58018e-14)
(242.705 0.143541 3.50938e-14)
(242.219 0.245841 4.1079e-14)
(241.631 0.424914 6.10872e-14)
(240.962 0.724302 7.00649e-14)
(240.218 1.20531 7.42849e-14)
(239.498 1.94626 7.35274e-14)
(239.031 3.00726 5.71491e-14)
(239.17 4.34244 2.7423e-14)
(240.188 5.70145 -4.94583e-15)
(242.027 6.75321 -2.57041e-14)
(244.337 7.28097 -3.61682e-14)
(246.731 7.26199 -4.17506e-14)
(248.88 6.76373 -4.48267e-14)
(250.694 5.90611 -4.9817e-14)
(252.095 4.77374 -4.42247e-14)
(252.995 3.48031 -4.57108e-14)
(253.295 2.11208 -4.96087e-14)
(252.961 0.813984 -5.89754e-14)
(252.078 -0.273196 -5.92355e-14)
(250.842 -1.04053 -6.76037e-14)
(249.527 -1.46878 -7.07155e-14)
(248.336 -1.58453 -4.65112e-14)
(247.381 -1.50482 -5.25785e-14)
(246.676 -1.31695 -5.39489e-14)
(246.194 -1.09332 -1.6567e-14)
(245.884 -0.874983 -2.58209e-14)
(245.696 -0.682099 -5.54918e-14)
(245.589 -0.522065 -4.6375e-14)
(245.533 -0.393978 3.30473e-14)
(245.506 -0.291507 5.27648e-15)
(245.495 -0.212284 1.54235e-14)
(245.492 -0.149522 -2.15827e-14)
(245.489 -0.103025 2.14951e-14)
(245.489 -0.0633979 2.05049e-15)
(245.482 -0.0410085 2.64713e-14)
(245.488 0.00623419 4.89223e-14)
(239.61 0.00652937 2.77505e-14)
(239.945 -0.00561897 2.99116e-14)
(243.554 -0.0138118 2.50796e-14)
(244.024 -0.0168253 2.12444e-14)
(244.613 -0.0224963 2.78388e-14)
(244.869 -0.026463 4.01398e-14)
(245.065 -0.0294448 5.47969e-14)
(245.183 -0.0353321 6.94861e-14)
(245.446 -0.0445453 6.79821e-14)
(242.753 0.0271434 2.57025e-14)
(242.547 0.0511308 2.01799e-14)
(242.508 0.103586 2.4166e-14)
(242.152 0.185809 3.34418e-14)
(241.557 0.320614 3.84555e-14)
(240.839 0.558304 5.90986e-14)
(240.034 0.958748 6.9373e-14)
(239.179 1.60387 7.45373e-14)
(238.435 2.58752 7.45961e-14)
(238.141 3.9522 6.14213e-14)
(238.758 5.49468 3.23863e-14)
(240.369 6.85523 1.25745e-15)
(242.678 7.70898 -2.21104e-14)
(245.234 7.96191 -3.29778e-14)
(247.627 7.66325 -4.12718e-14)
(249.777 6.96031 -4.82886e-14)
(251.529 5.92393 -4.39625e-14)
(252.853 4.67546 -4.462e-14)
(253.627 3.27672 -4.82437e-14)
(253.761 1.82713 -4.97535e-14)
(253.231 0.505832 -4.93445e-14)
(252.166 -0.564901 -5.62919e-14)
(250.792 -1.29002 -5.16925e-14)
(249.408 -1.64086 -3.7742e-14)
(248.193 -1.69636 -7.48013e-14)
(247.245 -1.56802 -4.17303e-14)
(246.561 -1.34763 -5.27349e-14)
(246.104 -1.10431 -3.81458e-14)
(245.817 -0.875161 -9.05164e-15)
(245.647 -0.677199 -2.14665e-14)
(245.555 -0.516593 -5.0304e-14)
(245.508 -0.387063 -8.11938e-15)
(245.488 -0.285178 1.09421e-14)
(245.481 -0.206924 2.24974e-14)
(245.481 -0.14516 5.40981e-14)
(245.481 -0.0996284 2.07724e-14)
(245.482 -0.0610012 5.21329e-14)
(245.476 -0.0392516 1.86799e-14)
(245.482 0.00668617 6.74513e-15)
(239.216 0.00764807 2.7769e-14)
(239.609 -0.00652243 2.99576e-14)
(243.335 -0.0166459 2.52633e-14)
(243.818 -0.0208415 2.12023e-14)
(244.431 -0.0264738 2.93661e-14)
(244.732 -0.0312613 4.08702e-14)
(244.916 -0.0357171 5.61627e-14)
(245.116 -0.0399877 6.95146e-14)
(245.221 -0.0476046 6.64834e-14)
(245.464 -0.0563904 6.22512e-14)
(242.369 0.0349864 2.59625e-14)
(242.068 0.0659007 2.00969e-14)
(241.938 0.13412 2.36643e-14)
(241.481 0.24229 3.38454e-14)
(240.752 0.421544 3.88031e-14)
(239.88 0.740729 5.76827e-14)
(238.92 1.28257 6.85319e-14)
(237.964 2.15549 7.41706e-14)
(237.274 3.45942 7.54877e-14)
(237.381 5.13212 6.50957e-14)
(238.639 6.79744 3.74249e-14)
(240.856 8.01501 3.35126e-15)
(243.534 8.58059 -1.84885e-14)
(246.149 8.51057 -3.4151e-14)
(248.604 7.98205 -4.04471e-14)
(250.683 7.06887 -4.6607e-14)
(252.406 5.90177 -4.39127e-14)
(253.63 4.53037 -4.84816e-14)
(254.261 3.02772 -5.20213e-14)
(254.2 1.52214 -4.8873e-14)
(253.465 0.175179 -4.76118e-14)
(252.212 -0.86776 -4.62804e-14)
(250.713 -1.5331 -5.23576e-14)
(249.261 -1.81041 -5.78013e-14)
(248.037 -1.80174 -4.86772e-14)
(247.102 -1.62417 -5.85797e-14)
(246.445 -1.37293 -5.88875e-14)
(246.015 -1.11147 -1.78154e-14)
(245.751 -0.872833 -2.50893e-14)
(245.6 -0.670791 -1.86649e-14)
(245.521 -0.509117 7.62117e-15)
(245.483 -0.379581 -2.74715e-14)
(245.47 -0.278531 4.97167e-14)
(245.468 -0.201416 2.75711e-14)
(245.472 -0.140479 5.65764e-14)
(245.473 -0.096326 2.42892e-14)
(245.475 -0.0585785 4.94202e-14)
(245.47 -0.0374926 -1.59487e-14)
(245.477 0.00713504 1.7998e-14)
(238.753 0.00912948 2.7788e-14)
(239.216 -0.00764158 3.00043e-14)
(243.071 -0.0212677 2.55103e-14)
(243.568 -0.0251844 2.10711e-14)
(244.225 -0.0325541 2.69903e-14)
(244.555 -0.0370077 4.01128e-14)
(244.78 -0.0414017 5.30672e-14)
(244.969 -0.0480268 6.79451e-14)
(245.155 -0.0534419 6.67006e-14)
(245.241 -0.061659 6.52779e-14)
(245.478 -0.0700189 1.06855e-14)
(241.904 0.0453739 2.62456e-14)
(241.496 0.0858851 2.01595e-14)
(241.248 0.174993 2.31617e-14)
(240.666 0.318309 3.21812e-14)
(239.774 0.55937 3.75477e-14)
(238.715 0.994358 5.62199e-14)
(237.586 1.7372 6.74994e-14)
(236.575 2.92651 7.51263e-14)
(236.109 4.64053 7.60691e-14)
(236.877 6.5647 6.77841e-14)
(238.886 8.17782 4.11031e-14)
(241.636 9.10876 8.28839e-15)
(244.454 9.30089 -1.86675e-14)
(247.19 8.96647 -3.23513e-14)
(249.611 8.19531 -3.9976e-14)
(251.683 7.13737 -4.35416e-14)
(253.318 5.82958 -4.52902e-14)
(254.421 4.33733 -4.20826e-14)
(254.876 2.74101 -4.09103e-14)
(254.608 1.17954 -4.89415e-14)
(253.656 -0.176552 -3.91271e-14)
(252.213 -1.17928 -4.8061e-14)
(250.601 -1.77373 -5.40958e-14)
(249.096 -1.96951 -5.29256e-14)
(247.869 -1.89727 -7.84572e-14)
(246.954 -1.67275 -5.86053e-14)
(246.327 -1.39283 -5.49206e-14)
(245.927 -1.11493 -4.44033e-14)
(245.687 -0.867968 -2.33529e-14)
(245.555 -0.664422 -1.50531e-14)
(245.488 -0.500604 -2.39874e-14)
(245.46 -0.371587 -3.03916e-14)
(245.453 -0.271616 5.01246e-14)
(245.456 -0.195756 2.1961e-14)
(245.462 -0.13583 5.92343e-14)
(245.466 -0.0929486 2.08244e-14)
(245.469 -0.0561471 -1.31965e-16)
(245.465 -0.0357414 -1.65819e-14)
(245.472 0.00758197 2.18347e-14)
(238.201 0.0110378 2.78244e-14)
(238.752 -0.00912234 3.00518e-14)
(242.753 -0.0271392 2.57627e-14)
(243.284 -0.031698 2.08604e-14)
(243.989 -0.040072 2.83279e-14)
(244.364 -0.0454091 4.0538e-14)
(244.604 -0.0493473 4.90543e-14)
(244.833 -0.055466 6.81263e-14)
(245.01 -0.0636412 6.73703e-14)
(245.175 -0.0680217 6.74043e-14)
(245.258 -0.0781273 1.56347e-14)
(245.493 -0.0853302 -2.00092e-14)
(241.334 0.0593199 2.65596e-14)
(240.804 0.112975 2.06299e-14)
(240.412 0.229811 2.3115e-14)
(239.67 0.42165 3.02677e-14)
(238.578 0.751754 3.60365e-14)
(237.299 1.35373 5.4613e-14)
(236.007 2.38776 6.66516e-14)
(235.037 4.01863 7.35128e-14)
(235.153 6.13883 7.47764e-14)
(236.786 8.16905 7.01015e-14)
(239.531 9.52691 4.65624e-14)
(242.543 10.0298 1.15582e-14)
(245.559 9.91698 -1.66531e-14)
(248.299 9.29919 -3.23353e-14)
(250.695 8.36315 -3.93297e-14)
(252.714 7.14719 -4.14312e-14)
(254.257 5.70476 -4.95888e-14)
(255.217 4.09398 -4.07365e-14)
(255.485 2.3958 -4.7414e-14)
(254.98 0.799803 -3.93535e-14)
(253.798 -0.547577 -4.77766e-14)
(252.169 -1.50274 -4.74312e-14)
(250.454 -2.00656 -5.35162e-14)
(248.911 -2.12065 -6.81699e-14)
(247.69 -1.98338 -4.91535e-14)
(246.803 -1.71403 -7.12305e-14)
(246.21 -1.40737 -3.81234e-14)
(245.84 -1.11479 -4.26507e-14)
(245.624 -0.861228 -2.56847e-14)
(245.511 -0.656414 -2.01731e-14)
(245.457 -0.491264 1.18706e-14)
(245.438 -0.363153 -9.79438e-15)
(245.437 -0.264435 -2.5241e-14)
(245.444 -0.189963 1.15507e-14)
(245.453 -0.131336 6.28573e-14)
(245.458 -0.0895575 8.06029e-14)
(245.463 -0.0536647 2.17924e-14)
(245.46 -0.0340047 5.20883e-14)
(245.467 0.00802528 4.94285e-14)
(237.543 0.0135484 2.79411e-14)
(238.201 -0.0110304 3.01151e-14)
(242.369 -0.0349817 2.60372e-14)
(242.945 -0.0400352 2.06826e-14)
(243.708 -0.0504538 2.74318e-14)
(244.132 -0.0556386 3.70752e-14)
(244.413 -0.0601091 4.80041e-14)
(244.658 -0.0662733 6.9597e-14)
(244.876 -0.0733669 7.00901e-14)
(245.031 -0.0803023 6.96557e-14)
(245.192 -0.0852108 1.99475e-14)
(245.276 -0.0965938 -1.65962e-14)
(245.505 -0.10225 -3.90217e-14)
(240.634 0.0780774 2.70387e-14)
(239.965 0.150192 2.0542e-14)
(239.392 0.304451 2.37519e-14)
(238.448 0.564826 3.00155e-14)
(237.109 1.02618 3.50801e-14)
(235.582 1.87662 5.24195e-14)
(234.175 3.33765 6.6604e-14)
(233.541 5.53441 7.41192e-14)
(234.604 7.9541 7.55578e-14)
(237.215 9.81304 7.17849e-14)
(240.404 10.6933 5.01777e-14)
(243.714 10.8374 1.40203e-14)
(246.763 10.3836 -1.54455e-14)
(249.489 9.57821 -3.32307e-14)
(251.864 8.468 -3.89729e-14)
(253.799 7.10151 -4.49506e-14)
(255.218 5.52452 -4.44863e-14)
(256.015 3.79557 -3.6571e-14)
(256.058 2.02244 -5.03562e-14)
(255.307 0.387719 -4.08162e-14)
(253.887 -0.935501 -3.74534e-14)
(252.082 -1.82656 -4.80739e-14)
(250.275 -2.23182 -5.18239e-14)
(248.711 -2.26133 -4.90624e-14)
(247.503 -2.05938 -6.58605e-14)
(246.65 -1.748 -7.22349e-14)
(246.093 -1.4167 -6.31901e-14)
(245.754 -1.1112 -2.82338e-14)
(245.564 -0.852907 -2.55473e-14)
(245.468 -0.646149 -1.09527e-14)
(245.427 -0.481216 -1.65403e-14)
(245.416 -0.354342 -2.3794e-14)
(245.422 -0.257081 -6.11016e-14)
(245.433 -0.184078 -7.86629e-15)
(245.445 -0.126793 5.24882e-14)
(245.452 -0.0861567 9.88127e-15)
(245.458 -0.0511644 6.10705e-14)
(245.455 -0.0322871 1.05512e-13)
(245.463 0.00846234 1.22498e-14)
(236.753 0.0168581 2.83952e-14)
(237.543 -0.0135404 3.02562e-14)
(241.904 -0.0453691 2.63298e-14)
(242.547 -0.0511257 2.05432e-14)
(243.377 -0.0634645 2.68457e-14)
(243.865 -0.0698971 3.71815e-14)
(244.183 -0.0740346 4.711e-14)
(244.467 -0.0802543 6.90605e-14)
(244.703 -0.0878298 7.2185e-14)
(244.898 -0.0925627 6.71238e-14)
(245.049 -0.0998549 2.43003e-14)
(245.21 -0.104621 -1.57447e-14)
(245.292 -0.117006 -3.90238e-14)
(245.515 -0.120656 -4.0888e-14)
(239.771 0.103582 2.61966e-14)
(238.94 0.201518 2.04158e-14)
(238.143 0.408043 2.35831e-14)
(236.941 0.767948 2.86781e-14)
(235.302 1.4294 3.29061e-14)
(233.516 2.66189 5.02909e-14)
(232.125 4.76142 6.45758e-14)
(232.398 7.50929 7.41366e-14)
(234.694 9.9303 7.67328e-14)
(238.015 11.2849 7.29356e-14)
(241.645 11.7316 5.14215e-14)
(245.029 11.461 1.57093e-14)
(248.088 10.7916 -1.3642e-14)
(250.793 9.78896 -3.05687e-14)
(253.082 8.50948 -3.84795e-14)
(254.913 6.99416 -4.3644e-14)
(256.193 5.28589 -5.06493e-14)
(256.8 3.44567 -4.38148e-14)
(256.596 1.60403 -4.54683e-14)
(255.581 -0.0535079 -4.16443e-14)
(253.916 -1.33704 -3.70028e-14)
(251.955 -2.14102 -5.5118e-14)
(250.065 -2.44678 -5.13738e-14)
(248.492 -2.39186 -4.95044e-14)
(247.309 -2.12506 -6.03728e-14)
(246.496 -1.7746 -6.21245e-14)
(245.978 -1.42096 -4.00627e-14)
(245.671 -1.1044 -5.49164e-14)
(245.506 -0.84443 -3.06188e-14)
(245.427 -0.634608 1.50551e-14)
(245.398 -0.470532 -1.52311e-14)
(245.396 -0.345216 -1.0729e-14)
(245.408 -0.249583 -1.50845e-15)
(245.422 -0.178135 -5.134e-14)
(245.437 -0.122245 -2.69681e-14)
(245.445 -0.0827603 1.93326e-14)
(245.452 -0.0486766 4.40977e-14)
(245.45 -0.0305929 1.32504e-14)
(245.459 0.00889065 2.16482e-14)
(235.805 0.0212409 2.87263e-14)
(236.753 -0.0168495 3.07467e-14)
(241.334 -0.0593146 2.66501e-14)
(242.068 -0.0658954 2.04585e-14)
(242.982 -0.0807801 2.60009e-14)
(243.545 -0.0878867 3.66307e-14)
(243.918 -0.0926505 4.50621e-14)
(244.238 -0.0987209 6.86768e-14)
(244.516 -0.1061 7.20076e-14)
(244.728 -0.111009 6.90699e-14)
(244.917 -0.115102 2.93607e-14)
(245.069 -0.122215 -1.29685e-14)
(245.226 -0.126019 -3.50628e-14)
(245.307 -0.139194 -3.95833e-14)
(245.522 -0.140448 -4.87557e-14)
(238.705 0.138104 2.65196e-14)
(237.682 0.273334 1.98176e-14)
(236.596 0.555973 2.25868e-14)
(235.073 1.0672 2.84363e-14)
(233.066 2.04525 3.23243e-14)
(231.074 3.88473 4.8479e-14)
(230.257 6.80343 6.35443e-14)
(231.982 9.8307 7.2676e-14)
(235.354 11.7863 7.65554e-14)
(239.338 12.6102 7.37291e-14)
(243.097 12.5443 5.52473e-14)
(246.5 12.0125 1.8816e-14)
(249.532 11.1139 -1.01796e-14)
(252.152 9.9219 -3.01173e-14)
(254.352 8.48153 -3.82301e-14)
(256.058 6.82314 -4.34058e-14)
(257.176 4.98548 -4.36108e-14)
(257.562 3.0389 -4.67864e-14)
(257.091 1.13981 -4.71829e-14)
(255.794 -0.521919 -5.10036e-14)
(253.883 -1.75265 -4.70774e-14)
(251.775 -2.45369 -3.61846e-14)
(249.826 -2.65016 -5.1846e-14)
(248.26 -2.50792 -6.47397e-14)
(247.11 -2.18063 -5.78933e-14)
(246.341 -1.79386 -6.22479e-14)
(245.864 -1.42036 -7.05625e-14)
(245.59 -1.09499 -4.09333e-14)
(245.45 -0.83285 -4.03538e-14)
(245.387 -0.622039 -3.88334e-14)
(245.37 -0.459307 -5.11392e-14)
(245.377 -0.335828 1.97435e-14)
(245.394 -0.241983 -9.43014e-15)
(245.412 -0.172149 -1.79228e-14)
(245.43 -0.117696 -3.8487e-14)
(245.44 -0.0793836 1.9232e-15)
(245.447 -0.0462191 -4.56456e-15)
(245.446 -0.0289249 2.57695e-14)
(245.455 0.00930788 2.27307e-14)
(234.67 0.0270021 2.88653e-14)
(235.805 -0.0212315 3.11132e-14)
(240.634 -0.0780719 2.70578e-14)
(241.496 -0.0858795 2.05216e-14)
(242.508 -0.103582 2.43917e-14)
(243.164 -0.111892 3.61262e-14)
(243.6 -0.116686 4.31446e-14)
(243.973 -0.122962 6.80784e-14)
(244.29 -0.130567 7.17053e-14)
(244.543 -0.134079 7.13728e-14)
(244.749 -0.138049 3.10179e-14)
(244.938 -0.140598 -9.55571e-15)
(245.088 -0.146782 -3.46783e-14)
(245.242 -0.149263 -4.26719e-14)
(245.321 -0.162962 -4.66976e-14)
(245.528 -0.161574 -5.41602e-14)
(237.392 0.186436 2.68422e-14)
(236.127 0.374385 2.05025e-14)
(234.676 0.774661 2.23382e-14)
(232.72 1.52938 2.76784e-14)
(230.332 3.03619 3.17846e-14)
(228.313 5.89771 4.66559e-14)
(229.107 9.45451 6.15486e-14)
(232.381 12.179 7.26567e-14)
(236.797 13.492 7.64475e-14)
(240.965 13.6556 7.41346e-14)
(244.745 13.2577 5.62901e-14)
(248.115 12.4579 2.05181e-14)
(251.052 11.3454 -1.09973e-14)
(253.582 9.97904 -2.98044e-14)
(255.661 8.38396 -4.04552e-14)
(257.223 6.58544 -4.24443e-14)
(258.154 4.62291 -3.96152e-14)
(258.295 2.57262 -4.70915e-14)
(257.533 0.62954 -4.73751e-14)
(255.938 -1.01448 -4.29149e-14)
(253.789 -2.17813 -4.27473e-14)
(251.555 -2.75161 -4.78766e-14)
(249.568 -2.83744 -5.2049e-14)
(248.014 -2.61106 -6.52442e-14)
(246.908 -2.2262 -5.5282e-14)
(246.188 -1.80599 -4.87137e-14)
(245.752 -1.41495 -4.22121e-14)
(245.513 -1.08438 -8.89585e-14)
(245.395 -0.818793 -7.34983e-14)
(245.349 -0.608534 -6.95486e-14)
(245.344 -0.447624 -1.79821e-14)
(245.359 -0.326134 -3.49243e-14)
(245.381 -0.234287 -2.87256e-15)
(245.403 -0.166139 -6.01627e-14)
(245.423 -0.113163 -1.05693e-13)
(245.434 -0.0760336 -5.45721e-14)
(245.443 -0.0438019 6.60957e-15)
(245.442 -0.0272925 2.27676e-14)
(245.452 0.00971257 2.53328e-14)
(233.339 0.0351456 2.88089e-14)
(234.67 -0.0269918 3.12824e-14)
(239.771 -0.103576 2.62654e-14)
(240.804 -0.112969 2.09934e-14)
(241.938 -0.134115 2.39072e-14)
(242.705 -0.143536 3.48081e-14)
(243.222 -0.14832 4.15924e-14)
(243.657 -0.154774 6.55769e-14)
(244.029 -0.162297 7.16487e-14)
(244.321 -0.165107 7.32002e-14)
(244.566 -0.166682 3.59437e-14)
(244.773 -0.168549 -5.77543e-15)
(244.96 -0.16871 -3.3573e-14)
(245.108 -0.173495 -4.15183e-14)
(245.257 -0.174105 -4.62808e-14)
(245.334 -0.18795 -4.82627e-14)
(245.534 -0.183906 -5.25147e-14)
(235.816 0.255842 2.73797e-14)
(234.194 0.525084 2.03973e-14)
(232.24 1.11409 2.1937e-14)
(229.78 2.28795 2.74139e-14)
(226.875 4.78236 3.0946e-14)
(226.251 8.73777 4.49145e-14)
(229.007 12.4126 6.01149e-14)
(233.994 14.4094 7.12464e-14)
(238.651 14.8093 7.66463e-14)
(242.873 14.5622 7.51794e-14)
(246.575 13.8398 5.79021e-14)
(249.821 12.7914 2.26935e-14)
(252.652 11.4878 -9.70957e-15)
(255.056 9.95568 -3.05922e-14)
(257.002 8.21252 -3.57947e-14)
(258.4 6.27916 -4.16216e-14)
(259.123 4.1928 -4.75203e-14)
(258.985 2.06307 -4.74521e-14)
(257.91 0.0801053 -4.64364e-14)
(256.007 -1.52751 -4.28418e-14)
(253.643 -2.58962 -4.24305e-14)
(251.286 -3.04 -5.34688e-14)
(249.282 -3.01499 -5.13813e-14)
(247.759 -2.69964 -4.94056e-14)
(246.705 -2.26169 -4.06359e-14)
(246.035 -1.81112 -6.21708e-14)
(245.643 -1.4056 -5.01754e-14)
(245.438 -1.07271 -9.09265e-14)
(245.343 -0.803167 -4.82471e-14)
(245.313 -0.594288 -2.39504e-14)
(245.319 -0.435591 -2.89655e-14)
(245.342 -0.316294 -8.22147e-14)
(245.369 -0.226526 -1.50536e-14)
(245.394 -0.160122 -7.1437e-15)
(245.416 -0.108659 3.86514e-14)
(245.429 -0.0727221 4.52775e-15)
(245.439 -0.0414323 1.02538e-14)
(245.438 -0.0256927 2.08898e-14)
(245.448 0.0101036 2.62297e-14)
(231.676 0.0477069 2.86178e-14)
(233.338 -0.0351341 3.12622e-14)
(238.705 -0.138097 2.66242e-14)
(239.965 -0.150186 2.09024e-14)
(241.248 -0.174988 2.34438e-14)
(242.152 -0.185804 3.30918e-14)
(242.767 -0.19012 4.09915e-14)
(243.28 -0.196781 6.46912e-14)
(243.718 -0.203778 7.27559e-14)
(244.064 -0.20521 7.46338e-14)
(244.348 -0.205303 4.20121e-14)
(244.595 -0.203258 -2.37225e-15)
(244.799 -0.202051 -3.49268e-14)
(244.984 -0.198976 -4.4616e-14)
(245.128 -0.201953 -4.72913e-14)
(245.272 -0.200275 -4.81581e-14)
(245.349 -0.213754 -5.40366e-14)
(245.541 -0.207064 -5.01048e-14)
(233.874 0.357827 2.76735e-14)
(231.718 0.75769 2.03634e-14)
(229.201 1.67962 2.16064e-14)
(225.813 3.71329 2.6659e-14)
(223.577 7.70217 2.97161e-14)
(225.22 12.4119 4.33512e-14)
(230.885 15.41 5.84022e-14)
(236.196 16.0481 7.15179e-14)
(240.896 15.9396 7.74028e-14)
(244.941 15.2732 7.53954e-14)
(248.498 14.2724 5.93646e-14)
(251.612 13.016 2.53214e-14)
(254.304 11.5362 -3.31833e-15)
(256.574 9.85084 -2.83676e-14)
(258.366 7.96675 -3.65051e-14)
(259.585 5.90054 -3.90217e-14)
(260.059 3.7036 -5.11859e-14)
(259.623 1.49603 -4.78668e-14)
(258.211 -0.506127 -4.68063e-14)
(255.992 -2.05784 -4.35234e-14)
(253.425 -3.00287 -3.37101e-14)
(250.98 -3.31118 -4.14926e-14)
(248.979 -3.17088 -5.60341e-14)
(247.496 -2.77433 -6.67713e-14)
(246.501 -2.28715 -7.45049e-14)
(245.886 -1.80969 -6.31136e-14)
(245.538 -1.39235 -7.39704e-14)
(245.365 -1.05613 -6.17512e-14)
(245.292 -0.786256 -4.27125e-14)
(245.279 -0.579127 -2.88102e-14)
(245.296 -0.423067 6.27312e-15)
(245.325 -0.306307 3.62699e-14)
(245.358 -0.218721 -5.75063e-14)
(245.386 -0.154114 -2.82001e-15)
(245.41 -0.104195 -3.82406e-14)
(245.424 -0.0694563 1.45487e-15)
(245.435 -0.039118 1.01451e-13)
(245.434 -0.0241702 1.92419e-14)
(245.445 0.0104716 2.77383e-14)
(229.64 0.0650525 2.86594e-14)
(231.676 -0.0476936 3.11094e-14)
(237.392 -0.186429 2.69595e-14)
(238.94 -0.201511 2.07807e-14)
(240.412 -0.229805 2.34639e-14)
(241.481 -0.242285 3.35639e-14)
(242.219 -0.245836 4.02085e-14)
(242.829 -0.252318 6.33945e-14)
(243.347 -0.258064 7.25245e-14)
(243.759 -0.257985 7.29023e-14)
(244.097 -0.255067 4.67194e-14)
(244.382 -0.250349 5.52056e-16)
(244.626 -0.243452 -3.32474e-14)
(244.828 -0.238283 -4.27778e-14)
(245.009 -0.231112 -4.61875e-14)
(245.148 -0.231738 -4.6392e-14)
(245.289 -0.227447 -5.41439e-14)
(245.367 -0.240011 -5.40175e-14)
(245.546 -0.230524 -5.04362e-14)
(231.337 0.518168 2.80447e-14)
(228.678 1.14325 2.05408e-14)
(224.778 2.76179 2.12266e-14)
(221.606 6.35727 2.63759e-14)
(220.935 12.0652 2.84046e-14)
(227.581 16.6027 4.18203e-14)
(233.649 17.4388 5.87379e-14)
(238.862 17.4137 7.19017e-14)
(243.286 16.7755 7.719e-14)
(247.143 15.8023 7.43142e-14)
(250.513 14.5733 5.98071e-14)
(253.459 13.1302 2.79489e-14)
(256.003 11.4929 -2.55636e-15)
(258.12 9.66368 -2.50219e-14)
(259.746 7.64418 -3.89471e-14)
(260.758 5.45149 -4.30444e-14)
(260.974 3.13083 -3.76402e-14)
(260.199 0.870534 -3.54296e-14)
(258.427 -1.12575 -4.10061e-14)
(255.894 -2.60875 -4.51457e-14)
(253.15 -3.39572 -4.43543e-14)
(250.643 -3.56256 -3.98948e-14)
(248.655 -3.30993 -4.26289e-14)
(247.229 -2.83519 -4.88764e-14)
(246.298 -2.30278 -4.21769e-14)
(245.739 -1.80157 -6.64453e-14)
(245.438 -1.3792 -8.94302e-14)
(245.294 -1.03696 -7.43198e-14)
(245.244 -0.768102 -3.14732e-14)
(245.247 -0.563848 -2.8676e-14)
(245.274 -0.410341 -2.14109e-14)
(245.31 -0.296214 -9.56735e-14)
(245.347 -0.210897 -6.15673e-14)
(245.378 -0.14813 -5.40711e-14)
(245.404 -0.0997811 -3.14317e-14)
(245.419 -0.0662471 -3.06778e-15)
(245.431 -0.0368612 -8.10063e-15)
(245.431 -0.0226883 1.76578e-14)
(245.442 0.0108131 3.64895e-14)
(227.004 0.0934979 2.86381e-14)
(229.64 -0.0650377 3.11717e-14)
(235.816 -0.255835 2.74779e-14)
(237.682 -0.273326 2.02232e-14)
(239.392 -0.304445 2.39881e-14)
(240.666 -0.318303 3.19399e-14)
(241.557 -0.320608 3.74273e-14)
(242.286 -0.326136 6.1947e-14)
(242.903 -0.329837 7.22846e-14)
(243.398 -0.326962 7.10421e-14)
(243.799 -0.320652 5.33266e-14)
(244.138 -0.310813 4.59104e-15)
(244.42 -0.299689 -2.85471e-14)
(244.661 -0.286699 -4.60508e-14)
(244.86 -0.276675 -4.43834e-14)
(245.035 -0.26478 -4.34832e-14)
(245.172 -0.262569 -5.50535e-14)
(245.309 -0.2551 -4.88759e-14)
(245.385 -0.266338 -5.40004e-14)
(245.549 -0.253986 -5.08287e-14)
(228.295 0.788114 2.82952e-14)
(223.91 1.89679 2.07422e-14)
(220.263 4.95519 2.06245e-14)
(216.176 11.298 2.58879e-14)
(224.093 18.1375 2.74181e-14)
(231.143 18.9456 4.23582e-14)
(236.837 19.0079 5.83253e-14)
(241.678 18.3588 7.16592e-14)
(245.816 17.387 7.61579e-14)
(249.409 16.1629 7.54626e-14)
(252.576 14.7405 6.07903e-14)
(255.352 13.1383 3.01729e-14)
(257.733 11.3577 -3.12306e-15)
(259.689 9.39345 -2.21954e-14)
(261.134 7.24347 -3.3739e-14)
(261.923 4.9226 -4.38401e-14)
(261.831 2.5117 -5.02505e-14)
(260.698 0.192888 -4.68717e-14)
(258.545 -1.77447 -4.72618e-14)
(255.723 -3.14515 -5.57477e-14)
(252.809 -3.77865 -4.33606e-14)
(250.272 -3.79896 -2.98478e-14)
(248.319 -3.42876 -3.7499e-14)
(246.959 -2.8823 -4.49476e-14)
(246.097 -2.30884 -5.28391e-14)
(245.596 -1.78858 -6.28956e-14)
(245.341 -1.36183 -6.00205e-14)
(245.227 -1.01579 -7.81963e-14)
(245.199 -0.749046 -7.20447e-14)
(245.216 -0.547867 -3.82701e-14)
(245.253 -0.39742 -2.95529e-14)
(245.296 -0.286049 4.06297e-14)
(245.337 -0.203074 5.09818e-14)
(245.371 -0.142182 -4.25896e-15)
(245.399 -0.0954267 -2.78614e-14)
(245.414 -0.0630948 -3.26937e-14)
(245.427 -0.0346813 -8.96259e-15)
(245.428 -0.0212484 1.2891e-14)
(245.44 0.0111262 5.85324e-14)
(223.909 0.139807 2.85515e-14)
(227.004 -0.0934791 3.11736e-14)
(233.874 -0.357819 2.778e-14)
(236.127 -0.374377 2.0838e-14)
(238.143 -0.408036 2.39327e-14)
(239.67 -0.421644 3.00549e-14)
(240.752 -0.421538 3.78063e-14)
(241.631 -0.424908 6.02314e-14)
(242.371 -0.424871 7.23012e-14)
(242.965 -0.418046 7.04395e-14)
(243.447 -0.406079 5.89825e-14)
(243.849 -0.390197 1.04565e-14)
(244.185 -0.371278 -2.19941e-14)
(244.464 -0.352414 -4.64417e-14)
(244.701 -0.332192 -4.64391e-14)
(244.894 -0.316747 -4.42142e-14)
(245.065 -0.299507 -5.57976e-14)
(245.2 -0.293814 -4.66356e-14)
(245.331 -0.282754 -5.69701e-14)
(245.404 -0.292194 -5.03948e-14)
(245.551 -0.277011 -4.49302e-14)
(223.303 1.26162 2.8411e-14)
(219.671 3.59339 2.09633e-14)
(211.16 9.92774 2.04211e-14)
(220.749 20.0788 2.5935e-14)
(228.924 20.6156 2.75513e-14)
(235.039 20.6909 4.20075e-14)
(240.169 20.0079 5.82241e-14)
(244.568 19.0127 7.13083e-14)
(248.367 17.7781 7.63541e-14)
(251.714 16.3641 7.5169e-14)
(254.676 14.7857 6.3899e-14)
(257.273 13.0438 3.29057e-14)
(259.489 11.1321 2.21828e-15)
(261.271 9.03996 -2.23308e-14)
(262.523 6.76256 -3.36791e-14)
(263.049 4.32579 -4.25503e-14)
(262.628 1.82203 -3.71435e-14)
(261.105 -0.533111 -4.13805e-14)
(258.554 -2.4466 -4.54518e-14)
(255.458 -3.68336 -4.33386e-14)
(252.418 -4.13787 -4.50031e-14)
(249.874 -4.00868 -4.2107e-14)
(247.971 -3.5284 -2.99665e-14)
(246.689 -2.91566 -4.56239e-14)
(245.899 -2.30572 -3.36701e-14)
(245.459 -1.7715 -5.67497e-14)
(245.245 -1.33881 -5.69405e-14)
(245.163 -0.992876 -8.62981e-14)
(245.156 -0.728994 -9.71652e-14)
(245.187 -0.531352 -4.37174e-14)
(245.234 -0.384337 -1.52472e-14)
(245.283 -0.275841 -1.07021e-14)
(245.328 -0.195271 -5.02683e-14)
(245.364 -0.136283 -4.74662e-14)
(245.393 -0.0911365 4.22775e-14)
(245.41 -0.0600096 -7.83394e-14)
(245.424 -0.0325757 -9.61798e-14)
(245.425 -0.0198564 -9.03273e-15)
(245.438 0.011411 1.45756e-13)
(218.861 0.256262 2.87206e-14)
(223.908 -0.139786 3.11193e-14)
(231.337 -0.51816 2.81506e-14)
(234.194 -0.525075 2.07773e-14)
(236.596 -0.555965 2.2946e-14)
(238.448 -0.564819 2.97723e-14)
(239.774 -0.559364 3.66301e-14)
(240.839 -0.558298 5.78881e-14)
(241.732 -0.552153 6.99565e-14)
(242.45 -0.53845 7.15686e-14)
(243.028 -0.518453 6.15789e-14)
(243.51 -0.493107 1.53989e-14)
(243.909 -0.465321 -2.06892e-14)
(244.241 -0.435618 -4.49247e-14)
(244.515 -0.407698 -4.70895e-14)
(244.746 -0.37923 -4.28297e-14)
(244.934 -0.35777 -5.39623e-14)
(245.101 -0.334522 -5.28897e-14)
(245.231 -0.324971 -5.71329e-14)
(245.353 -0.309903 -5.32063e-14)
(245.422 -0.316936 -4.85284e-14)
(245.551 -0.299136 -5.13974e-14)
(219.48 2.16433 2.89905e-14)
(205.436 8.32077 2.10518e-14)
(217.55 22.6404 1.96992e-14)
(227.129 22.2842 2.59742e-14)
(233.558 22.3946 2.7645e-14)
(238.903 21.6575 4.12529e-14)
(243.45 20.6475 5.81707e-14)
(247.435 19.3999 7.08051e-14)
(250.933 17.9886 7.54493e-14)
(254.033 16.4261 7.63836e-14)
(256.793 14.7157 6.43654e-14)
(259.215 12.8506 3.62058e-14)
(261.26 10.8172 4.12365e-15)
(262.863 8.60204 -2.21215e-14)
(263.896 6.20228 -3.47401e-14)
(264.15 3.63396 -3.50959e-14)
(263.354 1.0616 -4.30827e-14)
(261.406 -1.30485 -4.69236e-14)
(258.452 -3.15082 -3.91664e-14)
(255.115 -4.19812 -4.64439e-14)
(251.974 -4.47422 -4.74509e-14)
(249.449 -4.19392 -4.08821e-14)
(247.618 -3.60896 -4.84953e-14)
(246.42 -2.93544 -4.4502e-14)
(245.706 -2.29409 -5.44803e-14)
(245.328 -1.75368 -7.07447e-14)
(245.154 -1.31255 -5.27211e-14)
(245.102 -0.968555 -8.20465e-14)
(245.115 -0.708517 -1.03647e-13)
(245.16 -0.514572 -5.60386e-14)
(245.216 -0.371133 -3.9768e-14)
(245.27 -0.265619 1.38429e-14)
(245.319 -0.187502 8.23644e-15)
(245.358 -0.130443 1.95053e-14)
(245.389 -0.0869165 4.71786e-14)
(245.406 -0.0569818 -1.60755e-14)
(245.421 -0.0305367 9.16363e-14)
(245.423 -0.0185156 -6.70275e-14)
(245.436 0.0116696 2.28661e-14)
(214.869 1.04728 2.87871e-14)
(218.861 -0.256237 3.13108e-14)
(228.295 -0.788107 2.84261e-14)
(231.718 -0.75768 2.07404e-14)
(234.676 -0.774653 2.27212e-14)
(236.941 -0.767941 2.86079e-14)
(238.578 -0.751747 3.51466e-14)
(239.88 -0.740723 5.67646e-14)
(240.962 -0.724296 6.9459e-14)
(241.832 -0.698941 7.4378e-14)
(242.533 -0.66624 6.62358e-14)
(243.111 -0.628156 2.39189e-14)
(243.588 -0.586633 -1.83809e-14)
(243.981 -0.544744 -4.33185e-14)
(244.308 -0.50256 -4.92822e-14)
(244.574 -0.46442 -4.45081e-14)
(244.798 -0.426875 -5.09083e-14)
(244.981 -0.398799 -5.20916e-14)
(245.141 -0.369059 -5.11255e-14)
(245.264 -0.355223 -5.56752e-14)
(245.376 -0.335912 -4.87545e-14)
(245.44 -0.339895 -5.0919e-14)
(245.551 -0.319542 -3.19527e-14)
(200.529 5.01757 2.97135e-14)
(215.029 25.406 2.12803e-14)
(225.639 23.9107 1.97212e-14)
(232.441 23.9441 2.60885e-14)
(237.953 23.244 2.755e-14)
(242.582 22.2254 4.09303e-14)
(246.632 20.9898 5.73248e-14)
(250.256 19.5866 7.00463e-14)
(253.475 18.0416 7.62603e-14)
(256.354 16.3609 7.6714e-14)
(258.923 14.5386 6.74522e-14)
(261.17 12.5619 3.95249e-14)
(263.042 10.4135 7.2547e-15)
(264.454 8.08028 -1.60847e-14)
(265.259 5.55358 -2.90189e-14)
(265.185 2.88507 -4.00525e-14)
(263.991 0.235393 -4.32857e-14)
(261.585 -2.11669 -4.09005e-14)
(258.253 -3.84018 -4.56867e-14)
(254.682 -4.70121 -4.69035e-14)
(251.494 -4.78205 -4.14546e-14)
(249.005 -4.35226 -4.11057e-14)
(247.261 -3.67075 -3.91317e-14)
(246.155 -2.94219 -4.55606e-14)
(245.52 -2.27551 -6.22844e-14)
(245.201 -1.7279 -5.13962e-14)
(245.067 -1.2838 -7.41366e-14)
(245.044 -0.942407 -6.75882e-14)
(245.077 -0.687152 -8.54173e-14)
(245.134 -0.497554 -7.12998e-14)
(245.198 -0.357851 -4.29824e-14)
(245.259 -0.255408 -1.62056e-14)
(245.311 -0.179785 1.62203e-14)
(245.352 -0.124671 4.79506e-14)
(245.384 -0.0827683 -9.45394e-14)
(245.403 -0.0540133 -1.10564e-14)
(245.418 -0.0285695 -9.29747e-14)
(245.42 -0.0172279 -2.45371e-15)
(245.434 0.0118945 5.53097e-14)
(189.725 6.53491 2.87375e-14)
(214.869 -1.04725 3.14132e-14)
(223.303 -1.26162 2.85871e-14)
(228.678 -1.14324 2.09136e-14)
(232.24 -1.11408 2.23622e-14)
(235.073 -1.06719 2.83912e-14)
(237.109 -1.02618 3.42649e-14)
(238.715 -0.994351 5.52226e-14)
(240.034 -0.958741 6.86324e-14)
(241.096 -0.914071 7.41661e-14)
(241.945 -0.862194 6.84607e-14)
(242.643 -0.804817 2.79827e-14)
(243.214 -0.745139 -1.56513e-14)
(243.684 -0.684561 -4.07187e-14)
(244.069 -0.626691 -5.14337e-14)
(244.385 -0.570496 -4.30665e-14)
(244.642 -0.521425 -4.75287e-14)
(244.86 -0.473931 -5.22239e-14)
(245.036 -0.438693 -4.77203e-14)
(245.185 -0.402302 -5.65186e-14)
(245.3 -0.383799 -4.823e-14)
(245.4 -0.359986 -5.41916e-14)
(245.459 -0.360553 -4.1515e-14)
(245.551 -0.337592 -2.46168e-14)
(211.53 29.6903 3.0618e-14)
(224.695 25.3585 2.31726e-14)
(231.517 25.3111 1.90147e-14)
(237.275 24.6123 2.59058e-14)
(241.983 23.6913 2.76732e-14)
(246.058 22.4837 4.04069e-14)
(249.703 21.1191 5.67152e-14)
(253.02 19.6051 7.02323e-14)
(255.995 17.9604 7.53205e-14)
(258.668 16.182 7.77115e-14)
(261.057 14.2603 6.7712e-14)
(263.133 12.1803 4.29189e-14)
(264.828 9.92207 1.0278e-14)
(266.04 7.4715 -1.6028e-14)
(266.577 4.828 -2.64441e-14)
(266.154 2.0533 -3.71533e-14)
(264.52 -0.6531 -4.52283e-14)
(261.624 -2.96135 -4.81403e-14)
(257.928 -4.53571 -4.38542e-14)
(254.178 -5.17195 -5.23559e-14)
(250.969 -5.0637 -2.33466e-14)
(248.546 -4.48396 -2.92562e-14)
(246.903 -3.71372 -4.81689e-14)
(245.893 -2.93607 -3.7977e-14)
(245.341 -2.2537 -2.26106e-14)
(245.077 -1.69593 -4.83885e-14)
(244.984 -1.25264 -3.56858e-14)
(244.989 -0.916239 -3.10054e-14)
(245.041 -0.665294 -9.25111e-14)
(245.111 -0.480347 -1.16246e-13)
(245.182 -0.344529 -6.42492e-14)
(245.248 -0.245231 -2.36271e-14)
(245.303 -0.172133 8.59744e-15)
(245.346 -0.118976 3.5533e-14)
(245.38 -0.0786973 6.06187e-14)
(245.399 -0.0511074 -2.75314e-14)
(245.416 -0.0266776 1.01861e-13)
(245.418 -0.015998 -1.69103e-14)
(245.432 0.0120767 7.40108e-14)
(201.364 30.8288 2.86133e-14)
(189.725 -6.53486 3.14216e-14)
(219.48 -2.16433 2.91804e-14)
(223.91 -1.89677 2.11128e-14)
(229.201 -1.67961 2.19886e-14)
(232.72 -1.52937 2.76735e-14)
(235.302 -1.42939 3.22768e-14)
(237.299 -1.35372 5.35704e-14)
(238.92 -1.28256 6.78136e-14)
(240.218 -1.2053 7.37381e-14)
(241.251 -1.12324 7.08107e-14)
(242.094 -1.03768 3.48474e-14)
(242.781 -0.950906 -9.20241e-15)
(243.341 -0.86635 -4.17327e-14)
(243.8 -0.784412 -5.23236e-14)
(244.171 -0.708959 -4.01878e-14)
(244.475 -0.637741 -4.91829e-14)
(244.723 -0.577078 -4.75608e-14)
(244.931 -0.518911 -5.36782e-14)
(245.096 -0.476424 -5.68522e-14)
(245.233 -0.433165 -4.98007e-14)
(245.338 -0.40978 -4.4734e-14)
(245.426 -0.381436 -4.53009e-14)
(245.479 -0.377872 -1.11574e-14)
(245.55 -0.352796 1.01696e-15)
(224.123 26.833 2.82636e-14)
(230.861 26.4515 2.26534e-14)
(236.666 25.7928 1.93146e-14)
(241.579 24.912 2.4422e-14)
(245.704 23.8331 2.72752e-14)
(249.352 22.5306 3.99731e-14)
(252.669 21.0786 5.60235e-14)
(255.727 19.4862 6.98956e-14)
(258.486 17.7608 7.61123e-14)
(260.975 15.8977 7.69663e-14)
(263.192 13.8859 7.06639e-14)
(265.1 11.708 4.53292e-14)
(266.614 9.34251 1.09324e-14)
(267.607 6.77728 -1.35281e-14)
(267.865 3.9977 -3.29604e-14)
(267.042 1.13742 -3.41373e-14)
(264.92 -1.60218 -4.09853e-14)
(261.518 -3.84812 -4.11492e-14)
(257.496 -5.20092 -4.30944e-14)
(253.597 -5.61614 -3.4152e-14)
(250.413 -5.30724 -5.31825e-14)
(248.078 -4.58951 -4.46435e-14)
(246.548 -3.73798 -3.68081e-14)
(245.64 -2.91941 -1.84242e-14)
(245.17 -2.22804 -4.17849e-14)
(244.959 -1.65998 -2.833e-14)
(244.906 -1.21981 -3.64703e-14)
(244.937 -0.88871 -2.22566e-14)
(245.007 -0.643106 -8.23218e-14)
(245.088 -0.463006 -8.19185e-14)
(245.168 -0.3312 -6.605e-14)
(245.238 -0.235108 -3.93983e-14)
(245.296 -0.164559 -7.59646e-15)
(245.341 -0.113365 -2.93801e-14)
(245.376 -0.0747061 -1.83979e-14)
(245.396 -0.0482663 -1.46707e-14)
(245.413 -0.0248636 -5.35131e-15)
(245.416 -0.0148256 -2.27871e-14)
(245.431 0.0121934 1.55738e-13)
(216.542 26.3055 2.84834e-14)
(201.364 -30.8288 3.14378e-14)
(200.529 -5.01751 2.98821e-14)
(219.671 -3.59337 2.13109e-14)
(224.778 -2.76178 2.15732e-14)
(229.78 -2.28794 2.74442e-14)
(233.066 -2.04524 3.14038e-14)
(235.582 -1.87661 5.13346e-14)
(237.586 -1.7372 6.68505e-14)
(239.179 -1.60386 7.34374e-14)
(240.438 -1.47344 7.15506e-14)
(241.457 -1.34495 3.97714e-14)
(242.283 -1.22014 -4.03054e-15)
(242.953 -1.10005 -4.04164e-14)
(243.495 -0.988292 -5.02176e-14)
(243.937 -0.882941 -4.2347e-14)
(244.29 -0.789077 -5.34501e-14)
(244.581 -0.70183 -4.68384e-14)
(244.817 -0.629475 -5.51309e-14)
(245.01 -0.560786 -5.09212e-14)
(245.162 -0.510593 -5.1715e-14)
(245.285 -0.460585 -3.96552e-14)
(245.379 -0.432209 -5.01569e-14)
(245.454 -0.399078 -2.02537e-14)
(245.498 -0.391555 -3.72112e-15)
(245.55 -0.363902 -4.39333e-15)
(230.676 27.4942 2.955e-14)
(236.284 26.7277 2.27778e-14)
(241.151 25.9446 1.99539e-14)
(245.475 24.9415 2.4184e-14)
(249.175 23.7822 2.70175e-14)
(252.492 22.415 3.92613e-14)
(255.542 20.9025 5.55063e-14)
(258.383 19.2486 6.84535e-14)
(260.954 17.4547 7.58003e-14)
(263.273 15.5154 7.7265e-14)
(265.327 13.4186 7.19279e-14)
(267.067 11.1458 5.10164e-14)
(268.392 8.67488 1.526e-14)
(269.159 5.98808 -1.08066e-14)
(269.084 3.09968 -3.08565e-14)
(267.83 0.140751 -3.63594e-14)
(265.171 -2.60739 -4.09105e-14)
(261.28 -4.7205 -4.14239e-14)
(256.942 -5.85553 -4.12765e-14)
(252.975 -6.01586 -5.17485e-14)
(249.828 -5.516 -6.33422e-14)
(247.606 -4.66938 -5.17671e-14)
(246.197 -3.74449 -3.29226e-14)
(245.396 -2.89286 -2.2766e-14)
(245.002 -2.19034 -3.82121e-14)
(244.846 -1.62063 -2.81297e-14)
(244.832 -1.18492 -4.04871e-14)
(244.889 -0.86019 -4.49332e-14)
(244.975 -0.620626 -4.86749e-14)
(245.067 -0.445584 -1.29351e-13)
(245.154 -0.317896 -3.82236e-14)
(245.228 -0.225058 -5.49852e-14)
(245.29 -0.157072 -2.12015e-14)
(245.337 -0.107843 6.78394e-15)
(245.373 -0.0707966 -5.04038e-15)
(245.393 -0.045497 -4.0008e-14)
(245.411 -0.0231316 1.66647e-14)
(245.414 -0.0137334 -9.30579e-15)
(245.429 0.0122424 4.60359e-14)
(223.964 27.9144 2.85068e-14)
(216.542 -26.3055 3.14501e-14)
(211.53 -29.6903 3.06164e-14)
(205.436 -8.32073 2.14365e-14)
(220.263 -4.95517 2.09558e-14)
(225.813 -3.71328 2.66248e-14)
(230.332 -3.03618 3.11838e-14)
(233.516 -2.66188 4.91351e-14)
(236.007 -2.38775 6.59831e-14)
(237.964 -2.15548 7.37261e-14)
(239.498 -1.94625 7.31657e-14)
(240.729 -1.75218 4.59262e-14)
(241.718 -1.5711 6.93852e-17)
(242.516 -1.40301 -3.63588e-14)
(243.161 -1.24674 -5.05524e-14)
(243.677 -1.10611 -4.07085e-14)
(244.095 -0.97662 -4.46869e-14)
(244.43 -0.863997 -4.85039e-14)
(244.704 -0.761577 -5.24743e-14)
(244.921 -0.677283 -5.54999e-14)
(245.097 -0.597793 -5.05968e-14)
(245.233 -0.540184 -3.99285e-14)
(245.342 -0.483175 -5.6792e-14)
(245.422 -0.450136 -3.10112e-14)
(245.484 -0.412547 1.32529e-15)
(245.519 -0.400831 -3.9431e-15)
(245.55 -0.371546 -5.74608e-15)
(236.3 27.6235 2.85885e-14)
(240.939 26.7204 2.26603e-14)
(245.183 25.8431 2.04028e-14)
(249.073 24.7972 2.4065e-14)
(252.449 23.5829 2.73438e-14)
(255.507 22.1731 3.84408e-14)
(258.339 20.6125 5.42126e-14)
(260.995 18.9065 6.85431e-14)
(263.4 17.0506 7.5662e-14)
(265.562 15.0395 7.74006e-14)
(267.459 12.8607 7.33487e-14)
(269.031 10.4942 5.28653e-14)
(270.163 7.91551 2.02131e-14)
(270.661 5.11555 -7.04813e-15)
(270.232 2.10661 -2.56074e-14)
(268.493 -0.934724 -3.44485e-14)
(265.243 -3.65907 -4.03599e-14)
(260.876 -5.60985 -4.03868e-14)
(256.292 -6.46464 -4.22436e-14)
(252.285 -6.38709 -4.44865e-14)
(249.223 -5.68792 -3.82993e-14)
(247.134 -4.72357 -5.33521e-14)
(245.852 -3.73329 -4.93355e-14)
(245.162 -2.86528 -4.70718e-14)
(244.841 -2.14593 -4.30045e-14)
(244.74 -1.57847 -6.38268e-14)
(244.762 -1.14946 -4.48462e-14)
(244.843 -0.831129 -6.0373e-14)
(244.945 -0.597925 -5.9537e-14)
(245.048 -0.428127 -8.16112e-14)
(245.141 -0.304643 -1.04164e-13)
(245.22 -0.215093 -9.25486e-14)
(245.284 -0.149681 -2.3102e-14)
(245.332 -0.102415 9.47778e-15)
(245.369 -0.0669712 6.76579e-16)
(245.391 -0.0427961 -4.19801e-14)
(245.409 -0.0214771 -7.89088e-14)
(245.412 -0.0126936 8.59621e-14)
(245.428 0.0122481 6.9085e-14)
(230.578 27.8763 2.97246e-14)
(223.964 -27.9144 2.88447e-14)
(224.123 -26.833 2.85125e-14)
(215.029 -25.4059 2.17975e-14)
(211.16 -9.92771 2.07799e-14)
(221.606 -6.35726 2.65223e-14)
(226.875 -4.78235 3.04265e-14)
(231.074 -3.88472 4.72616e-14)
(234.175 -3.33764 6.61667e-14)
(236.575 -2.9265 7.37922e-14)
(238.435 -2.58751 7.44304e-14)
(239.913 -2.29202 5.04549e-14)
(241.094 -2.0285 6.29264e-15)
(242.038 -1.7913 -3.2734e-14)
(242.796 -1.57844 -4.66656e-14)
(243.405 -1.38467 -4.48632e-14)
(243.888 -1.2173 -4.53586e-14)
(244.277 -1.06323 -4.80126e-14)
(244.59 -0.932008 -5.35369e-14)
(244.841 -0.811962 -5.57276e-14)
(245.036 -0.716687 -4.98737e-14)
(245.191 -0.627258 -3.94495e-14)
(245.309 -0.563211 -5.81268e-14)
(245.402 -0.499864 -3.3186e-14)
(245.468 -0.462493 -5.49929e-15)
(245.515 -0.420562 -2.75525e-15)
(245.542 -0.405261 -9.89687e-15)
(245.55 -0.374016 -1.50739e-14)
(241.029 27.5448 2.9856e-14)
(245.046 26.541 2.19926e-14)
(248.869 25.6076 2.01585e-14)
(252.442 24.5208 2.32633e-14)
(255.57 23.2706 2.69109e-14)
(258.424 21.8261 3.77724e-14)
(261.076 20.2231 5.32939e-14)
(263.572 18.469 6.81392e-14)
(265.83 16.5539 7.62608e-14)
(267.845 14.4731 7.75981e-14)
(269.588 12.2131 7.42558e-14)
(270.989 9.75191 5.65803e-14)
(271.909 7.06628 2.8628e-14)
(272.133 4.12838 -4.17384e-15)
(271.293 1.01607 -2.36174e-14)
(269.004 -2.0878 -3.36416e-14)
(265.133 -4.75818 -4.06656e-14)
(260.328 -6.46063 -3.88472e-14)
(255.534 -7.04226 -4.1811e-14)
(251.555 -6.70444 -3.07486e-14)
(248.605 -5.82407 -5.40609e-14)
(246.664 -4.75231 -5.4041e-14)
(245.52 -3.70885 -5.32988e-14)
(244.937 -2.82535 -6.26435e-14)
(244.687 -2.09652 -4.35062e-14)
(244.639 -1.53292 -4.09687e-14)
(244.697 -1.11234 -4.53713e-14)
(244.801 -0.801653 -6.2148e-14)
(244.918 -0.575075 -1.1241e-14)
(245.03 -0.410676 -9.87469e-14)
(245.129 -0.291464 -1.39575e-13)
(245.212 -0.205229 -3.75605e-14)
(245.278 -0.142392 -3.90611e-14)
(245.329 -0.0970845 1.23599e-14)
(245.366 -0.0632292 1.0874e-14)
(245.389 -0.0401679 -2.37952e-14)
(245.407 -0.019925 4.04151e-14)
(245.41 -0.0116943 -1.9266e-13)
(245.428 0.0121854 -6.119e-14)
(236.027 27.5789 2.84683e-14)
(230.578 -27.8763 3.01559e-14)
(230.676 -27.4942 2.97117e-14)
(224.695 -25.3585 2.35361e-14)
(217.55 -22.6404 2.00714e-14)
(216.176 -11.298 2.60307e-14)
(223.577 -7.70216 2.93705e-14)
(228.313 -5.8977 4.53953e-14)
(232.125 -4.76141 6.43205e-14)
(235.037 -4.01862 7.31478e-14)
(237.274 -3.45941 7.53145e-14)
(239.031 -3.00725 5.52458e-14)
(240.425 -2.62313 1.16785e-14)
(241.533 -2.28979 -2.79115e-14)
(242.418 -1.99931 -4.51955e-14)
(243.124 -1.74144 -4.73639e-14)
(243.685 -1.51033 -4.38004e-14)
(244.13 -1.31169 -5.19588e-14)
(244.487 -1.13427 -5.02767e-14)
(244.768 -0.986599 -4.73734e-14)
(244.988 -0.852248 -5.2649e-14)
(245.158 -0.747032 -3.74482e-14)
(245.29 -0.648353 -5.36903e-14)
(245.39 -0.578681 -3.01936e-14)
(245.463 -0.509683 -7.06821e-15)
(245.515 -0.468725 -1.3624e-15)
(245.546 -0.422984 -9.191e-15)
(245.566 -0.404346 -5.83812e-15)
(245.549 -0.37125 1.70028e-15)
(245.279 27.2192 3.06635e-14)
(248.797 26.2249 2.22925e-14)
(252.302 25.2589 1.97174e-14)
(255.636 24.1438 2.25206e-14)
(258.574 22.8637 2.66691e-14)
(261.267 21.3879 3.71528e-14)
(263.764 19.7434 5.21625e-14)
(266.124 17.9415 6.68055e-14)
(268.247 15.9681 7.49482e-14)
(270.123 13.8175 7.7959e-14)
(271.713 11.4756 7.41387e-14)
(272.937 8.91785 6.09455e-14)
(273.633 6.11848 3.17468e-14)
(273.536 3.06372 2.06102e-15)
(272.244 -0.172291 -1.77746e-14)
(269.331 -3.31575 -3.23716e-14)
(264.838 -5.85287 -3.91845e-14)
(259.615 -7.30032 -3.26074e-14)
(254.724 -7.55755 -4.74361e-14)
(250.786 -6.97554 -5.37204e-14)
(247.982 -5.92529 -6.18019e-14)
(246.2 -4.75635 -4.42753e-14)
(245.2 -3.67439 -3.8192e-14)
(244.716 -2.77179 -3.87504e-14)
(244.541 -2.04236 -1.83616e-14)
(244.544 -1.48707 -2.67769e-14)
(244.636 -1.07417 -3.7681e-14)
(244.761 -0.771822 2.20901e-16)
(244.892 -0.552142 -5.65379e-14)
(245.013 -0.393267 -6.73062e-14)
(245.118 -0.27838 -7.12244e-14)
(245.204 -0.195474 -8.65192e-14)
(245.273 -0.135211 -6.08579e-14)
(245.325 -0.0918554 1.28704e-14)
(245.364 -0.0595699 2.41501e-14)
(245.387 -0.037608 1.07469e-13)
(245.406 -0.0184497 1.02924e-14)
(245.409 -0.0107451 6.60592e-14)
(245.427 0.0120321 -1.18491e-13)
(240.688 27.1917 2.84816e-14)
(236.027 -27.5789 2.75964e-14)
(236.3 -27.6235 2.87798e-14)
(230.861 -26.4515 2.30948e-14)
(225.639 -23.9107 2.00864e-14)
(220.749 -20.0788 2.60045e-14)
(220.935 -12.0652 2.80429e-14)
(226.251 -8.73776 4.37525e-14)
(230.257 -6.80342 6.22936e-14)
(233.541 -5.5344 7.40677e-14)
(236.109 -4.64052 7.44626e-14)
(238.141 -3.9522 5.88404e-14)
(239.753 -3.3938 1.54181e-14)
(241.033 -2.92412 -2.61627e-14)
(242.052 -2.52232 -4.45641e-14)
(242.862 -2.17313 -4.69367e-14)
(243.499 -1.87446 -4.60484e-14)
(244.003 -1.61099 -4.93057e-14)
(244.401 -1.38774 -5.01656e-14)
(244.716 -1.18901 -6.06538e-14)
(244.958 -1.02635 -4.96659e-14)
(245.145 -0.878969 -4.39859e-14)
(245.287 -0.765536 -5.14055e-14)
(245.393 -0.659334 -4.61669e-14)
(245.472 -0.585242 -1.52507e-14)
(245.525 -0.512012 -1.04737e-15)
(245.562 -0.468099 -9.13375e-15)
(245.576 -0.41991 -7.89589e-15)
(245.586 -0.397593 -9.3418e-16)
(245.549 -0.363572 1.24321e-14)
(249.1 26.8583 3.07643e-14)
(252.283 25.8159 2.31748e-14)
(255.543 24.8281 2.11591e-14)
(258.7 23.6858 2.24345e-14)
(261.495 22.375 2.66758e-14)
(264.053 20.8653 3.65532e-14)
(266.419 19.1788 5.10279e-14)
(268.657 17.3271 6.63162e-14)
(270.656 15.2944 7.47801e-14)
(272.396 13.073 7.84863e-14)
(273.832 10.647 7.64333e-14)
(274.87 7.98923 6.31513e-14)
(275.312 5.0791 3.47002e-14)
(274.869 1.89245 6.06262e-15)
(273.052 -1.4591 -1.90206e-14)
(269.437 -4.61442 -3.31606e-14)
(264.327 -6.97077 -3.4605e-14)
(258.772 -8.07942 -4.81672e-14)
(253.82 -8.03774 -4.11315e-14)
(249.991 -7.1966 -4.4599e-14)
(247.359 -5.99142 -4.4845e-14)
(245.749 -4.73829 -4.26313e-14)
(244.895 -3.63542 -3.38794e-14)
(244.507 -2.71006 -4.53223e-14)
(244.404 -1.98497 -4.28427e-14)
(244.455 -1.43885 -5.54146e-14)
(244.578 -1.03539 -3.42119e-14)
(244.724 -0.74174 -7.23938e-14)
(244.868 -0.529183 -3.27841e-14)
(244.997 -0.375934 9.41964e-15)
(245.107 -0.265406 -3.83417e-14)
(245.197 -0.185838 -3.98984e-14)
(245.269 -0.128142 -7.80429e-14)
(245.322 -0.0867341 -4.93905e-14)
(245.361 -0.0559948 2.49206e-14)
(245.385 -0.0351212 -2.17881e-14)
(245.404 -0.0170357 5.35937e-14)
(245.408 -0.00984609 7.5104e-14)
(245.426 0.0117921 5.37253e-14)
(244.832 26.7442 2.85225e-14)
(240.688 -27.1917 2.76815e-14)
(241.029 -27.5448 3.01834e-14)
(236.284 -26.7277 2.31678e-14)
(231.517 -25.3111 1.93846e-14)
(227.129 -22.2842 2.63136e-14)
(224.093 -18.1375 2.71077e-14)
(225.22 -12.4119 4.2489e-14)
(229.107 -9.4545 6.0917e-14)
(232.398 -7.50928 7.2834e-14)
(235.153 -6.13882 7.49773e-14)
(237.381 -5.13211 6.28767e-14)
(239.17 -4.34243 2.30634e-14)
(240.597 -3.69976 -2.29523e-14)
(241.736 -3.16125 -4.19077e-14)
(242.639 -2.70557 -4.60337e-14)
(243.352 -2.31118 -4.47326e-14)
(243.911 -1.97645 -5.05425e-14)
(244.351 -1.68352 -4.87362e-14)
(244.695 -1.43859 -5.16497e-14)
(244.958 -1.22198 -4.73751e-14)
(245.158 -1.04749 -4.49984e-14)
(245.307 -0.890115 -5.07405e-14)
(245.419 -0.770671 -4.98731e-14)
(245.496 -0.659398 -1.55352e-14)
(245.554 -0.582195 -8.08539e-15)
(245.585 -0.506515 4.40581e-16)
(245.607 -0.459878 -4.02465e-15)
(245.605 -0.410948 -4.22727e-15)
(245.606 -0.385127 1.41694e-14)
(245.548 -0.350013 2.55188e-14)
(252.624 26.4088 3.08557e-14)
(255.571 25.3342 2.32098e-14)
(258.651 24.3261 2.08689e-14)
(261.67 23.1544 2.21229e-14)
(264.351 21.8104 2.60061e-14)
(266.799 20.2639 3.61042e-14)
(269.051 18.5308 4.98956e-14)
(271.178 16.6275 6.46268e-14)
(273.06 14.5332 7.43873e-14)
(274.666 12.2385 7.74995e-14)
(275.945 9.72539 7.69597e-14)
(276.777 6.96592 6.47618e-14)
(276.958 3.9234 4.09105e-14)
(276.116 0.605934 1.0203e-14)
(273.684 -2.84709 -1.13536e-14)
(269.317 -5.96135 -2.37144e-14)
(263.619 -8.04839 -3.47386e-14)
(257.784 -8.81807 -4.57924e-14)
(252.865 -8.44473 -3.83313e-14)
(249.178 -7.36902 -3.99711e-14)
(246.741 -6.02343 -4.8159e-14)
(245.314 -4.7008 -4.59255e-14)
(244.597 -3.57371 -5.939e-14)
(244.307 -2.6418 -5.30246e-14)
(244.274 -1.92338 -4.93889e-14)
(244.372 -1.38875 -7.33617e-14)
(244.525 -0.99608 -5.42962e-14)
(244.69 -0.711499 -3.077e-14)
(244.846 -0.506249 -2.96616e-14)
(244.983 -0.358701 2.3065e-14)
(245.098 -0.252557 -2.28368e-14)
(245.191 -0.176327 -4.34895e-14)
(245.264 -0.121187 -3.15976e-14)
(245.319 -0.0817162 -4.13351e-15)
(245.359 -0.0525051 1.38601e-14)
(245.383 -0.0327095 1.17781e-13)
(245.403 -0.015684 2.05312e-14)
(245.406 -0.00899416 -3.61668e-14)
(245.426 0.011457 4.88223e-14)
(248.61 26.2293 2.96422e-14)
(244.832 -26.7442 2.7582e-14)
(245.279 -27.2192 3.07542e-14)
(240.939 -26.7204 2.31298e-14)
(236.666 -25.7928 1.96985e-14)
(232.441 -23.9441 2.62551e-14)
(228.924 -20.6156 2.71914e-14)
(227.581 -16.6027 4.08748e-14)
(229.007 -12.4125 5.85953e-14)
(231.982 -9.83069 7.32567e-14)
(234.604 -7.95409 7.52215e-14)
(236.877 -6.56469 6.59025e-14)
(238.758 -5.49467 2.73512e-14)
(240.286 -4.63449 -1.7463e-14)
(241.516 -3.92779 -4.07164e-14)
(242.499 -3.3332 -4.71193e-14)
(243.273 -2.83203 -4.7528e-14)
(243.879 -2.4 -5.33988e-14)
(244.353 -2.0371 -4.46721e-14)
(244.72 -1.72107 -5.2644e-14)
(244.999 -1.46014 -4.53711e-14)
(245.207 -1.2305 -4.48261e-14)
(245.361 -1.04795 -4.7865e-14)
(245.469 -0.884458 -4.43389e-14)
(245.55 -0.761489 -1.9296e-14)
(245.597 -0.647891 -9.03351e-15)
(245.633 -0.568567 1.18462e-15)
(245.642 -0.492695 -1.03337e-14)
(245.649 -0.444483 -1.18225e-14)
(245.632 -0.396273 1.25123e-14)
(245.624 -0.366673 1.44616e-14)
(245.548 -0.330831 1.78238e-14)
(255.938 25.8985 2.99021e-14)
(258.719 24.7952 2.33732e-14)
(261.66 23.7567 2.09949e-14)
(264.576 22.5535 2.15658e-14)
(267.161 21.1725 2.55094e-14)
(269.517 19.5841 3.49893e-14)
(271.674 17.8008 4.85382e-14)
(273.694 15.842 6.32356e-14)
(275.46 13.6835 7.45837e-14)
(276.933 11.3124 7.70414e-14)
(278.044 8.70803 7.73435e-14)
(278.657 5.84024 6.73633e-14)
(278.543 2.68108 4.30356e-14)
(277.25 -0.797002 1.5111e-14)
(274.088 -4.33357 -8.68569e-15)
(268.934 -7.32553 -2.77669e-14)
(262.695 -9.10673 -3.49713e-14)
(256.729 -9.47301 -3.70433e-14)
(251.859 -8.79036 -3.55797e-14)
(248.359 -7.49418 -3.53499e-14)
(246.131 -6.02103 -4.8083e-14)
(244.897 -4.6573 -4.87486e-14)
(244.311 -3.49811 -3.36646e-14)
(244.119 -2.56763 -5.28668e-14)
(244.153 -1.86092 -6.31649e-14)
(244.295 -1.33753 -3.52396e-14)
(244.475 -0.956356 -5.90588e-14)
(244.658 -0.681181 -1.00663e-14)
(244.825 -0.483385 -2.07398e-14)
(244.97 -0.341593 -3.94688e-14)
(245.089 -0.239845 -2.11751e-14)
(245.185 -0.166946 -6.86251e-14)
(245.26 -0.114349 -1.08609e-13)
(245.316 -0.0767979 -4.10672e-14)
(245.357 -0.0491066 1.02477e-13)
(245.381 -0.0303716 -5.78115e-14)
(245.402 -0.014392 -7.91838e-14)
(245.405 -0.00818753 8.72614e-14)
(245.425 0.0110337 2.44735e-14)
(252.118 25.6689 2.96322e-14)
(248.61 -26.2292 2.63411e-14)
(249.1 -26.8583 3.08323e-14)
(245.046 -26.541 2.24251e-14)
(241.151 -25.9446 2.04073e-14)
(237.275 -24.6123 2.60342e-14)
(233.558 -22.3946 2.70739e-14)
(231.143 -18.9456 4.1453e-14)
(230.885 -15.41 5.74303e-14)
(232.381 -12.179 7.24766e-14)
(234.694 -9.93029 7.50965e-14)
(236.786 -8.16904 6.86729e-14)
(238.639 -6.79744 3.1182e-14)
(240.188 -5.70144 -1.19754e-14)
(241.459 -4.80306 -3.90838e-14)
(242.485 -4.05646 -4.56089e-14)
(243.299 -3.42396 -4.47398e-14)
(243.936 -2.89172 -4.64009e-14)
(244.43 -2.43403 -5.13715e-14)
(244.811 -2.05162 -4.74825e-14)
(245.095 -1.72034 -4.97704e-14)
(245.306 -1.44972 -4.91493e-14)
(245.454 -1.21292 -4.80001e-14)
(245.561 -1.02647 -5.84347e-14)
(245.627 -0.861112 -2.86148e-14)
(245.675 -0.736698 -9.64505e-15)
(245.692 -0.624296 -5.72653e-15)
(245.705 -0.544242 1.80527e-15)
(245.696 -0.471954 -1.42175e-14)
(245.687 -0.421897 1.76474e-15)
(245.656 -0.37502 1.80447e-14)
(245.639 -0.342358 2.5067e-14)
(245.548 -0.306935 2.08921e-14)
(259.107 25.336 3.01101e-14)
(261.768 24.1959 2.35078e-14)
(264.602 23.1236 2.12566e-14)
(267.427 21.8851 2.19601e-14)
(269.948 20.4582 2.52004e-14)
(272.22 18.8265 3.44019e-14)
(274.285 16.9888 4.77413e-14)
(276.208 14.9694 6.2181e-14)
(277.86 12.7422 7.32012e-14)
(279.193 10.2923 7.77262e-14)
(280.125 7.59038 7.80791e-14)
(280.497 4.61717 6.826e-14)
(280.069 1.32251 4.98353e-14)
(278.23 -2.32612 1.90506e-14)
(274.228 -5.91998 -9.2802e-15)
(268.27 -8.70824 -2.53413e-14)
(261.595 -10.0894 -3.20449e-14)
(255.55 -10.0823 -3.08855e-14)
(250.818 -9.06871 -2.09059e-14)
(247.541 -7.57203 -4.53452e-14)
(245.541 -5.99197 -4.46892e-14)
(244.498 -4.59437 -4.47359e-14)
(244.039 -3.41233 -4.49339e-14)
(243.943 -2.48825 -5.22484e-14)
(244.04 -1.79535 -3.66495e-14)
(244.222 -1.28555 -5.36074e-14)
(244.429 -0.916351 -5.27815e-14)
(244.629 -0.650857 -8.72157e-14)
(244.806 -0.460629 -5.63173e-14)
(244.957 -0.324629 -3.9294e-14)
(245.081 -0.227277 -7.11986e-14)
(245.18 -0.157697 -6.60695e-14)
(245.257 -0.107629 -3.67857e-14)
(245.313 -0.0719807 -1.07768e-13)
(245.355 -0.0457918 -1.20968e-13)
(245.38 -0.0281067 -3.80636e-14)
(245.4 -0.0131579 4.73179e-14)
(245.404 -0.00741733 8.82791e-14)
(245.425 0.0105232 -1.08118e-13)
(255.442 25.0588 2.95976e-14)
(252.118 -25.6689 2.63629e-14)
(252.624 -26.4088 3.07652e-14)
(248.797 -26.2249 2.2753e-14)
(245.183 -25.8431 2.07887e-14)
(241.579 -24.912 2.47753e-14)
(237.953 -23.244 2.70305e-14)
(235.039 -20.6909 4.05046e-14)
(233.649 -17.4388 5.77547e-14)
(233.994 -14.4094 7.21297e-14)
(235.354 -11.7863 7.55518e-14)
(237.215 -9.81303 7.04965e-14)
(238.886 -8.17781 3.73264e-14)
(240.369 -6.85523 -6.70528e-15)
(241.617 -5.76403 -3.53792e-14)
(242.643 -4.85114 -4.66311e-14)
(243.465 -4.08481 -4.84317e-14)
(244.107 -3.43101 -4.51567e-14)
(244.606 -2.88184 -4.41468e-14)
(244.984 -2.40958 -4.7123e-14)
(245.267 -2.01769 -5.31637e-14)
(245.464 -1.67953 -5.04968e-14)
(245.605 -1.40527 -4.13164e-14)
(245.691 -1.16782 -4.95474e-14)
(245.75 -0.981618 -3.24941e-14)
(245.773 -0.819412 -1.08321e-14)
(245.788 -0.696496 -4.22753e-15)
(245.78 -0.590526 1.70323e-14)
(245.77 -0.511613 -2.68583e-14)
(245.742 -0.442854 1.10438e-15)
(245.718 -0.393009 2.05098e-14)
(245.675 -0.34797 1.98705e-14)
(245.651 -0.313119 2.80719e-15)
(245.548 -0.278761 2.32683e-14)
(262.17 24.7182 3.01947e-14)
(264.751 23.5391 2.40594e-14)
(267.49 22.4268 2.09421e-14)
(270.255 21.1443 2.17052e-14)
(272.718 19.6687 2.50447e-14)
(274.924 17.9847 3.39393e-14)
(276.895 16.092 4.65618e-14)
(278.72 14.0091 6.12472e-14)
(280.258 11.7077 7.34309e-14)
(281.449 9.17208 7.75034e-14)
(282.172 6.37164 7.86593e-14)
(282.3 3.28568 7.15538e-14)
(281.527 -0.171052 5.08819e-14)
(278.994 -3.98753 2.38449e-14)
(274.059 -7.56998 -8.14037e-16)
(267.332 -10.0551 -2.32811e-14)
(260.31 -11.0149 -3.15023e-14)
(254.306 -10.5945 -3.34486e-14)
(249.757 -9.2821 -3.34782e-14)
(246.73 -7.60361 -3.63578e-14)
(244.974 -5.94057 -2.92588e-14)
(244.106 -4.50422 -4.80006e-14)
(243.781 -3.31736 -4.33764e-14)
(243.776 -2.40564 -4.82864e-14)
(243.934 -1.72764 -6.42962e-14)
(244.155 -1.23293 -2.9142e-14)
(244.386 -0.876183 -8.78843e-14)
(244.601 -0.620591 -9.67029e-14)
(244.789 -0.438011 -8.5934e-14)
(244.946 -0.307822 -5.96513e-14)
(245.074 -0.214861 -5.80728e-14)
(245.175 -0.148582 -3.39912e-15)
(245.254 -0.101039 -3.66729e-14)
(245.311 -0.0672613 -3.20644e-14)
(245.353 -0.042556 -2.03835e-14)
(245.379 -0.025912 -3.06706e-14)
(245.399 -0.011978 -2.89332e-14)
(245.404 -0.00668532 -8.3097e-14)
(245.424 0.00992817 5.32735e-14)
(258.63 24.397 2.9589e-14)
(255.441 -25.0588 2.63064e-14)
(255.938 -25.8985 2.99609e-14)
(252.283 -25.8159 2.37065e-14)
(248.869 -25.6076 2.05429e-14)
(245.475 -24.9415 2.43137e-14)
(241.983 -23.6913 2.74413e-14)
(238.903 -21.6574 4.02121e-14)
(236.837 -19.0079 5.78208e-14)
(236.196 -16.0481 7.16267e-14)
(236.797 -13.492 7.70136e-14)
(238.015 -11.2849 7.20677e-14)
(239.531 -9.5269 4.02867e-14)
(240.856 -8.015 -2.61826e-15)
(242.027 -6.7532 -3.49637e-14)
(243.005 -5.68708 -4.58849e-14)
(243.8 -4.78054 -4.79174e-14)
(244.424 -4.01167 -4.45042e-14)
(244.901 -3.35364 -4.74459e-14)
(245.266 -2.80005 -4.73669e-14)
(245.522 -2.32523 -5.32758e-14)
(245.703 -1.93256 -5.08977e-14)
(245.814 -1.59734 -4.99551e-14)
(245.883 -1.32597 -4.80072e-14)
(245.909 -1.09581 -3.84992e-14)
(245.919 -0.91453 -1.01761e-14)
(245.907 -0.762868 -5.22935e-16)
(245.888 -0.644734 -2.00327e-15)
(245.855 -0.545907 -4.43014e-15)
(245.823 -0.470215 7.08747e-15)
(245.78 -0.407157 1.41215e-14)
(245.742 -0.359157 2.07334e-14)
(245.689 -0.316419 1.8707e-14)
(245.66 -0.279935 1.76289e-14)
(245.548 -0.247277 2.62761e-14)
(265.167 24.0476 2.98182e-14)
(267.677 22.8207 2.41949e-14)
(270.357 21.6653 2.09687e-14)
(273.067 20.3299 2.13622e-14)
(275.481 18.8008 2.46258e-14)
(277.628 17.0594 3.27347e-14)
(279.511 15.1032 4.51798e-14)
(281.237 12.9549 5.95505e-14)
(282.648 10.5797 7.15332e-14)
(283.685 7.95053 7.81162e-14)
(284.181 5.05093 7.76988e-14)
(284.072 1.86142 7.23337e-14)
(282.886 -1.81778 5.55883e-14)
(279.484 -5.79921 2.73236e-14)
(273.527 -9.24945 -5.0513e-15)
(266.122 -11.3628 -2.08579e-14)
(258.935 -11.8331 -3.21475e-14)
(252.997 -11.0257 -4.34428e-14)
(248.687 -9.43151 -4.26268e-14)
(245.937 -7.59163 -4.40372e-14)
(244.433 -5.8794 -2.7312e-14)
(243.734 -4.39771 -3.13767e-14)
(243.538 -3.21581 -5.32417e-14)
(243.621 -2.32003 -4.88227e-14)
(243.836 -1.65874 -3.69401e-14)
(244.093 -1.17983 -4.79451e-14)
(244.347 -0.835957 -5.22683e-14)
(244.576 -0.590436 -5.49837e-14)
(244.773 -0.415559 -5.60038e-14)
(244.936 -0.291186 -7.81615e-14)
(245.067 -0.202599 -1.11547e-14)
(245.171 -0.139605 2.37952e-15)
(245.251 -0.0945523 -1.42985e-15)
(245.309 -0.0626378 -7.40177e-14)
(245.352 -0.0393985 -1.53868e-13)
(245.377 -0.0237865 -5.98322e-14)
(245.398 -0.0108509 -1.46308e-13)
(245.403 -0.00599087 -4.14032e-14)
(245.424 0.00925231 6.10249e-14)
(261.74 23.6837 2.95977e-14)
(258.63 -24.397 2.62706e-14)
(259.107 -25.336 3.02956e-14)
(255.571 -25.3342 2.36068e-14)
(252.302 -25.2589 2.01915e-14)
(249.073 -24.7972 2.4131e-14)
(245.704 -23.8331 2.71979e-14)
(242.582 -22.2254 3.98012e-14)
(240.169 -20.0079 5.73365e-14)
(238.862 -17.4137 7.16671e-14)
(238.651 -14.8093 7.71404e-14)
(239.338 -12.6102 7.3168e-14)
(240.404 -10.6933 4.50078e-14)
(241.636 -9.10875 2.88564e-15)
(242.678 -7.70898 -3.18823e-14)
(243.581 -6.51178 -4.3836e-14)
(244.318 -5.48251 -4.65255e-14)
(244.895 -4.5961 -4.34375e-14)
(245.337 -3.84173 -4.43759e-14)
(245.66 -3.19297 -4.12755e-14)
(245.885 -2.64622 -5.55222e-14)
(246.024 -2.18196 -5.78346e-14)
(246.099 -1.79623 -5.63006e-14)
(246.127 -1.47528 -5.55865e-14)
(246.126 -1.21544 -4.35282e-14)
(246.102 -1.00151 -2.08148e-14)
(246.065 -0.830667 9.39704e-16)
(246.016 -0.691077 2.45374e-15)
(245.967 -0.581338 -9.302e-15)
(245.913 -0.492569 7.12028e-15)
(245.863 -0.423259 2.69915e-14)
(245.808 -0.366506 2.0089e-14)
(245.759 -0.321532 2.33605e-14)
(245.698 -0.281287 1.47159e-14)
(245.665 -0.244019 2.68289e-14)
(245.549 -0.213078 2.91935e-14)
(268.108 23.3167 2.97288e-14)
(270.592 22.0429 2.47719e-14)
(273.205 20.8295 2.14775e-14)
(275.875 19.4389 2.12935e-14)
(278.248 17.8497 2.44509e-14)
(280.338 16.0473 3.18135e-14)
(282.136 14.0249 4.4312e-14)
(283.753 11.8007 5.86411e-14)
(285.041 9.34617 7.09063e-14)
(285.89 6.61867 7.69826e-14)
(286.142 3.64715 7.96921e-14)
(285.838 0.310253 7.57238e-14)
(284.083 -3.6434 5.89732e-14)
(279.614 -7.72485 3.32121e-14)
(272.622 -10.9412 6.31066e-15)
(264.678 -12.5772 -1.67819e-14)
(257.406 -12.5869 -2.95114e-14)
(251.646 -11.3681 -3.39776e-14)
(247.621 -9.51846 -4.27251e-14)
(245.173 -7.5429 -3.6644e-14)
(243.909 -5.77806 -3.88211e-14)
(243.382 -4.27829 -3.01565e-14)
(243.311 -3.1059 -2.25042e-14)
(243.478 -2.23072 -2.89913e-14)
(243.745 -1.58888 -4.74692e-14)
(244.035 -1.12644 -4.91179e-14)
(244.31 -0.795763 -3.79451e-14)
(244.553 -0.560436 -4.45227e-14)
(244.758 -0.393292 -5.90397e-14)
(244.926 -0.274728 -4.79549e-14)
(245.061 -0.190494 -4.82529e-14)
(245.167 -0.13077 -7.1865e-14)
(245.248 -0.0881829 -3.11467e-16)
(245.307 -0.0581074 -8.33982e-14)
(245.35 -0.0363157 -1.69642e-13)
(245.376 -0.0217273 -5.26826e-14)
(245.398 -0.00977419 2.9268e-14)
(245.402 -0.00533284 -6.84472e-14)
(245.423 0.00852212 6.6608e-14)
(264.775 22.9082 2.83477e-14)
(261.74 -23.6837 2.62691e-14)
(262.17 -24.7182 3.02633e-14)
(258.719 -24.7952 2.37064e-14)
(255.543 -24.8281 2.15985e-14)
(252.442 -24.5208 2.34137e-14)
(249.175 -23.7822 2.67089e-14)
(246.058 -22.4837 3.93567e-14)
(243.45 -20.6475 5.63258e-14)
(241.678 -18.3588 7.15603e-14)
(240.896 -15.9396 7.55097e-14)
(240.965 -13.6556 7.34094e-14)
(241.645 -11.7316 5.00079e-14)
(242.543 -10.0298 7.16649e-15)
(243.534 -8.58058 -3.02173e-14)
(244.337 -7.28096 -4.54903e-14)
(245.006 -6.1492 -4.98926e-14)
(245.525 -5.16448 -4.4028e-14)
(245.907 -4.31217 -5.05079e-14)
(246.179 -3.57897 -4.62136e-14)
(246.348 -2.95217 -5.07654e-14)
(246.429 -2.42176 -5.09982e-14)
(246.457 -1.98175 -4.99193e-14)
(246.44 -1.61969 -5.89861e-14)
(246.395 -1.32262 -4.59196e-14)
(246.329 -1.08109 -2.53674e-14)
(246.253 -0.886294 1.48317e-14)
(246.176 -0.731816 -5.40147e-15)
(246.098 -0.608468 -4.28897e-15)
(246.025 -0.511382 6.60014e-16)
(245.954 -0.43399 1.17612e-14)
(245.89 -0.372822 2.05913e-14)
(245.825 -0.322905 1.73238e-14)
(245.769 -0.281305 1.87722e-14)
(245.702 -0.244057 2.97866e-14)
(245.668 -0.205893 3.04576e-14)
(245.548 -0.177347 4.21685e-14)
(271.026 22.529 2.89363e-14)
(273.491 21.1935 2.48481e-14)
(276.05 19.9182 2.15055e-14)
(278.69 18.4658 2.10757e-14)
(281.021 16.812 2.39095e-14)
(283.054 14.944 3.1486e-14)
(284.767 12.8466 4.30843e-14)
(286.268 10.5516 5.71333e-14)
(287.427 8.00192 7.03962e-14)
(288.027 5.18291 7.68392e-14)
(288.097 2.16419 7.90194e-14)
(287.626 -1.43452 7.79597e-14)
(285.017 -5.67663 6.11003e-14)
(279.292 -9.74002 4.24241e-14)
(271.349 -12.5857 1.19671e-14)
(263.01 -13.709 -1.15558e-14)
(255.797 -13.217 -2.51837e-14)
(250.27 -11.6251 -3.30911e-14)
(246.567 -9.54252 -3.32662e-14)
(244.441 -7.47645 -3.29698e-14)
(243.402 -5.649 -3.98412e-14)
(243.05 -4.14694 -4.02288e-14)
(243.099 -2.99454 -3.70561e-14)
(243.344 -2.13915 -5.64589e-14)
(243.661 -1.51826 -4.91083e-14)
(243.982 -1.07291 -5.31405e-14)
(244.277 -0.755677 -3.88805e-14)
(244.532 -0.530628 -4.314e-14)
(244.745 -0.371229 -5.15021e-14)
(244.918 -0.258453 -7.31101e-14)
(245.056 -0.178547 -1.19306e-13)
(245.163 -0.122072 -9.39993e-14)
(245.246 -0.081917 -8.3288e-14)
(245.306 -0.0536658 -4.71404e-14)
(245.349 -0.0333049 6.03259e-14)
(245.375 -0.0197314 -9.19644e-15)
(245.397 -0.00874528 1.30832e-13)
(245.402 -0.00471572 7.02093e-14)
(245.423 0.00771455 8.13775e-14)
(267.785 22.0767 2.83486e-14)
(264.775 -22.9082 2.74458e-14)
(265.167 -24.0476 2.98684e-14)
(261.768 -24.1958 2.39567e-14)
(258.651 -24.3261 2.12362e-14)
(255.636 -24.1438 2.26337e-14)
(252.449 -23.5829 2.69523e-14)
(249.352 -22.5306 3.89526e-14)
(246.632 -20.9898 5.61816e-14)
(244.568 -19.0127 7.12403e-14)
(243.286 -16.7755 7.60587e-14)
(242.873 -14.5622 7.32288e-14)
(243.097 -12.5443 4.79917e-14)
(243.714 -10.8374 1.15456e-14)
(244.454 -9.30088 -2.38195e-14)
(245.234 -7.9619 -4.64978e-14)
(245.822 -6.74813 -4.67273e-14)
(246.279 -5.68075 -4.5309e-14)
(246.598 -4.7453 -4.76373e-14)
(246.805 -3.93026 -4.70433e-14)
(246.899 -3.22828 -5.13914e-14)
(246.926 -2.64081 -5.43146e-14)
(246.892 -2.14843 -4.81333e-14)
(246.816 -1.74219 -6.08976e-14)
(246.712 -1.40999 -4.56565e-14)
(246.597 -1.14176 -3.07584e-14)
(246.478 -0.92831 -6.79062e-15)
(246.362 -0.758656 6.43678e-15)
(246.253 -0.625432 -9.91526e-16)
(246.152 -0.52069 -3.30331e-15)
(246.061 -0.43851 5.78873e-15)
(245.978 -0.373352 2.06046e-14)
(245.905 -0.321156 1.69087e-14)
(245.834 -0.277882 2.44979e-14)
(245.773 -0.240259 3.24155e-14)
(245.703 -0.205076 2.62279e-14)
(245.668 -0.167411 4.53323e-14)
(245.547 -0.13949 3.28444e-14)
(273.934 21.6689 2.91877e-14)
(276.391 20.2721 2.50331e-14)
(278.907 18.9268 2.14177e-14)
(281.516 17.4058 2.10901e-14)
(283.805 15.6824 2.33959e-14)
(285.787 13.7419 3.07307e-14)
(287.393 11.569 4.17999e-14)
(288.792 9.1938 5.57206e-14)
(289.766 6.5408 6.8038e-14)
(290.07 3.67835 7.70989e-14)
(290.107 0.62291 7.75351e-14)
(289.358 -3.40807 7.61715e-14)
(285.542 -7.90603 6.76326e-14)
(278.471 -11.7782 4.68277e-14)
(269.744 -14.1618 1.92584e-14)
(261.229 -14.7061 -7.24236e-15)
(254.109 -13.7413 -2.38131e-14)
(248.884 -11.7966 -3.50612e-14)
(245.544 -9.5149 -4.38057e-14)
(243.742 -7.37466 -4.41359e-14)
(242.923 -5.49967 -3.65628e-14)
(242.74 -4.00638 -4.34269e-14)
(242.903 -2.87714 -3.80864e-14)
(243.221 -2.04621 -2.06706e-14)
(243.583 -1.44712 -3.93105e-14)
(243.933 -1.01936 -3.29215e-14)
(244.246 -0.715763 -5.90142e-14)
(244.512 -0.501043 -6.24769e-14)
(244.732 -0.349378 -9.01738e-14)
(244.91 -0.242365 -6.70008e-14)
(245.051 -0.166758 -5.10352e-14)
(245.16 -0.113498 -7.81026e-14)
(245.243 -0.0757568 -1.00187e-13)
(245.304 -0.0493097 -9.77457e-14)
(245.348 -0.0303622 -1.97255e-13)
(245.375 -0.0177953 -6.63814e-14)
(245.396 -0.00776319 -1.41746e-13)
(245.401 -0.00414449 5.65981e-14)
(245.422 0.00685855 -2.70212e-13)
(270.778 21.1669 2.8274e-14)
(267.785 -22.0767 2.85412e-14)
(268.108 -23.3167 2.98666e-14)
(264.751 -23.5391 2.44841e-14)
(261.66 -23.7567 2.13785e-14)
(258.7 -23.6858 2.26529e-14)
(255.57 -23.2706 2.69308e-14)
(252.492 -22.415 3.83452e-14)
(249.703 -21.1191 5.53334e-14)
(247.435 -19.3999 7.07246e-14)
(245.816 -17.387 7.66515e-14)
(244.941 -15.2732 7.39565e-14)
(244.745 -13.2577 5.01428e-14)
(245.029 -11.461 1.25655e-14)
(245.559 -9.91697 -2.42988e-14)
(246.149 -8.51056 -4.35749e-14)
(246.731 -7.26199 -5.27981e-14)
(247.123 -6.12718 -4.70966e-14)
(247.383 -5.12156 -4.09969e-14)
(247.513 -4.23047 -4.85776e-14)
(247.546 -3.46829 -4.61235e-14)
(247.499 -2.82208 -5.84514e-14)
(247.393 -2.27997 -4.82975e-14)
(247.245 -1.83266 -5.00814e-14)
(247.078 -1.46975 -4.82775e-14)
(246.904 -1.17853 -3.9614e-14)
(246.732 -0.948299 -1.01131e-14)
(246.572 -0.767524 8.78268e-15)
(246.425 -0.626991 -1.27753e-14)
(246.294 -0.517817 -5.49972e-15)
(246.178 -0.432946 8.47643e-15)
(246.077 -0.366465 1.61385e-14)
(245.986 -0.31367 3.55754e-14)
(245.908 -0.270175 3.34604e-14)
(245.835 -0.233414 2.63312e-14)
(245.771 -0.198789 2.70598e-14)
(245.702 -0.16655 3.76235e-14)
(245.666 -0.128564 2.30043e-14)
(245.541 -0.103606 1.75008e-14)
(276.835 20.7364 2.92307e-14)
(279.305 19.2705 2.52299e-14)
(281.777 17.8487 2.1607e-14)
(284.355 16.2534 2.10235e-14)
(286.608 14.4549 2.33498e-14)
(288.524 12.4367 3.03829e-14)
(290.021 10.1875 4.05949e-14)
(291.317 7.71563 5.39327e-14)
(291.99 4.96843 6.69246e-14)
(292.103 2.1386 7.58928e-14)
(292.347 -1.15224 7.78128e-14)
(290.847 -5.64467 7.88991e-14)
(285.471 -10.2542 6.98157e-14)
(277.164 -13.7977 5.06628e-14)
(267.848 -15.6209 2.69366e-14)
(259.264 -15.6159 3.00338e-15)
(252.373 -14.1513 -2.00798e-14)
(247.506 -11.8858 -3.43125e-14)
(244.558 -9.44353 -4.59308e-14)
(243.054 -7.22278 -5.12584e-14)
(242.47 -5.33255 -3.74084e-14)
(242.45 -3.85765 -4.21379e-14)
(242.721 -2.75572 -3.37214e-14)
(243.107 -1.95208 -1.41919e-14)
(243.512 -1.3757 -6.81207e-15)
(243.889 -0.965911 -5.74502e-14)
(244.218 -0.676076 -3.10062e-14)
(244.495 -0.471702 -2.72961e-14)
(244.721 -0.32775 -1.9887e-14)
(244.903 -0.226465 -2.42875e-14)
(245.046 -0.155125 -7.74125e-14)
(245.157 -0.105049 -1.42563e-13)
(245.241 -0.0696946 -1.76119e-13)
(245.303 -0.0450341 -1.73613e-13)
(245.347 -0.0274839 -9.80083e-14)
(245.374 -0.0159152 -1.4829e-13)
(245.396 -0.00683286 -1.92255e-13)
(245.401 -0.0035923 -1.66162e-13)
(245.421 0.00596371 5.42531e-14)
(273.761 20.1877 2.76382e-14)
(270.778 -21.1669 2.85536e-14)
(271.026 -22.529 2.90528e-14)
(267.677 -22.8207 2.46264e-14)
(264.602 -23.1236 2.16255e-14)
(261.67 -23.1544 2.2156e-14)
(258.574 -22.8637 2.6359e-14)
(255.507 -22.1731 3.78179e-14)
(252.669 -21.0786 5.4547e-14)
(250.256 -19.5866 7.02979e-14)
(248.367 -17.7781 7.67301e-14)
(247.143 -15.8023 7.58719e-14)
(246.575 -13.8398 5.16667e-14)
(246.5 -12.0125 1.36703e-14)
(246.763 -10.3836 -2.24293e-14)
(247.19 -8.96646 -4.23652e-14)
(247.627 -7.66324 -4.82548e-14)
(248.02 -6.49145 -4.85546e-14)
(248.22 -5.42411 -4.009e-14)
(248.287 -4.47341 -5.36493e-14)
(248.251 -3.65424 -4.27615e-14)
(248.128 -2.95465 -4.81329e-14)
(247.943 -2.36705 -4.81925e-14)
(247.72 -1.88435 -5.0476e-14)
(247.48 -1.49439 -5.31718e-14)
(247.24 -1.1841 -3.6446e-14)
(247.011 -0.94176 -2.16844e-14)
(246.801 -0.753718 4.5525e-15)
(246.612 -0.609457 -1.86731e-14)
(246.447 -0.49911 -7.40221e-15)
(246.303 -0.414581 6.32364e-15)
(246.179 -0.349464 1.21341e-14)
(246.074 -0.298244 1.92865e-14)
(245.982 -0.256972 4.71913e-16)
(245.902 -0.221741 2.91203e-14)
(245.829 -0.190062 1.10194e-14)
(245.767 -0.159133 4.21948e-14)
(245.699 -0.127081 1.7834e-14)
(245.658 -0.0912073 2.43987e-14)
(245.537 -0.0571132 2.59521e-14)
(279.756 19.7249 2.91885e-14)
(282.234 18.1817 2.53097e-14)
(284.663 16.6787 2.16935e-14)
(287.215 15.0026 2.07723e-14)
(289.427 13.1226 2.31824e-14)
(291.255 11.0235 2.92444e-14)
(292.675 8.69362 3.99649e-14)
(293.767 6.11379 5.20531e-14)
(293.996 3.34641 6.58351e-14)
(294.391 0.584222 7.5617e-14)
(294.874 -3.39675 7.79916e-14)
(291.826 -8.21953 7.91798e-14)
(284.743 -12.6687 7.28627e-14)
(275.413 -15.7397 5.90425e-14)
(265.7 -16.9661 3.68175e-14)
(257.205 -16.3701 3.75227e-15)
(250.608 -14.4498 -1.78099e-14)
(246.154 -11.8966 -2.91915e-14)
(243.624 -9.34705 -4.20512e-14)
(242.403 -7.03934 -3.25091e-14)
(242.046 -5.1519 -4.41391e-14)
(242.181 -3.70413 -4.48508e-14)
(242.553 -2.63186 -4.50025e-14)
(243.002 -1.85711 -3.5326e-14)
(243.446 -1.30418 -5.32828e-14)
(243.848 -0.912652 -4.20962e-14)
(244.192 -0.636656 -1.87912e-14)
(244.479 -0.442622 -9.46538e-17)
(244.711 -0.306348 2.25165e-14)
(244.896 -0.21075 -1.86401e-14)
(245.042 -0.143659 -9.10496e-14)
(245.155 -0.0967181 -1.20822e-13)
(245.24 -0.0637269 -9.87723e-14)
(245.302 -0.0408348 -4.15238e-14)
(245.346 -0.0246658 -8.58981e-14)
(245.373 -0.0140879 -1.24515e-13)
(245.395 -0.00593631 -9.86683e-14)
(245.4 -0.00306746 -7.86301e-14)
(245.421 0.00504258 -3.59682e-13)
(276.752 19.1297 2.82812e-14)
(273.761 -20.1877 2.91371e-14)
(273.934 -21.6689 2.93476e-14)
(270.592 -22.0429 2.51995e-14)
(267.49 -22.4268 2.12318e-14)
(264.576 -22.5535 2.21521e-14)
(261.495 -22.375 2.61399e-14)
(258.424 -21.8261 3.68406e-14)
(255.542 -20.9025 5.35935e-14)
(253.02 -19.6051 6.97036e-14)
(250.933 -17.9886 7.74596e-14)
(249.409 -16.1629 7.56312e-14)
(248.498 -14.2724 5.37707e-14)
(248.115 -12.4579 1.58435e-14)
(248.088 -10.7916 -2.09867e-14)
(248.299 -9.29918 -4.13675e-14)
(248.604 -7.98205 -4.93758e-14)
(248.88 -6.76373 -4.70303e-14)
(249.078 -5.65303 -4.78025e-14)
(249.089 -4.65274 -4.1454e-14)
(248.99 -3.7808 -5.19431e-14)
(248.791 -3.03312 -4.93041e-14)
(248.528 -2.4054 -5.00559e-14)
(248.224 -1.89107 -5.12887e-14)
(247.906 -1.47891 -5.53354e-14)
(247.596 -1.1546 -3.07145e-14)
(247.304 -0.904325 -1.69233e-14)
(247.04 -0.713327 7.11512e-15)
(246.807 -0.569524 -2.76515e-15)
(246.605 -0.461737 -6.52543e-15)
(246.432 -0.381084 -2.2492e-15)
(246.285 -0.320156 8.56335e-15)
(246.161 -0.273494 3.10239e-14)
(246.057 -0.236115 2.07598e-14)
(245.967 -0.205227 2.49906e-14)
(245.889 -0.176604 2.61382e-14)
(245.821 -0.15004 4.6827e-14)
(245.759 -0.119893 2.50452e-14)
(245.691 -0.0911826 1.47778e-14)
(245.647 -0.0528642 2.00846e-14)
(245.521 -0.0671484 8.86802e-15)
(282.694 18.6251 2.87184e-14)
(285.179 16.9991 2.53843e-14)
(287.573 15.4104 2.18871e-14)
(290.098 13.6466 2.08493e-14)
(292.243 11.6799 2.28216e-14)
(293.996 9.49712 2.86006e-14)
(295.334 7.06583 3.87884e-14)
(295.978 4.40069 5.11348e-14)
(295.971 1.77307 6.36907e-14)
(297.337 -1.18896 7.48246e-14)
(297.111 -5.90554 7.94828e-14)
(291.988 -10.9375 8.01966e-14)
(283.389 -15.0498 7.76366e-14)
(273.285 -17.5801 6.32253e-14)
(263.419 -18.1473 4.28637e-14)
(255.056 -16.9897 8.92073e-15)
(248.835 -14.6376 -5.95513e-15)
(244.849 -11.8406 -2.51382e-14)
(242.711 -9.17843 -2.71522e-14)
(241.787 -6.83057 -3.63824e-14)
(241.651 -4.9551 -4.48369e-14)
(241.934 -3.54362 -4.71593e-14)
(242.399 -2.5063 -5.70002e-14)
(242.906 -1.76162 -6.03991e-14)
(243.387 -1.23273 -3.02685e-14)
(243.811 -0.859659 4.58633e-15)
(244.169 -0.597537 -2.2506e-14)
(244.464 -0.413815 -8.22297e-15)
(244.702 -0.285173 -2.73853e-14)
(244.891 -0.195219 -3.15781e-14)
(245.039 -0.13233 -2.11862e-14)
(245.152 -0.0884994 9.64156e-15)
(245.238 -0.0578481 -4.50013e-14)
(245.301 -0.0367062 -2.91276e-14)
(245.345 -0.0219034 3.17967e-14)
(245.373 -0.0123089 -5.88066e-14)
(245.395 -0.00507098 -1.02822e-13)
(245.4 -0.00255934 -1.78149e-13)
(245.42 0.0041068 -4.28872e-13)
(279.764 17.9933 2.88694e-14)
(276.752 -19.1297 2.84553e-14)
(276.835 -20.7364 2.93191e-14)
(273.491 -21.1935 2.52641e-14)
(270.357 -21.6652 2.15873e-14)
(267.427 -21.8851 2.21608e-14)
(264.351 -21.8104 2.60443e-14)
(261.267 -21.3879 3.63195e-14)
(258.339 -20.6125 5.29517e-14)
(255.727 -19.4862 6.91692e-14)
(253.475 -18.0416 7.65623e-14)
(251.714 -16.3641 7.69223e-14)
(250.513 -14.5733 5.72796e-14)
(249.821 -12.7914 1.7209e-14)
(249.532 -11.1139 -1.91637e-14)
(249.489 -9.57821 -3.89089e-14)
(249.611 -8.19531 -4.95139e-14)
(249.777 -6.96031 -4.38993e-14)
(249.879 -5.80942 -5.12949e-14)
(249.893 -4.76925 -5.2154e-14)
(249.734 -3.84892 -4.68204e-14)
(249.468 -3.05713 -4.6153e-14)
(249.125 -2.3927 -4.84389e-14)
(248.739 -1.85138 -5.31444e-14)
(248.342 -1.4208 -5.7044e-14)
(247.957 -1.08668 -5.05189e-14)
(247.599 -0.833421 -2.84976e-14)
(247.28 -0.643982 9.95262e-15)
(247 -0.505365 -2.13214e-14)
(246.76 -0.404499 -1.72581e-15)
(246.557 -0.331355 -1.57855e-14)
(246.387 -0.278115 1.01092e-14)
(246.245 -0.238413 1.73123e-14)
(246.127 -0.207714 1.50569e-14)
(246.029 -0.182325 3.1283e-14)
(245.945 -0.159191 1.66502e-14)
(245.874 -0.136761 4.29802e-14)
(245.809 -0.111573 3.55263e-14)
(245.749 -0.0856217 2.52585e-14)
(245.686 -0.0526006 2.132e-14)
(245.636 -0.0206492 6.51781e-15)
(285.646 17.4315 2.8761e-14)
(288.152 15.7177 2.55815e-14)
(290.508 14.0364 2.19313e-14)
(292.992 12.1776 2.07834e-14)
(295.051 10.1228 2.25396e-14)
(296.776 7.84878 2.81346e-14)
(297.864 5.28697 3.74412e-14)
(297.718 2.67263 4.97103e-14)
(298.642 0.254003 6.03735e-14)
(300.884 -3.56601 7.42208e-14)
(298.53 -8.85364 7.81834e-14)
(291.257 -13.7228 8.18342e-14)
(281.494 -17.3657 7.86587e-14)
(270.832 -19.2742 6.73347e-14)
(260.931 -19.2127 5.1341e-14)
(252.854 -17.4661 2.83373e-14)
(247.076 -14.7173 -1.76717e-16)
(243.598 -11.7447 -1.40788e-14)
(241.833 -8.95953 -2.92178e-14)
(241.211 -6.59823 -4.04866e-14)
(241.285 -4.75558 -5.23429e-14)
(241.706 -3.3786 -4.62231e-14)
(242.257 -2.37936 -4.13439e-14)
(242.818 -1.6659 -4.36035e-14)
(243.332 -1.16148 -3.43957e-14)
(243.777 -0.806996 -3.95436e-14)
(244.148 -0.558743 -3.67904e-14)
(244.451 -0.385286 -5.29376e-14)
(244.694 -0.264222 -3.00097e-14)
(244.886 -0.179868 -2.99258e-15)
(245.036 -0.121141 5.17128e-14)
(245.15 -0.080389 4.139e-14)
(245.237 -0.0520518 9.91601e-15)
(245.3 -0.032644 -1.06598e-13)
(245.344 -0.0191922 -2.05365e-14)
(245.372 -0.0105725 -4.18229e-14)
(245.394 -0.0042371 -1.03172e-13)
(245.4 -0.00206832 -2.74216e-13)
(245.42 0.00316715 4.07373e-13)
(282.79 16.7603 2.94767e-14)
(279.764 -17.9933 2.90659e-14)
(279.756 -19.7248 2.93028e-14)
(276.391 -20.2721 2.54479e-14)
(273.205 -20.8295 2.18209e-14)
(270.255 -21.1443 2.19671e-14)
(267.161 -21.1725 2.58812e-14)
(264.053 -20.8653 3.5635e-14)
(261.076 -20.2231 5.18164e-14)
(258.383 -19.2486 6.87056e-14)
(255.995 -17.9604 7.73886e-14)
(254.033 -16.4261 7.65947e-14)
(252.576 -14.7405 6.00667e-14)
(251.612 -13.016 2.09059e-14)
(251.052 -11.3454 -1.66675e-14)
(250.793 -9.78896 -4.01291e-14)
(250.695 -8.36314 -4.97083e-14)
(250.683 -7.06887 -4.56315e-14)
(250.694 -5.90611 -3.96654e-14)
(250.63 -4.82876 -4.60314e-14)
(250.459 -3.86425 -4.91165e-14)
(250.131 -3.03088 -3.94147e-14)
(249.714 -2.33233 -4.72659e-14)
(249.248 -1.76614 -5.98875e-14)
(248.768 -1.32172 -4.15575e-14)
(248.309 -0.981721 -5.83704e-14)
(247.884 -0.729967 -3.71656e-14)
(247.505 -0.548064 -2.40518e-15)
(247.179 -0.419017 -8.72597e-15)
(246.902 -0.328989 -7.21796e-15)
(246.671 -0.266747 -3.20292e-16)
(246.479 -0.223716 3.97802e-15)
(246.321 -0.193526 2.08723e-14)
(246.191 -0.171137 2.14554e-14)
(246.085 -0.153331 2.26421e-14)
(245.996 -0.136619 2.57232e-14)
(245.921 -0.120208 4.052e-14)
(245.856 -0.100005 2.85129e-14)
(245.795 -0.0794662 1.81189e-14)
(245.736 -0.0489924 2.48754e-14)
(245.666 -0.0342994 8.13451e-15)
(288.631 16.14 2.89461e-14)
(291.148 14.3272 2.55893e-14)
(293.472 12.5485 2.22016e-14)
(295.867 10.5919 2.09875e-14)
(297.897 8.44558 2.22274e-14)
(299.554 6.03861 2.69596e-14)
(299.728 3.44439 3.63044e-14)
(299.613 1.16684 4.74265e-14)
(302.874 -1.62154 5.89603e-14)
(304.032 -6.6204 7.25369e-14)
(298.672 -11.9699 8.09745e-14)
(289.791 -16.4564 8.04245e-14)
(279.117 -19.5718 7.68223e-14)
(268.115 -20.8232 7.02337e-14)
(258.34 -20.0912 5.8228e-14)
(250.62 -17.7998 2.83549e-14)
(245.367 -14.7061 1.95101e-15)
(242.403 -11.5761 -1.51161e-14)
(241.002 -8.70126 -3.31961e-14)
(240.674 -6.34858 -2.58554e-14)
(240.947 -4.54436 -2.86171e-14)
(241.497 -3.21101 -4.86318e-14)
(242.128 -2.25155 -5.3178e-14)
(242.738 -1.57019 -5.56274e-14)
(243.283 -1.09056 -7.29116e-14)
(243.746 -0.754708 -6.9437e-14)
(244.129 -0.52029 -2.13401e-14)
(244.439 -0.357037 -2.93734e-14)
(244.687 -0.243493 -3.93661e-14)
(244.881 -0.164704 -3.40408e-14)
(245.033 -0.110083 -1.69202e-14)
(245.149 -0.0723764 -3.18796e-14)
(245.236 -0.0463342 -8.43704e-14)
(245.299 -0.0286412 -6.6803e-14)
(245.344 -0.0165278 -9.41837e-14)
(245.372 -0.00887571 -9.52631e-15)
(245.394 -0.00342896 -1.4691e-13)
(245.399 -0.00158998 2.02489e-13)
(245.419 0.00223449 -3.5862e-14)
(285.847 15.4301 2.88248e-14)
(282.79 -16.7603 2.96749e-14)
(282.694 -18.6251 2.89045e-14)
(279.305 -19.2705 2.56228e-14)
(276.05 -19.9182 2.17645e-14)
(273.067 -20.3299 2.16214e-14)
(269.948 -20.4582 2.54984e-14)
(266.799 -20.2639 3.47153e-14)
(263.764 -19.7434 5.08223e-14)
(260.995 -18.9065 6.72895e-14)
(258.486 -17.7608 7.65085e-14)
(256.354 -16.3609 7.69682e-14)
(254.676 -14.7857 6.09552e-14)
(253.459 -13.1302 2.22733e-14)
(252.652 -11.4878 -1.25473e-14)
(252.152 -9.9219 -3.85371e-14)
(251.864 -8.46799 -4.95115e-14)
(251.683 -7.13736 -4.96368e-14)
(251.529 -5.92393 -4.51923e-14)
(251.364 -4.83562 -5.14439e-14)
(251.117 -3.83867 -4.85747e-14)
(250.756 -2.96352 -4.98226e-14)
(250.273 -2.23112 -4.84568e-14)
(249.727 -1.64309 -5.25496e-14)
(249.171 -1.18524 -5.43163e-14)
(248.631 -0.845612 -6.04606e-14)
(248.142 -0.600538 -5.13694e-14)
(247.71 -0.427324 -7.16224e-15)
(247.338 -0.31285 1.81975e-14)
(247.027 -0.237207 -2.45128e-14)
(246.769 -0.18876 6.78914e-15)
(246.558 -0.158338 7.37417e-15)
(246.386 -0.13945 2.68326e-14)
(246.246 -0.12709 1.8916e-14)
(246.132 -0.118223 1.85073e-14)
(246.038 -0.109427 1.71458e-14)
(245.962 -0.0998698 2.7568e-14)
(245.897 -0.0858088 3.49925e-14)
(245.838 -0.0706623 1.06798e-14)
(245.779 -0.0446675 2.63644e-14)
(245.718 -0.0299685 6.95823e-15)
(291.636 14.7376 2.91862e-14)
(294.174 12.8224 2.58882e-14)
(296.415 10.9401 2.21608e-14)
(298.757 8.88382 2.07316e-14)
(300.819 6.61237 2.17295e-14)
(301.825 4.11699 2.6678e-14)
(300.967 1.67715 3.51344e-14)
(303.4 -0.273334 4.61068e-14)
(308.197 -4.5867 5.64149e-14)
(305.446 -10.0473 7.07272e-14)
(297.765 -15.0641 7.95021e-14)
(287.682 -19.117 8.04239e-14)
(276.372 -21.6389 7.83444e-14)
(265.252 -22.1822 7.16414e-14)
(255.649 -20.8048 5.68013e-14)
(248.379 -17.992 3.79661e-14)
(243.718 -14.6178 1.10686e-14)
(241.227 -11.3234 -1.72261e-15)
(240.222 -8.40888 -1.38381e-14)
(240.177 -6.08159 -2.61171e-14)
(240.638 -4.32571 -3.62657e-14)
(241.306 -3.04134 -3.54033e-14)
(242.01 -2.12326 -3.26369e-14)
(242.666 -1.4747 -5.58164e-14)
(243.238 -1.02004 -4.25277e-14)
(243.719 -0.702831 -4.05389e-14)
(244.112 -0.482185 -4.44421e-14)
(244.429 -0.329067 -2.84298e-14)
(244.68 -0.222979 -3.7438e-14)
(244.878 -0.149708 -9.62878e-14)
(245.031 -0.0991458 -6.89807e-14)
(245.147 -0.0644613 -9.79683e-14)
(245.235 -0.0406852 -1.27254e-13)
(245.298 -0.0246959 -5.58977e-14)
(245.344 -0.0139044 -1.16653e-14)
(245.371 -0.00721289 -6.92053e-14)
(245.394 -0.00264354 9.36974e-14)
(245.399 -0.00112334 -8.62509e-14)
(245.419 0.00132477 6.93025e-16)
(288.93 13.9888 2.88168e-14)
(285.847 -15.4301 2.96738e-14)
(285.646 -17.4315 2.87742e-14)
(282.234 -18.1816 2.58742e-14)
(278.907 -18.9267 2.20164e-14)
(275.875 -19.4389 2.16177e-14)
(272.718 -19.6687 2.49568e-14)
(269.517 -19.5841 3.43855e-14)
(266.419 -19.1788 4.97955e-14)
(263.572 -18.469 6.60793e-14)
(260.954 -17.4547 7.72885e-14)
(258.668 -16.182 7.65126e-14)
(256.793 -14.7157 6.41403e-14)
(255.352 -13.1383 2.64386e-14)
(254.304 -11.5362 -1.1229e-14)
(253.582 -9.97904 -3.71206e-14)
(253.082 -8.50948 -4.90203e-14)
(252.714 -7.14718 -5.16993e-14)
(252.406 -5.90177 -4.49042e-14)
(252.094 -4.77374 -4.00311e-14)
(251.748 -3.77023 -4.78176e-14)
(251.317 -2.86689 -4.72287e-14)
(250.78 -2.10089 -5.39525e-14)
(250.166 -1.4887 -5.73906e-14)
(249.53 -1.02453 -3.78823e-14)
(248.922 -0.681533 -5.80262e-14)
(248.367 -0.447898 -5.23804e-14)
(247.881 -0.291423 -1.24593e-14)
(247.47 -0.192281 -3.80233e-15)
(247.128 -0.132767 -6.01011e-15)
(246.847 -0.0997781 -2.57693e-14)
(246.62 -0.082993 -1.898e-14)
(246.436 -0.0767007 2.76329e-14)
(246.288 -0.0758663 1.31108e-14)
(246.169 -0.0770608 4.04366e-14)
(246.073 -0.0770901 1.26083e-14)
(245.995 -0.0759752 3.37601e-14)
(245.93 -0.0689223 3.76824e-14)
(245.874 -0.0599341 1.57414e-14)
(245.818 -0.0389929 2.56879e-14)
(245.76 -0.0297176 8.22704e-15)
(294.672 13.222 2.92599e-14)
(297.199 11.1943 2.60057e-14)
(299.347 9.20769 2.23333e-14)
(301.766 7.02728 2.06663e-14)
(303.47 4.61481 2.15936e-14)
(302.577 2.19273 2.5639e-14)
(303.191 0.430441 3.40778e-14)
(310.762 -2.72821 4.4391e-14)
(311.493 -8.13044 5.42595e-14)
(305.136 -13.4716 6.76845e-14)
(296.041 -18.111 7.7932e-14)
(285.072 -21.649 8.06494e-14)
(273.289 -23.545 7.94649e-14)
(262.173 -23.3967 7.14366e-14)
(252.897 -21.3421 6.62083e-14)
(246.174 -18.0543 4.42317e-14)
(242.155 -14.4633 2.8857e-14)
(240.115 -11.0114 5.91769e-15)
(239.496 -8.08949 -1.19781e-14)
(239.718 -5.80627 -2.17731e-14)
(240.355 -4.10201 -2.45907e-14)
(241.132 -2.87018 -2.76283e-14)
(241.903 -1.99488 -4.25032e-14)
(242.6 -1.37958 -3.7843e-14)
(243.198 -0.949998 -5.29348e-14)
(243.694 -0.651387 -6.40589e-14)
(244.098 -0.444435 -6.03247e-14)
(244.42 -0.301369 -7.46994e-14)
(244.675 -0.202677 -9.45102e-14)
(244.874 -0.134858 -6.15579e-14)
(245.029 -0.0883305 -7.49517e-14)
(245.146 -0.0566274 -8.97958e-14)
(245.234 -0.035107 -2.91558e-14)
(245.298 -0.0207967 -2.04676e-14)
(245.343 -0.0113203 -1.79107e-13)
(245.371 -0.00557839 -3.46403e-14)
(245.394 -0.00187141 -2.46887e-14)
(245.399 -0.000654903 1.6871e-13)
(245.418 0.000438499 6.5179e-16)
(292.038 12.4374 2.87911e-14)
(288.93 -13.9889 2.96713e-14)
(288.631 -16.14 2.88968e-14)
(285.179 -16.9991 2.58051e-14)
(281.777 -17.8487 2.19747e-14)
(278.69 -18.4658 2.1619e-14)
(275.481 -18.8008 2.46024e-14)
(272.22 -18.8265 3.35474e-14)
(269.051 -18.5308 4.87748e-14)
(266.124 -17.9415 6.55738e-14)
(263.4 -17.0506 7.60308e-14)
(260.975 -15.8977 7.75081e-14)
(258.923 -14.5386 6.46894e-14)
(257.273 -13.0438 2.91981e-14)
(256.003 -11.4929 -1.07549e-14)
(255.056 -9.95567 -3.38418e-14)
(254.352 -8.48153 -4.8017e-14)
(253.799 -7.10151 -4.84023e-14)
(253.318 -5.82958 -5.14125e-14)
(252.853 -4.67545 -4.53264e-14)
(252.365 -3.64229 -4.77839e-14)
(251.83 -2.74092 -5.19999e-14)
(251.229 -1.9502 -3.67856e-14)
(250.547 -1.31982 -5.32776e-14)
(249.845 -0.84104 -6.58218e-14)
(249.166 -0.507806 -5.10948e-14)
(248.553 -0.283404 -3.28813e-14)
(248.019 -0.141877 -1.6087e-14)
(247.57 -0.0603195 -9.45302e-15)
(247.201 -0.0189257 -2.50739e-14)
(246.902 -0.00208683 -2.0649e-14)
(246.662 -0.0017953 -1.8276e-14)
(246.469 -0.0102279 3.64353e-14)
(246.316 -0.0216776 1.9693e-14)
(246.194 -0.0334171 2.46202e-14)
(246.096 -0.0426358 2.78798e-14)
(246.018 -0.0490519 2.14416e-14)
(245.955 -0.0487915 4.4238e-14)
(245.902 -0.0472639 2.32264e-14)
(245.85 -0.0319336 2.55857e-14)
(245.798 -0.0277715 6.92847e-15)
(297.741 11.5805 2.94655e-14)
(300.17 9.43949 2.61472e-14)
(302.421 7.33938 2.2448e-14)
(304.724 4.94248 2.08943e-14)
(304.421 2.55576 2.12649e-14)
(303.742 0.682001 2.50637e-14)
(311.863 -1.52616 3.25283e-14)
(316.833 -6.47877 4.29478e-14)
(311.768 -11.9433 5.30503e-14)
(303.85 -16.7833 6.59278e-14)
(293.668 -21.0458 7.89605e-14)
(282.025 -24.0526 8.06104e-14)
(269.947 -25.2822 8.06234e-14)
(258.977 -24.397 7.67934e-14)
(250.113 -21.7032 6.81031e-14)
(244.034 -18.0057 6.0385e-14)
(240.608 -14.1859 3.72711e-14)
(239.067 -10.6507 2.07012e-14)
(238.822 -7.73894 -1.46529e-16)
(239.299 -5.5173 -1.27301e-14)
(240.097 -3.87532 -2.25762e-14)
(240.974 -2.69818 -3.57343e-14)
(241.807 -1.8667 -3.06947e-14)
(242.542 -1.28498 -2.06859e-14)
(243.162 -0.880481 -6.85047e-14)
(243.673 -0.600391 -4.77074e-14)
(244.084 -0.407034 -8.07324e-14)
(244.412 -0.273938 -9.78669e-14)
(244.67 -0.182583 -7.00358e-14)
(244.872 -0.120169 -5.03055e-14)
(245.027 -0.0776127 -2.90299e-14)
(245.145 -0.048884 1.33388e-14)
(245.234 -0.0295807 2.01284e-14)
(245.298 -0.016949 -1.00437e-13)
(245.343 -0.00876423 2.74146e-14)
(245.371 -0.0039668 3.46612e-14)
(245.394 -0.00110629 1.47029e-13)
(245.399 -0.000202413 -1.10539e-15)
(245.418 -0.000438378 -1.01476e-15)
(295.205 10.7581 2.87662e-14)
(292.038 -12.4374 2.96608e-14)
(291.636 -14.7376 2.9267e-14)
(288.152 -15.7177 2.60289e-14)
(284.663 -16.6787 2.2093e-14)
(281.516 -17.4058 2.13448e-14)
(278.248 -17.8497 2.41538e-14)
(274.924 -17.9847 3.26285e-14)
(271.674 -17.8008 4.79942e-14)
(268.657 -17.3271 6.41598e-14)
(265.83 -16.5539 7.51594e-14)
(263.272 -15.5154 7.7696e-14)
(261.057 -14.2603 6.77364e-14)
(259.215 -12.8506 3.23666e-14)
(257.733 -11.3576 -5.93182e-15)
(256.574 -9.85084 -3.31415e-14)
(255.661 -8.38395 -4.44257e-14)
(254.913 -6.99416 -5.03214e-14)
(254.257 -5.70476 -3.93365e-14)
(253.63 -4.53037 -3.94385e-14)
(252.995 -3.48031 -4.58814e-14)
(252.327 -2.56079 -5.98612e-14)
(251.615 -1.78754 -4.62648e-14)
(250.878 -1.13606 -5.38184e-14)
(250.106 -0.657626 -5.3572e-14)
(249.366 -0.324485 -5.21624e-14)
(248.697 -0.110214 -4.90436e-14)
(248.119 0.0139224 -1.5769e-14)
(247.638 0.0758206 1.25362e-14)
(247.246 0.0998961 8.45149e-15)
(246.932 0.0969321 -4.32296e-15)
(246.682 0.0799983 -3.19449e-14)
(246.485 0.0573604 2.8752e-15)
(246.329 0.0339091 1.88049e-14)
(246.206 0.0120182 1.94571e-14)
(246.109 -0.00613683 3.04634e-14)
(246.032 -0.0208757 2.87965e-14)
(245.972 -0.0280366 3.31051e-14)
(245.922 -0.0334942 2.07578e-14)
(245.876 -0.0230796 3.09287e-14)
(245.829 -0.0257425 6.77296e-15)
(300.733 9.79953 2.9777e-14)
(303.272 7.54679 2.63452e-14)
(305.602 5.26037 2.28058e-14)
(305.8 2.87987 2.07533e-14)
(304.924 0.778679 2.13208e-14)
(310.943 -0.706959 2.41073e-14)
(321.473 -5.36191 3.14394e-14)
(317.603 -10.6135 4.12083e-14)
(310.839 -15.4037 5.10257e-14)
(301.769 -20.0359 6.17483e-14)
(290.8 -23.8636 7.53301e-14)
(278.633 -26.315 8.23251e-14)
(266.452 -26.8122 8.29056e-14)
(255.666 -25.2015 7.32906e-14)
(247.333 -21.8884 7.49388e-14)
(241.99 -17.8759 6.88377e-14)
(239.133 -13.822 4.86243e-14)
(238.088 -10.2442 2.31546e-14)
(238.202 -7.38299 1.08585e-14)
(238.917 -5.22016 -3.48694e-15)
(239.864 -3.64622 -1.59175e-14)
(240.832 -2.52587 -1.59102e-14)
(241.721 -1.73898 -2.50531e-14)
(242.49 -1.19098 -5.02312e-14)
(243.131 -0.811531 -3.20676e-14)
(243.654 -0.54985 -4.84812e-14)
(244.073 -0.369979 -5.54432e-14)
(244.406 -0.246763 -3.43646e-14)
(244.667 -0.162708 -2.33584e-14)
(244.87 -0.105596 -1.84976e-14)
(245.026 -0.0670155 1.06483e-14)
(245.145 -0.0412006 -2.57073e-14)
(245.234 -0.0241212 -5.79574e-14)
(245.298 -0.0131292 8.53539e-14)
(245.343 -0.00623649 1.3162e-13)
(245.371 -0.00237649 1.18823e-13)
(245.394 -0.000379227 -1.37505e-15)
(245.399 0.000202483 2.73696e-16)
(245.419 -0.00132466 4.70721e-15)
(298.291 8.98049 2.90606e-14)
(295.204 -10.7581 2.965e-14)
(294.672 -13.222 2.93175e-14)
(291.148 -14.3272 2.60206e-14)
(287.573 -15.4104 2.22707e-14)
(284.355 -16.2534 2.14085e-14)
(281.021 -16.812 2.41821e-14)
(277.628 -17.0594 3.23619e-14)
(274.285 -16.9888 4.6571e-14)
(271.178 -16.6275 6.35994e-14)
(268.247 -15.9681 7.57479e-14)
(265.562 -15.0395 7.79414e-14)
(263.192 -13.8859 6.77864e-14)
(261.17 -12.5619 3.60649e-14)
(259.489 -11.1321 -5.15061e-15)
(258.12 -9.66368 -3.3463e-14)
(257.002 -8.21252 -4.76968e-14)
(256.058 -6.82314 -5.01157e-14)
(255.218 -5.52451 -4.74273e-14)
(254.421 -4.33733 -4.51836e-14)
(253.627 -3.27672 -4.32529e-14)
(252.819 -2.35415 -6.06795e-14)
(251.986 -1.56861 -4.48173e-14)
(251.149 -0.956704 -5.16048e-14)
(250.319 -0.472711 -5.76407e-14)
(249.521 -0.141278 -5.33142e-14)
(248.802 0.061428 -5.09291e-14)
(248.185 0.168415 -2.92481e-14)
(247.675 0.213038 2.55375e-14)
(247.265 0.215542 -1.1234e-14)
(246.94 0.193356 -7.12535e-15)
(246.684 0.160406 -3.39822e-14)
(246.484 0.124183 7.854e-15)
(246.327 0.0890458 1.7588e-14)
(246.206 0.0569766 3.73686e-15)
(246.111 0.0300462 3.29819e-14)
(246.037 0.00785861 9.21989e-15)
(245.979 -0.00647687 3.27602e-14)
(245.934 -0.0184787 3.21663e-14)
(245.893 -0.0137628 1.46877e-14)
(245.853 -0.02335 4.07636e-15)
(303.847 7.88067 2.98181e-14)
(306.625 5.44016 2.65937e-14)
(307.083 3.11729 2.31646e-14)
(304.679 0.876431 2.06749e-14)
(309.023 -0.295123 2.07307e-14)
(325.299 -4.9118 2.38547e-14)
(322.577 -9.55328 3.05525e-14)
(316.912 -14.1512 4.04182e-14)
(309.078 -18.858 4.82937e-14)
(299.146 -23.17 5.85655e-14)
(287.506 -26.5705 7.18292e-14)
(274.905 -28.4149 8.02445e-14)
(262.725 -28.1745 8.13895e-14)
(252.287 -25.7933 7.54808e-14)
(244.622 -21.9202 7.37851e-14)
(240.019 -17.5988 7.43537e-14)
(237.739 -13.3836 5.35796e-14)
(237.182 -9.80472 4.88294e-14)
(237.635 -7.00444 2.69249e-14)
(238.571 -4.91764 1.20916e-14)
(239.653 -3.41565 7.227e-16)
(240.705 -2.35371 -1.71503e-14)
(241.644 -1.61189 -1.03338e-14)
(242.443 -1.09768 -1.15198e-14)
(243.103 -0.743162 -1.54428e-14)
(243.637 -0.499756 -2.16589e-14)
(244.064 -0.333261 5.3996e-15)
(244.4 -0.219847 5.12107e-15)
(244.664 -0.142975 2.94929e-14)
(244.868 -0.0911885 1.89545e-14)
(245.025 -0.0564848 -3.72637e-14)
(245.144 -0.0336074 9.58412e-15)
(245.234 -0.0186916 1.00001e-13)
(245.297 -0.00935334 1.29257e-13)
(245.343 -0.00373541 7.94166e-14)
(245.371 -0.000787258 -7.50382e-16)
(245.394 0.000380008 3.45306e-16)
(245.399 0.000655002 1.62001e-13)
(245.419 -0.00223437 -3.53197e-14)
(301.351 7.13812 2.88525e-14)
(298.291 -8.9805 2.93002e-14)
(297.741 -11.5805 2.95913e-14)
(294.174 -12.8224 2.62532e-14)
(290.508 -14.0364 2.22608e-14)
(287.215 -15.0026 2.14021e-14)
(283.805 -15.6824 2.39182e-14)
(280.337 -16.0473 3.18283e-14)
(276.895 -16.092 4.56067e-14)
(273.694 -15.842 6.27733e-14)
(270.656 -15.2944 7.52426e-14)
(267.845 -14.473 7.8143e-14)
(265.327 -13.4186 6.96802e-14)
(263.133 -12.1803 3.97526e-14)
(261.26 -10.8171 3.29693e-16)
(259.689 -9.39345 -3.32005e-14)
(258.366 -7.96675 -4.58905e-14)
(257.223 -6.58544 -5.05441e-14)
(256.193 -5.28589 -4.60169e-14)
(255.217 -4.09398 -4.54301e-14)
(254.261 -3.02772 -3.95103e-14)
(253.295 -2.11208 -4.14172e-14)
(252.332 -1.34668 -4.46395e-14)
(251.386 -0.744934 -4.83837e-14)
(250.483 -0.290936 -6.89166e-14)
(249.637 0.0340288 -5.18713e-14)
(248.871 0.224786 -6.13851e-14)
(248.219 0.316155 -3.38805e-14)
(247.685 0.343146 4.04992e-15)
(247.261 0.324947 -1.79268e-14)
(246.927 0.285133 -3.1818e-14)
(246.668 0.237067 -4.06582e-14)
(246.468 0.187942 3.83365e-14)
(246.313 0.141837 2.09538e-14)
(246.195 0.100496 2.79372e-14)
(246.103 0.065548 2.79242e-14)
(246.032 0.0357828 2.57508e-14)
(245.979 0.0148836 2.85788e-14)
(245.937 -0.00350656 2.4795e-14)
(245.902 -0.00374366 2.50579e-14)
(245.867 -0.0207817 7.80497e-15)
(307.294 5.80515 2.99079e-14)
(308.433 3.2606 2.68045e-14)
(305.477 0.960069 2.34953e-14)
(308.588 -0.293134 2.07538e-14)
(328.193 -4.69843 2.05385e-14)
(326.699 -8.7697 2.31671e-14)
(322.066 -13.1123 2.93656e-14)
(315.46 -17.7036 3.78146e-14)
(306.716 -22.2093 4.72083e-14)
(296.044 -26.2378 5.65713e-14)
(283.817 -29.1542 7.13122e-14)
(270.914 -30.3404 7.92762e-14)
(258.861 -29.2964 8.28571e-14)
(248.87 -26.1698 7.671e-14)
(241.99 -21.8289 7.90315e-14)
(238.078 -17.1895 7.20798e-14)
(236.432 -12.8815 7.80751e-14)
(236.348 -9.32992 5.40086e-14)
(237.12 -6.61221 4.12453e-14)
(238.258 -4.61157 2.3535e-14)
(239.465 -3.18441 1.46993e-14)
(240.592 -2.18206 2.613e-14)
(241.576 -1.48561 9.92061e-15)
(242.403 -1.00513 2.2806e-14)
(243.079 -0.675388 3.41081e-14)
(243.623 -0.450118 3.01467e-14)
(244.056 -0.296872 4.63611e-14)
(244.396 -0.19319 2.74599e-14)
(244.661 -0.123462 1.72081e-14)
(244.867 -0.0768541 -1.0698e-14)
(245.025 -0.0460844 5.4232e-14)
(245.144 -0.0260444 1.14411e-13)
(245.234 -0.0133203 1.40365e-13)
(245.297 -0.00560235 4.28576e-14)
(245.343 -0.00124023 1.12632e-14)
(245.371 0.000788678 -3.81678e-16)
(245.394 0.00110705 1.41932e-13)
(245.399 0.00112341 -8.86238e-14)
(245.42 -0.00316704 4.09069e-13)
(305.246 4.98964 2.88176e-14)
(301.351 -7.13813 2.94436e-14)
(300.733 -9.79953 2.96466e-14)
(297.199 -11.1943 2.65138e-14)
(293.472 -12.5485 2.23426e-14)
(290.098 -13.6466 2.14185e-14)
(286.608 -14.4549 2.33762e-14)
(283.054 -14.944 3.07387e-14)
(279.511 -15.1032 4.46338e-14)
(276.208 -14.9694 6.13254e-14)
(273.06 -14.5332 7.4605e-14)
(270.123 -13.8175 7.83993e-14)
(267.459 -12.8607 7.11069e-14)
(265.1 -11.708 4.39591e-14)
(263.042 -10.4135 7.69009e-16)
(261.271 -9.03996 -2.92945e-14)
(259.746 -7.64418 -4.21299e-14)
(258.4 -6.27916 -5.09898e-14)
(257.176 -4.98548 -4.82765e-14)
(256.015 -3.79557 -4.4649e-14)
(254.876 -2.74101 -5.08896e-14)
(253.761 -1.82713 -4.03443e-14)
(252.658 -1.09362 -5.37719e-14)
(251.602 -0.515839 -4.84197e-14)
(250.611 -0.0899322 -5.1172e-14)
(249.711 0.197266 -5.32007e-14)
(248.912 0.376891 -3.60585e-14)
(248.228 0.453233 -3.86454e-14)
(247.676 0.461396 -1.65278e-14)
(247.238 0.42572 1.90418e-14)
(246.899 0.369736 -5.02358e-15)
(246.638 0.30775 1.28651e-14)
(246.44 0.246665 -2.39494e-14)
(246.289 0.190613 1.88069e-14)
(246.174 0.140905 2.86624e-14)
(246.087 0.0987227 1.71913e-14)
(246.021 0.0627083 8.21922e-15)
(245.971 0.0356848 3.00469e-14)
(245.934 0.0114577 2.95703e-14)
(245.903 0.00567537 2.40609e-14)
(245.877 -0.0171689 6.32495e-15)
(309.34 3.61834 2.99292e-14)
(306.161 1.05542 2.69871e-14)
(308.126 -0.409819 2.37597e-14)
(330.339 -4.47844 2.07577e-14)
(329.941 -8.24387 2.01604e-14)
(326.332 -12.3168 2.24485e-14)
(320.88 -16.6979 2.79477e-14)
(313.34 -21.1976 3.69171e-14)
(303.88 -25.5268 4.46685e-14)
(292.523 -29.218 5.3901e-14)
(279.803 -31.6055 6.9373e-14)
(266.752 -32.048 7.78748e-14)
(254.849 -30.1908 8.35156e-14)
(245.484 -26.3433 8.32804e-14)
(239.482 -21.5863 7.95253e-14)
(236.246 -16.6727 8.04421e-14)
(235.221 -12.3244 8.19943e-14)
(235.586 -8.84002 6.65162e-14)
(236.656 -6.20938 4.96106e-14)
(237.978 -4.30291 4.62281e-14)
(239.297 -2.95316 4.29967e-14)
(240.492 -2.01125 2.88114e-14)
(241.517 -1.36022 2.69746e-14)
(242.368 -0.913316 2.85394e-14)
(243.059 -0.60819 3.95447e-14)
(243.612 -0.400896 3.92332e-14)
(244.049 -0.260803 1.02488e-14)
(244.393 -0.166788 2.75808e-14)
(244.66 -0.104054 3.53779e-14)
(244.867 -0.0627074 8.33153e-14)
(245.025 -0.035703 1.38697e-13)
(245.145 -0.0185686 1.18434e-13)
(245.234 -0.00797766 5.2051e-15)
(245.297 -0.0018619 1.38522e-14)
(245.343 0.0012413 1.27822e-14)
(245.371 0.00237791 1.14521e-13)
(245.394 0.00187222 -2.98254e-14)
(245.399 0.00159005 2.01884e-13)
(245.42 -0.0041067 -4.30487e-13)
(308.866 2.48707 2.89466e-14)
(305.247 -4.98964 2.94157e-14)
(303.847 -7.88067 2.98516e-14)
(300.17 -9.43948 2.66158e-14)
(296.415 -10.9401 2.2515e-14)
(292.992 -12.1776 2.12798e-14)
(289.427 -13.1226 2.29076e-14)
(285.787 -13.7419 3.01454e-14)
(282.136 -14.0249 4.31784e-14)
(278.72 -14.0091 5.97854e-14)
(275.46 -13.6835 7.32711e-14)
(272.396 -13.073 7.79132e-14)
(269.588 -12.2131 7.28524e-14)
(267.067 -11.1458 4.48844e-14)
(264.828 -9.92206 5.35515e-15)
(262.863 -8.60203 -2.63319e-14)
(261.134 -7.24346 -4.46777e-14)
(259.585 -5.90054 -5.34949e-14)
(258.154 -4.62291 -5.34985e-14)
(256.8 -3.44567 -4.35415e-14)
(255.485 -2.3958 -4.33388e-14)
(254.2 -1.52214 -4.13476e-14)
(252.961 -0.813984 -3.62197e-14)
(251.792 -0.26849 -4.78429e-14)
(250.716 0.118346 -5.57971e-14)
(249.754 0.371389 -4.22547e-14)
(248.921 0.513219 -4.9362e-14)
(248.22 0.577113 -5.06614e-14)
(247.65 0.568214 -1.46879e-14)
(247.202 0.515788 5.1991e-15)
(246.858 0.445607 -2.11476e-14)
(246.599 0.370851 -2.2019e-14)
(246.403 0.299127 -2.26459e-15)
(246.256 0.234272 1.78418e-14)
(246.146 0.177219 2.63642e-14)
(246.063 0.128939 3.44754e-14)
(246.002 0.0871544 4.43737e-14)
(245.957 0.055367 2.55435e-14)
(245.925 0.0257397 4.40776e-14)
(245.898 0.0151727 1.7287e-14)
(245.879 -0.0143585 7.32359e-15)
(306.959 1.16268 3.00253e-14)
(308.392 -0.645242 2.72309e-14)
(331.932 -4.33388 2.41716e-14)
(332.352 -7.92006 2.1178e-14)
(329.702 -11.7454 2.01891e-14)
(325.352 -15.8956 2.19844e-14)
(318.987 -20.2685 2.73565e-14)
(310.778 -24.6723 3.60141e-14)
(300.593 -28.8078 4.44039e-14)
(288.614 -32.1105 5.0123e-14)
(275.437 -33.9043 6.55608e-14)
(262.328 -33.5667 7.59854e-14)
(250.761 -30.8327 8.34266e-14)
(242.164 -26.3342 8.70667e-14)
(236.97 -21.1503 8.12916e-14)
(234.521 -16.0632 7.97126e-14)
(234.109 -11.7161 6.91447e-14)
(234.895 -8.32397 7.34426e-14)
(236.239 -5.80104 7.31468e-14)
(237.728 -3.9929 6.40361e-14)
(239.149 -2.72252 6.39937e-14)
(240.404 -1.84144 6.1872e-14)
(241.466 -1.2358 5.15775e-14)
(242.338 -0.822284 4.59339e-14)
(243.042 -0.541567 4.87618e-14)
(243.603 -0.352098 3.98027e-14)
(244.045 -0.225061 7.54224e-14)
(244.391 -0.140564 6.79969e-14)
(244.66 -0.0848731 1.04907e-13)
(244.867 -0.0485716 1.32588e-13)
(245.025 -0.0254696 7.52356e-14)
(245.145 -0.0111173 5.786e-15)
(245.234 -0.0026537 1.46026e-14)
(245.297 0.00186224 1.54174e-14)
(245.343 0.0037365 7.72266e-14)
(245.371 0.00396821 3.12895e-14)
(245.394 0.00264432 9.0459e-14)
(245.4 0.0020684 -2.68497e-13)
(245.421 -0.00504248 -3.59029e-13)
(306.674 0.869742 2.88798e-14)
(308.866 -2.48708 2.939e-14)
(307.294 -5.80516 2.98742e-14)
(303.272 -7.54679 2.68206e-14)
(299.347 -9.20769 2.26936e-14)
(295.867 -10.5918 2.1008e-14)
(292.243 -11.6799 2.26595e-14)
(288.524 -12.4367 2.95248e-14)
(284.767 -12.8466 4.19645e-14)
(281.237 -12.9549 5.90244e-14)
(277.86 -12.7422 7.33287e-14)
(274.666 -12.2385 7.89486e-14)
(271.713 -11.4756 7.52523e-14)
(269.031 -10.4942 4.95815e-14)
(266.614 -9.3425 1.14335e-14)
(264.454 -8.08028 -2.78763e-14)
(262.523 -6.76256 -4.24884e-14)
(260.758 -5.45149 -4.85059e-14)
(259.123 -4.1928 -4.58064e-14)
(257.562 -3.0389 -3.93743e-14)
(256.058 -2.02244 -4.02833e-14)
(254.608 -1.17954 -4.078e-14)
(253.231 -0.505833 -4.59228e-14)
(251.952 -0.00506862 -4.78957e-14)
(250.793 0.33761 -5.2481e-14)
(249.775 0.547884 -5.61294e-14)
(248.907 0.65507 -4.72883e-14)
(248.193 0.684624 -3.87608e-14)
(247.615 0.660976 -4.42534e-15)
(247.157 0.594571 2.18592e-14)
(246.811 0.511588 1.80714e-14)
(246.552 0.425738 -1.22287e-14)
(246.36 0.344655 -3.30137e-14)
(246.218 0.272181 1.19892e-14)
(246.113 0.20887 2.49795e-14)
(246.035 0.155308 3.69867e-14)
(245.979 0.109153 3.71637e-15)
(245.938 0.0730351 2.58412e-14)
(245.909 0.0394351 9.23454e-15)
(245.889 0.0235333 2.85816e-14)
(245.875 -0.0123608 1.50613e-14)
(308.842 -0.879306 3.01548e-14)
(333.369 -4.35564 2.74496e-14)
(334.14 -7.69657 2.44327e-14)
(332.231 -11.3587 2.16984e-14)
(328.887 -15.2952 1.99494e-14)
(323.665 -19.4962 2.15251e-14)
(316.672 -23.8384 2.62905e-14)
(307.753 -28.1603 3.4101e-14)
(296.89 -32.0464 4.21453e-14)
(284.317 -34.9026 4.85256e-14)
(270.772 -36.0339 5.9962e-14)
(257.724 -34.8174 7.55736e-14)
(246.643 -31.2214 8.17848e-14)
(238.997 -26.153 8.51384e-14)
(234.586 -20.5634 8.12812e-14)
(232.914 -15.3672 7.99162e-14)
(233.09 -11.0792 8.22345e-14)
(234.274 -7.79287 8.22359e-14)
(235.867 -5.38859 8.15515e-14)
(237.508 -3.68259 8.27698e-14)
(239.019 -2.49285 6.9799e-14)
(240.329 -1.67281 6.89455e-14)
(241.422 -1.11241 7.25643e-14)
(242.314 -0.732042 7.02748e-14)
(243.029 -0.475533 5.49439e-14)
(243.596 -0.303727 7.79311e-14)
(244.042 -0.189644 9.62291e-14)
(244.39 -0.114569 1.05577e-13)
(244.66 -0.0657386 1.16668e-13)
(244.867 -0.0346562 7.33848e-14)
(245.025 -0.0152354 1.27712e-14)
(245.145 -0.00370046 1.3636e-14)
(245.234 0.00265345 1.58721e-14)
(245.297 0.00560269 4.17501e-14)
(245.343 0.00623756 1.28868e-13)
(245.371 0.00557982 -3.98048e-14)
(245.394 0.00342973 -1.42825e-13)
(245.4 0.00255944 -1.80745e-13)
(245.421 -0.00596362 7.75886e-14)
(307.265 -1.14316 2.88025e-14)
(306.674 -0.869737 2.94274e-14)
(309.34 -3.61835 2.98364e-14)
(306.625 -5.44016 2.70385e-14)
(302.421 -7.33937 2.295e-14)
(298.757 -8.88382 2.12189e-14)
(295.051 -10.1228 2.23955e-14)
(291.255 -11.0235 2.88324e-14)
(287.393 -11.569 4.0512e-14)
(283.753 -11.8007 5.70739e-14)
(280.258 -11.7077 7.14108e-14)
(276.933 -11.3124 7.93255e-14)
(273.832 -10.647 7.48576e-14)
(270.989 -9.7519 5.29014e-14)
(268.392 -8.67488 1.44611e-14)
(266.04 -7.47149 -2.24109e-14)
(263.896 -6.20228 -3.8959e-14)
(261.923 -4.9226 -4.62417e-14)
(260.059 -3.7036 -4.45745e-14)
(258.295 -2.57262 -3.89946e-14)
(256.596 -1.60404 -5.01538e-14)
(254.98 -0.799804 -5.12289e-14)
(253.465 -0.175179 -4.70337e-14)
(252.078 0.273195 -3.81514e-14)
(250.841 0.565427 -3.93712e-14)
(249.772 0.729003 -4.21561e-14)
(248.876 0.798329 -4.36952e-14)
(248.148 0.7948 -2.18042e-14)
(247.568 0.739057 -1.0582e-14)
(247.11 0.661187 5.60748e-16)
(246.76 0.567737 -1.41976e-14)
(246.504 0.472065 -1.09167e-14)
(246.315 0.3832 -3.59833e-14)
(246.177 0.304266 1.0607e-14)
(246.077 0.235726 2.67754e-14)
(246.004 0.177892 3.29658e-14)
(245.952 0.127841 2.58717e-14)
(245.915 0.0886378 2.65644e-14)
(245.891 0.0506902 4.38489e-14)
(245.877 0.0314293 4.03822e-14)
(245.865 -0.0105191 9.69343e-15)
(334.258 -4.26778 3.02239e-14)
(335.78 -7.67618 2.76844e-14)
(334.124 -11.0878 2.46591e-14)
(331.55 -14.8706 2.17687e-14)
(327.371 -18.9001 1.98423e-14)
(321.555 -23.1207 2.09467e-14)
(313.91 -27.4601 2.55519e-14)
(304.31 -31.6425 3.23317e-14)
(292.791 -35.2347 4.08967e-14)
(279.671 -37.5761 4.60216e-14)
(265.892 -37.9356 5.75073e-14)
(252.926 -35.8053 6.87011e-14)
(242.562 -31.3744 7.63464e-14)
(235.829 -25.7289 8.54863e-14)
(232.326 -19.8386 8.36495e-14)
(231.431 -14.6056 8.51471e-14)
(232.167 -10.4093 8.66855e-14)
(233.721 -7.24968 8.30949e-14)
(235.539 -4.97368 8.66815e-14)
(237.316 -3.37285 8.58529e-14)
(238.908 -2.26451 7.8666e-14)
(240.265 -1.50552 7.91241e-14)
(241.386 -0.990081 7.54144e-14)
(242.295 -0.642609 7.0498e-14)
(243.02 -0.410081 9.01151e-14)
(243.592 -0.255822 8.95484e-14)
(244.041 -0.154487 9.47689e-14)
(244.39 -0.0887751 1.1247e-13)
(244.66 -0.0469014 5.28908e-14)
(244.867 -0.0207188 6.24238e-15)
(245.026 -0.00507887 2.16422e-14)
(245.145 0.00369997 1.38642e-14)
(245.234 0.0079774 4.70656e-15)
(245.297 0.00935369 1.26493e-13)
(245.343 0.0087653 2.32173e-14)
(245.371 0.00721429 -6.94918e-14)
(245.394 0.00423787 -1.10745e-13)
(245.4 0.00306758 -7.43007e-14)
(245.422 -0.00685846 -2.31966e-13)
(331.898 -4.73226 2.87387e-14)
(307.265 1.14318 2.94577e-14)
(306.959 -1.16267 2.99665e-14)
(308.433 -3.2606 2.71604e-14)
(305.602 -5.26037 2.30746e-14)
(301.766 -7.02728 2.12298e-14)
(297.897 -8.44558 2.2192e-14)
(293.996 -9.49712 2.80311e-14)
(290.021 -10.1875 3.95581e-14)
(286.268 -10.5516 5.57142e-14)
(282.648 -10.5797 7.14773e-14)
(279.193 -10.2923 7.84469e-14)
(275.945 -9.72538 7.62067e-14)
(272.937 -8.91784 5.38929e-14)
(270.163 -7.9155 1.7868e-14)
(267.607 -6.77728 -1.97841e-14)
(265.259 -5.55358 -4.2721e-14)
(263.049 -4.32579 -4.65869e-14)
(260.974 -3.13083 -5.64719e-14)
(258.985 -2.06307 -3.93978e-14)
(257.091 -1.13981 -4.23724e-14)
(255.307 -0.38772 -5.14418e-14)
(253.656 0.176551 -4.77936e-14)
(252.166 0.564901 -3.72054e-14)
(250.858 0.800388 -5.59399e-14)
(249.745 0.915769 -5.77105e-14)
(248.829 0.939077 -6.92653e-14)
(248.093 0.894769 -2.0308e-14)
(247.508 0.817088 -3.1893e-14)
(247.056 0.717224 -1.3769e-14)
(246.712 0.613679 1.22622e-14)
(246.455 0.511075 -1.02889e-14)
(246.269 0.415162 -5.73051e-15)
(246.135 0.330717 9.53577e-15)
(246.039 0.257808 2.82582e-14)
(245.971 0.196457 3.56777e-14)
(245.923 0.143382 2.33788e-14)
(245.89 0.101617 2.89119e-14)
(245.87 0.0607234 2.63194e-14)
(245.859 0.0388306 2.62768e-14)
(245.852 -0.00869724 1.04595e-14)
(336.58 -7.29745 3.02518e-14)
(335.87 -11.0188 2.8004e-14)
(333.557 -14.562 2.47973e-14)
(330.177 -18.4672 2.21947e-14)
(325.428 -22.5526 1.94007e-14)
(319.026 -26.8221 2.10554e-14)
(310.718 -31.1119 2.43737e-14)
(300.469 -35.1217 3.08333e-14)
(288.29 -38.3625 3.95572e-14)
(274.634 -40.099 4.50995e-14)
(260.698 -39.6263 5.23817e-14)
(248.046 -36.4949 6.45095e-14)
(238.602 -31.2968 7.59678e-14)
(232.77 -25.0913 8.2298e-14)
(230.212 -18.9946 8.8142e-14)
(230.078 -13.7739 8.37516e-14)
(231.341 -9.71025 8.27476e-14)
(233.23 -6.70017 8.20758e-14)
(235.252 -4.55786 7.55548e-14)
(237.15 -3.06424 8.16666e-14)
(238.813 -2.03777 9.17462e-14)
(240.212 -1.33963 8.43504e-14)
(241.358 -0.868866 8.3907e-14)
(242.281 -0.553985 9.35582e-14)
(243.014 -0.345259 1.02376e-13)
(243.59 -0.208316 1.03826e-13)
(244.041 -0.11975 9.15668e-14)
(244.391 -0.0633058 2.88959e-14)
(244.661 -0.0280298 1.41022e-14)
(244.868 -0.00691268 2.34039e-14)
(245.026 0.00507847 2.4124e-14)
(245.145 0.0111168 5.33964e-15)
(245.234 0.01332 1.389e-13)
(245.298 0.0131296 8.20013e-14)
(245.343 0.0113214 -1.80757e-13)
(245.372 0.00887711 -1.13877e-14)
(245.395 0.00507174 -1.05925e-13)
(245.401 0.00359243 -1.44516e-13)
(245.423 -0.00771444 9.49362e-14)
(336.924 -8.42487 2.86848e-14)
(331.898 4.73226 2.94204e-14)
(308.842 0.879328 2.99417e-14)
(306.161 -1.0554 2.74504e-14)
(307.083 -3.11729 2.3485e-14)
(304.724 -4.94248 2.0828e-14)
(300.819 -6.61238 2.22234e-14)
(296.776 -7.84878 2.71089e-14)
(292.675 -8.69362 3.82947e-14)
(288.792 -9.1938 5.43443e-14)
(285.041 -9.34617 6.99224e-14)
(281.449 -9.17207 7.8293e-14)
(278.044 -8.70803 7.68143e-14)
(274.87 -7.98923 5.92035e-14)
(271.909 -7.06628 1.7887e-14)
(269.159 -5.98808 -1.56956e-14)
(266.577 -4.828 -4.2235e-14)
(264.15 -3.63396 -5.25955e-14)
(261.831 -2.5117 -4.48698e-14)
(259.623 -1.49603 -3.92418e-14)
(257.533 -0.629541 -4.33953e-14)
(255.581 0.053507 -4.90903e-14)
(253.798 0.547576 -4.94397e-14)
(252.212 0.867759 -4.66441e-14)
(250.842 1.04053 -5.02128e-14)
(249.695 1.10425 -6.13772e-14)
(248.766 1.0761 -4.04511e-14)
(248.022 0.998047 -6.53008e-14)
(247.443 0.887104 -3.50767e-14)
(246.996 0.769191 3.47025e-15)
(246.66 0.652481 2.365e-14)
(246.409 0.542025 -3.48168e-15)
(246.225 0.440955 -1.58092e-14)
(246.095 0.352015 2.51141e-14)
(246.003 0.275447 4.38845e-14)
(245.938 0.211331 3.77592e-14)
(245.894 0.155915 2.29548e-14)
(245.864 0.112157 2.87004e-14)
(245.848 0.0688949 2.50979e-14)
(245.839 0.0450372 4.22997e-14)
(245.835 -0.0069407 1.33968e-14)
(336.974 -10.7459 3.00977e-14)
(335.387 -14.4512 2.82922e-14)
(332.306 -18.1439 2.52087e-14)
(328.376 -22.133 2.27831e-14)
(323.09 -26.3003 1.99343e-14)
(316.06 -30.5851 2.05435e-14)
(307.142 -34.7959 2.35201e-14)
(296.211 -38.5986 2.90677e-14)
(283.361 -41.4089 3.74025e-14)
(269.261 -42.4496 4.20459e-14)
(255.25 -41.0175 4.92179e-14)
(243.137 -36.8934 5.81672e-14)
(234.689 -30.9275 6.95153e-14)
(229.858 -24.259 7.68597e-14)
(228.26 -18.0405 8.07441e-14)
(228.854 -12.9117 8.20948e-14)
(230.607 -8.99241 8.75435e-14)
(232.8 -6.14615 8.1071e-14)
(235.004 -4.14234 8.23866e-14)
(237.009 -2.75738 8.42556e-14)
(238.735 -1.81286 8.65571e-14)
(240.17 -1.17526 9.13769e-14)
(241.337 -0.748779 9.42951e-14)
(242.272 -0.466247 1.00862e-13)
(243.011 -0.281007 8.1073e-14)
(243.591 -0.161484 7.26836e-14)
(244.042 -0.0853365 1.74051e-14)
(244.392 -0.0378374 1.38552e-14)
(244.661 -0.009354 2.33377e-14)
(244.868 0.00691239 2.40067e-14)
(245.025 0.015235 1.272e-14)
(245.145 0.0185681 1.15207e-13)
(245.234 0.0186914 9.75443e-14)
(245.298 0.0169494 -1.02571e-13)
(245.344 0.0139055 -1.65483e-14)
(245.372 0.0105739 -4.85716e-14)
(245.395 0.00593707 -1.0636e-13)
(245.401 0.00414466 7.501e-14)
(245.423 -0.008522 8.70091e-14)
(337.224 -11.7136 2.88431e-14)
(336.924 8.42487 2.9214e-14)
(334.258 4.26776 3.00679e-14)
(308.392 0.64526 2.75898e-14)
(305.477 -0.960039 2.36541e-14)
(305.8 -2.87986 2.08778e-14)
(303.47 -4.61482 2.20112e-14)
(299.554 -6.03861 2.67585e-14)
(295.334 -7.06583 3.73338e-14)
(291.317 -7.71563 5.30178e-14)
(287.427 -8.00191 6.78568e-14)
(283.685 -7.95052 7.73327e-14)
(280.125 -7.59037 7.77073e-14)
(276.777 -6.96591 6.23198e-14)
(273.633 -6.11848 2.35089e-14)
(270.661 -5.11555 -1.30712e-14)
(267.865 -3.9977 -3.28682e-14)
(265.185 -2.88507 -4.83309e-14)
(262.628 -1.82203 -5.13747e-14)
(260.199 -0.870535 -5.26573e-14)
(257.91 -0.0801064 -4.30689e-14)
(255.794 0.521918 -3.93779e-14)
(253.887 0.9355 -5.8482e-14)
(252.213 1.17928 -4.53023e-14)
(250.792 1.29002 -4.74013e-14)
(249.625 1.28576 -7.38698e-14)
(248.682 1.21234 -5.06148e-14)
(247.942 1.09202 -7.56402e-14)
(247.366 0.957649 -8.93489e-15)
(246.933 0.818181 -1.09812e-14)
(246.606 0.686772 -1.72401e-14)
(246.363 0.567336 2.50038e-14)
(246.184 0.461245 -2.04543e-14)
(246.056 0.368707 2.56991e-14)
(245.968 0.289367 1.84288e-14)
(245.907 0.222979 4.15847e-14)
(245.866 0.165788 2.24058e-14)
(245.839 0.120445 2.92576e-14)
(245.825 0.0755324 2.2115e-14)
(245.818 0.0501149 2.1516e-14)
(245.817 -0.00528466 1.94901e-14)
(336.521 -14.1318 3.05925e-14)
(334.24 -18.0166 2.83939e-14)
(330.629 -21.8134 2.57121e-14)
(326.192 -25.9069 2.33559e-14)
(320.317 -30.135 2.04202e-14)
(312.721 -34.4081 2.00149e-14)
(303.162 -38.5234 2.25062e-14)
(291.515 -42.058 2.77738e-14)
(278.024 -44.3483 3.50435e-14)
(263.555 -44.5764 4.2077e-14)
(249.567 -42.102 4.61083e-14)
(238.289 -36.9887 5.73329e-14)
(230.804 -30.271 6.4821e-14)
(227.117 -23.251 7.34371e-14)
(226.485 -16.9961 8.03069e-14)
(227.76 -11.9995 8.71737e-14)
(229.963 -8.26181 8.14299e-14)
(232.428 -5.59009 8.57226e-14)
(234.793 -3.72817 8.76615e-14)
(236.892 -2.45271 8.71688e-14)
(238.673 -1.58996 8.46812e-14)
(240.139 -1.01246 7.71197e-14)
(241.324 -0.629942 8.73526e-14)
(242.267 -0.3793 6.86186e-14)
(243.011 -0.217773 6.00318e-14)
(243.592 -0.115013 1.03056e-14)
(244.044 -0.0510207 1.75287e-14)
(244.392 -0.0126166 2.54471e-14)
(244.661 0.00935374 2.39336e-14)
(244.867 0.0207185 5.86163e-15)
(245.025 0.0254692 7.52247e-14)
(245.144 0.0260439 1.12092e-13)
(245.234 0.0241209 -6.0161e-14)
(245.298 0.020797 -2.5217e-14)
(245.344 0.0165289 -9.62758e-14)
(245.373 0.0123103 -6.34249e-14)
(245.396 0.0068336 -1.81311e-13)
(245.402 0.00471591 8.68169e-14)
(245.424 -0.00925217 7.80857e-14)
(336.972 -14.9578 2.85432e-14)
(337.224 11.7136 2.93079e-14)
(336.58 7.29744 3.02096e-14)
(333.369 4.35562 2.79375e-14)
(308.126 0.409834 2.41377e-14)
(304.679 -0.876405 2.10105e-14)
(304.421 -2.55575 2.17e-14)
(301.825 -4.11698 2.57963e-14)
(297.864 -5.28696 3.64496e-14)
(293.767 -6.11379 5.19495e-14)
(289.766 -6.5408 6.66043e-14)
(285.89 -6.61866 7.78164e-14)
(282.172 -6.37163 7.86922e-14)
(278.657 -5.84023 6.54184e-14)
(275.312 -5.0791 2.94054e-14)
(272.133 -4.12838 -8.11117e-15)
(269.084 -3.09968 -3.24994e-14)
(266.154 -2.0533 -4.88644e-14)
(263.354 -1.0616 -5.11456e-14)
(260.698 -0.192889 -4.07956e-14)
(258.211 0.506125 -4.19176e-14)
(255.938 1.01448 -4.90376e-14)
(253.916 1.33704 -5.93441e-14)
(252.169 1.50274 -4.60625e-14)
(250.713 1.5331 -4.864e-14)
(249.527 1.46878 -4.47934e-14)
(248.584 1.34049 -5.08622e-14)
(247.846 1.18715 -2.73272e-14)
(247.287 1.02116 -2.16381e-14)
(246.863 0.864061 2.22481e-14)
(246.548 0.718103 8.7075e-15)
(246.315 0.588949 -3.87912e-14)
(246.145 0.477237 -2.07273e-14)
(246.022 0.381764 -6.96093e-15)
(245.936 0.300054 1.70982e-14)
(245.877 0.2319 4.2622e-14)
(245.839 0.173321 2.56285e-14)
(245.814 0.126762 2.88487e-14)
(245.802 0.0807249 8.91703e-15)
(245.796 0.0541856 3.05378e-14)
(245.798 -0.00382229 1.15781e-14)
(335.44 -17.6516 3.07566e-14)
(332.636 -21.6839 2.83933e-14)
(328.584 -25.6024 2.59565e-14)
(323.575 -29.7862 2.35102e-14)
(317.175 -34.0546 2.02108e-14)
(309 -38.308 1.96257e-14)
(298.739 -42.2874 2.18785e-14)
(286.369 -45.4764 2.62311e-14)
(272.23 -47.1415 3.42086e-14)
(257.481 -46.4492 3.99332e-14)
(243.787 -42.8351 4.31569e-14)
(233.493 -36.7364 4.90386e-14)
(227.092 -29.3483 5.95844e-14)
(224.568 -22.0782 6.54343e-14)
(224.87 -15.8735 7.52941e-14)
(226.792 -11.0568 7.51627e-14)
(229.403 -7.52396 7.9053e-14)
(232.111 -5.03367 7.82345e-14)
(234.618 -3.31626 8.20445e-14)
(236.799 -2.15063 8.6422e-14)
(238.626 -1.36922 7.18698e-14)
(240.119 -0.851418 7.44824e-14)
(241.317 -0.512221 4.97579e-14)
(242.267 -0.293751 4.48108e-14)
(243.013 -0.155054 1.32807e-14)
(243.594 -0.0687729 2.06579e-14)
(244.044 -0.0169875 2.97414e-14)
(244.392 0.0126164 2.59172e-14)
(244.661 0.0280295 1.41167e-14)
(244.867 0.0346559 7.19827e-14)
(245.025 0.0357026 1.38062e-13)
(245.144 0.033607 5.02755e-15)
(245.234 0.0295805 1.65058e-14)
(245.298 0.0246962 -5.86568e-14)
(245.344 0.0191932 -2.48606e-14)
(245.373 0.0140892 -1.22514e-13)
(245.396 0.00776392 -1.29138e-13)
(245.402 0.0053331 -4.7645e-14)
(245.424 -0.009928 7.52065e-14)
(336.338 -18.4124 2.82233e-14)
(336.972 14.9578 2.90815e-14)
(336.974 10.7459 3.01097e-14)
(335.78 7.67618 2.81462e-14)
(331.932 4.33386 2.45159e-14)
(308.588 0.293151 2.0811e-14)
(304.924 -0.778648 2.12947e-14)
(302.577 -2.19272 2.57467e-14)
(299.728 -3.44438 3.52395e-14)
(295.978 -4.40068 4.98003e-14)
(291.99 -4.96842 6.56879e-14)
(288.027 -5.18291 7.71323e-14)
(284.181 -5.05093 8.02816e-14)
(280.497 -4.61717 6.93072e-14)
(276.958 -3.9234 3.18975e-14)
(273.536 -3.06373 -6.8588e-15)
(270.232 -2.10661 -3.25956e-14)
(267.042 -1.13742 -5.20567e-14)
(263.991 -0.235394 -5.00118e-14)
(261.105 0.533109 -5.37509e-14)
(258.427 1.12575 -4.66517e-14)
(256.007 1.5275 -4.83307e-14)
(253.883 1.75264 -4.94853e-14)
(252.082 1.82655 -4.68643e-14)
(250.601 1.77373 -4.63387e-14)
(249.408 1.64086 -6.16948e-14)
(248.466 1.46719 -4.6111e-14)
(247.745 1.2729 -2.90503e-14)
(247.198 1.08437 -2.5561e-14)
(246.79 0.905955 -7.44238e-16)
(246.488 0.74681 1.45309e-15)
(246.266 0.608389 6.77333e-15)
(246.106 0.490418 9.14292e-15)
(245.99 0.391511 -4.12368e-15)
(245.907 0.308141 2.03877e-14)
(245.85 0.238521 1.3334e-15)
(245.814 0.178896 2.64358e-14)
(245.79 0.131411 1.89011e-14)
(245.78 0.0846538 5.49055e-14)
(245.775 0.057319 4.14015e-14)
(245.778 -0.00259363 -2.3032e-16)
(333.938 -21.2799 3.13784e-14)
(330.696 -25.482 2.84215e-14)
(326.103 -29.5194 2.63595e-14)
(320.609 -33.7701 2.44218e-14)
(313.677 -38.0781 2.04171e-14)
(304.842 -42.2899 1.97827e-14)
(293.86 -46.0689 2.12388e-14)
(280.747 -48.8301 2.51721e-14)
(266.051 -49.7405 3.21371e-14)
(251.06 -47.9947 3.66149e-14)
(237.983 -43.1937 3.96553e-14)
(228.653 -36.1069 4.79266e-14)
(223.559 -28.1705 5.33303e-14)
(222.23 -20.7708 6.21871e-14)
(223.429 -14.6965 6.37574e-14)
(225.95 -10.0897 6.93901e-14)
(228.925 -6.7819 6.95558e-14)
(231.848 -4.47871 7.3401e-14)
(234.478 -2.90744 7.74295e-14)
(236.729 -1.85142 6.44668e-14)
(238.595 -1.15092 6.44099e-14)
(240.108 -0.691958 5.01404e-14)
(241.317 -0.39638 4.00124e-14)
(242.27 -0.209154 1.39619e-14)
(243.016 -0.0926934 1.85277e-14)
(243.595 -0.0228687 2.99863e-14)
(244.044 0.0169873 3.04021e-14)
(244.392 0.0378371 1.45101e-14)
(244.66 0.0469011 5.14744e-14)
(244.867 0.0485713 1.32656e-13)
(245.025 0.046084 4.91371e-14)
(245.145 0.0412001 -2.9033e-14)
(245.234 0.0351067 -3.48257e-14)
(245.299 0.0286415 -7.30358e-14)
(245.345 0.0219044 2.80004e-14)
(245.374 0.0159166 -1.41969e-13)
(245.397 0.00874599 1.36068e-13)
(245.403 0.00599117 -1.98604e-14)
(245.425 -0.010523 -9.34988e-14)
(335.055 -22.1178 2.77432e-14)
(336.338 18.4124 2.89361e-14)
(336.521 14.1318 3.04561e-14)
(335.87 11.0188 2.84895e-14)
(334.14 7.69657 2.45834e-14)
(330.339 4.4784 2.12254e-14)
(309.023 0.295142 2.1321e-14)
(303.742 -0.681993 2.51286e-14)
(300.967 -1.67715 3.41057e-14)
(297.717 -2.67262 4.84783e-14)
(293.996 -3.3464 6.3584e-14)
(290.07 -3.67835 7.60747e-14)
(286.142 -3.64715 7.88384e-14)
(282.3 -3.28568 7.02166e-14)
(278.543 -2.68108 3.94821e-14)
(274.869 -1.89245 -2.08286e-15)
(271.293 -1.01607 -2.99375e-14)
(267.83 -0.140752 -4.74463e-14)
(264.52 0.653099 -4.81577e-14)
(261.406 1.30485 -4.20646e-14)
(258.545 1.77446 -4.07324e-14)
(255.992 2.05784 -4.7863e-14)
(253.789 2.17813 -4.94102e-14)
(251.955 2.14102 -5.06594e-14)
(250.454 2.00656 -4.44924e-14)
(249.261 1.81041 -5.66449e-14)
(248.336 1.58453 -7.37544e-14)
(247.632 1.35731 -2.96417e-14)
(247.104 1.14044 -3.05775e-14)
(246.712 0.944648 6.38086e-15)
(246.424 0.77264 -1.54254e-14)
(246.216 0.62565 3.29965e-14)
(246.066 0.502022 -4.94677e-14)
(245.958 0.399273 -8.98349e-15)
(245.881 0.313914 1.63681e-14)
(245.827 0.243343 4.08713e-14)
(245.792 0.182876 3.05161e-14)
(245.769 0.134695 -5.13325e-15)
(245.759 0.0875155 -6.82197e-15)
(245.755 0.0596474 1.21388e-14)
(245.759 -0.00158698 2.11651e-14)
(332.056 -25.0581 3.15962e-14)
(328.319 -29.4145 2.89309e-14)
(323.266 -33.548 2.67338e-14)
(317.331 -37.8607 2.48329e-14)
(309.753 -42.2138 2.05582e-14)
(300.232 -46.336 1.96748e-14)
(288.49 -49.8562 2.05691e-14)
(274.585 -52.0828 2.32798e-14)
(259.404 -52.1164 2.99841e-14)
(244.397 -49.1574 3.62527e-14)
(232.182 -43.1388 3.88562e-14)
(223.975 -35.1195 4.09242e-14)
(220.254 -26.7594 4.86169e-14)
(220.114 -19.3287 5.14176e-14)
(222.162 -13.4593 5.64805e-14)
(225.228 -9.1093 5.75e-14)
(228.525 -6.03825 6.80769e-14)
(231.635 -3.92682 6.18361e-14)
(234.371 -2.50229 4.95284e-14)
(236.681 -1.55559 5.12545e-14)
(238.578 -0.934886 4.35449e-14)
(240.107 -0.535015 3.42509e-14)
(241.32 -0.282259 1.9994e-14)
(242.273 -0.124939 2.12526e-14)
(243.017 -0.0308056 2.99484e-14)
(243.595 0.0228686 3.0426e-14)
(244.044 0.0510205 1.80703e-14)
(244.391 0.0633056 2.80946e-14)
(244.66 0.0657383 1.14045e-13)
(244.867 0.0627071 7.96694e-14)
(245.025 0.0564844 -4.23062e-14)
(245.145 0.0488835 7.30159e-15)
(245.235 0.040685 -1.32136e-13)
(245.3 0.0326443 -1.09431e-13)
(245.346 0.0246668 -8.59823e-14)
(245.375 0.0177966 -5.5517e-14)
(245.398 0.00977489 3.99174e-14)
(245.404 0.00668567 -6.24751e-14)
(245.425 -0.0110334 3.57918e-14)
(333.374 -25.9742 2.76982e-14)
(335.055 22.1178 2.88574e-14)
(335.44 17.6516 3.07347e-14)
(335.387 14.4512 2.87858e-14)
(334.124 11.0878 2.50435e-14)
(332.352 7.92006 2.14928e-14)
(328.193 4.6984 2.11216e-14)
(310.943 0.706994 2.46342e-14)
(303.191 -0.430438 3.30745e-14)
(299.613 -1.16684 4.68487e-14)
(295.971 -1.77307 6.13592e-14)
(292.103 -2.1386 7.63878e-14)
(288.097 -2.16419 7.95116e-14)
(284.072 -1.86143 7.40918e-14)
(280.069 -1.32251 4.406e-14)
(276.116 -0.605936 2.48925e-15)
(272.244 0.172289 -3.05151e-14)
(268.493 0.934722 -4.62165e-14)
(264.92 1.60218 -5.21739e-14)
(261.585 2.11669 -4.89403e-14)
(258.554 2.4466 -4.17531e-14)
(255.894 2.60875 -4.35061e-14)
(253.643 2.58962 -4.88788e-14)
(251.775 2.45369 -5.91108e-14)
(250.275 2.23182 -4.2075e-14)
(249.096 1.96951 -5.91696e-14)
(248.193 1.69636 -4.51446e-14)
(247.511 1.43388 -6.10293e-14)
(247.003 1.19302 -3.59946e-14)
(246.63 0.979206 6.91339e-15)
(246.36 0.795517 4.60778e-15)
(246.165 0.640803 -5.90855e-15)
(246.025 0.51198 -4.14027e-15)
(245.926 0.40583 -1.48029e-14)
(245.855 0.318217 1.56753e-14)
(245.805 0.246611 3.93067e-14)
(245.772 0.185636 3.78613e-14)
(245.75 0.136893 2.82133e-14)
(245.74 0.0895147 5.25808e-14)
(245.736 0.0613049 1.70413e-14)
(245.741 -0.000787057 2.99792e-14)
(329.748 -28.998 3.1333e-14)
(325.578 -33.483 2.90679e-14)
(320.092 -37.7117 2.69364e-14)
(313.623 -42.1016 2.54739e-14)
(305.379 -46.4489 2.1373e-14)
(295.133 -50.4474 1.99291e-14)
(282.556 -53.6263 2.0569e-14)
(267.894 -55.1915 2.28622e-14)
(252.259 -54.1743 2.91342e-14)
(237.569 -49.8801 3.48128e-14)
(226.261 -42.6019 4.12277e-14)
(219.484 -33.7802 4.04503e-14)
(217.209 -25.1324 4.08327e-14)
(218.23 -17.8149 4.62367e-14)
(221.065 -12.1867 4.73419e-14)
(224.619 -8.12103 5.5553e-14)
(228.2 -5.29616 4.81823e-14)
(231.471 -3.37922 4.27075e-14)
(234.297 -2.10166 3.75325e-14)
(236.654 -1.26293 3.28012e-14)
(238.574 -0.722186 2.79578e-14)
(240.11 -0.381015 2.08855e-14)
(241.324 -0.168431 1.47944e-14)
(242.276 -0.0415452 2.97151e-14)
(243.017 0.0308055 3.05412e-14)
(243.594 0.0687728 2.1046e-14)
(244.042 0.0853363 1.63914e-14)
(244.39 0.0887749 1.09144e-13)
(244.66 0.0848729 1.04167e-13)
(244.867 0.0768538 -1.42482e-14)
(245.026 0.067015 5.12306e-15)
(245.146 0.0566269 -9.69664e-14)
(245.236 0.046334 -9.19158e-14)
(245.301 0.0367065 -3.17684e-14)
(245.347 0.0274849 -9.63084e-14)
(245.375 0.0197326 -5.78057e-16)
(245.398 0.0108516 -1.31415e-13)
(245.404 0.00741772 1.06932e-13)
(245.426 -0.0114567 6.72389e-14)
(331.292 -29.9853 2.7725e-14)
(333.374 25.9742 2.85051e-14)
(333.938 21.2799 3.11494e-14)
(334.24 18.0166 2.89964e-14)
(333.557 14.562 2.51921e-14)
(332.231 11.3587 2.16861e-14)
(329.941 8.24386 2.11704e-14)
(325.299 4.91178 2.40333e-14)
(311.863 1.52618 3.15924e-14)
(303.4 0.273343 4.5061e-14)
(298.642 -0.254006 6.17657e-14)
(294.391 -0.584225 7.50208e-14)
(290.107 -0.622916 8.09265e-14)
(285.838 -0.310255 7.43411e-14)
(281.527 0.17105 4.8463e-14)
(277.25 0.796999 7.1361e-15)
(273.052 1.45909 -2.35105e-14)
(269.004 2.0878 -4.50553e-14)
(265.171 2.60739 -5.32861e-14)
(261.624 2.96135 -4.26893e-14)
(258.452 3.15082 -4.33825e-14)
(255.723 3.14515 -3.23859e-14)
(253.425 3.00286 -5.8934e-14)
(251.555 2.7516 -4.62704e-14)
(250.065 2.44678 -5.8841e-14)
(248.911 2.12065 -5.68474e-14)
(248.037 1.80174 -7.40936e-14)
(247.381 1.50483 -5.82244e-14)
(246.898 1.23947 -3.77045e-14)
(246.546 1.00991 -1.64944e-14)
(246.293 0.815566 6.19218e-15)
(246.113 0.653786 -1.05862e-14)
(245.984 0.520311 1.70002e-14)
(245.893 0.411159 -3.86947e-14)
(245.829 0.32165 1.29658e-14)
(245.784 0.248794 3.46359e-14)
(245.754 0.187371 7.05352e-14)
(245.733 0.138277 1.83013e-14)
(245.724 0.0908381 2.16964e-14)
(245.718 0.0624292 3.033e-14)
(245.724 -0.000173112 2.24866e-15)
(327.079 -33.0843 3.13665e-14)
(322.521 -37.6996 2.93501e-14)
(316.538 -42.0309 2.7257e-14)
(309.481 -46.475 2.57279e-14)
(300.561 -50.7941 2.20714e-14)
(289.483 -54.6121 1.9689e-14)
(276.064 -57.3448 1.94089e-14)
(260.68 -58.0799 2.22187e-14)
(244.716 -55.8434 2.66673e-14)
(230.633 -50.1035 3.17484e-14)
(220.458 -41.5871 3.44583e-14)
(215.256 -32.1009 3.79917e-14)
(214.468 -23.3219 4.06897e-14)
(216.583 -16.2036 4.17491e-14)
(220.14 -10.8864 3.99338e-14)
(224.121 -7.12932 3.96191e-14)
(227.948 -4.55815 3.74811e-14)
(231.355 -2.83737 3.85306e-14)
(234.253 -1.7054 3.77396e-14)
(236.645 -0.974709 3.23978e-14)
(238.577 -0.514351 2.323e-14)
(240.116 -0.227104 1.46349e-14)
(241.327 -0.0560783 3.27318e-14)
(242.276 0.041545 3.02135e-14)
(243.016 0.0926933 1.90943e-14)
(243.592 0.115013 1.04489e-14)
(244.041 0.11975 9.06895e-14)
(244.39 0.114569 1.03271e-13)
(244.66 0.104053 3.03006e-14)
(244.868 0.0911882 1.41659e-14)
(245.027 0.0776123 -3.63712e-14)
(245.147 0.0644608 -1.03461e-13)
(245.237 0.0520515 3.19001e-15)
(245.302 0.0408351 -4.03635e-14)
(245.348 0.0303632 -1.9696e-13)
(245.376 0.0217285 -4.2193e-14)
(245.399 0.0119787 -1.28136e-14)
(245.405 0.00818796 1.01736e-13)
(245.426 -0.0117918 6.59024e-14)
(328.806 -34.151 2.77222e-14)
(331.292 29.9853 2.82058e-14)
(332.056 25.0581 3.13697e-14)
(332.636 21.6839 2.8854e-14)
(332.306 18.1439 2.55556e-14)
(331.55 14.8706 2.2488e-14)
(329.702 11.7454 2.08155e-14)
(326.699 8.76969 2.35474e-14)
(321.473 5.3619 3.05394e-14)
(310.762 2.72823 4.33563e-14)
(302.874 1.62155 5.81707e-14)
(297.337 1.18897 7.34617e-14)
(292.347 1.15224 8.08613e-14)
(287.626 1.43452 7.52232e-14)
(282.886 1.81778 5.30055e-14)
(278.23 2.32612 1.32045e-14)
(273.684 2.84709 -2.56991e-14)
(269.331 3.31575 -4.26628e-14)
(265.243 3.65907 -5.1793e-14)
(261.518 3.84812 -5.66654e-14)
(258.253 3.84017 -4.31773e-14)
(255.458 3.68336 -4.42115e-14)
(253.15 3.39572 -4.96614e-14)
(251.286 3.04 -4.08777e-14)
(249.826 2.65016 -4.1264e-14)
(248.711 2.26133 -5.78958e-14)
(247.869 1.89727 -4.23615e-14)
(247.245 1.56802 -6.8988e-14)
(246.789 1.28101 -4.55342e-14)
(246.46 1.03665 4.19835e-15)
(246.226 0.832708 1.43512e-14)
(246.06 0.664589 -4.10821e-14)
(245.943 0.527025 1.77696e-14)
(245.861 0.415296 -1.19171e-14)
(245.804 0.324182 9.95132e-15)
(245.764 0.250365 2.75471e-14)
(245.737 0.188326 7.35937e-14)
(245.718 0.138987 -8.57667e-15)
(245.709 0.0916573 4.97867e-14)
(245.703 0.0631487 2.87236e-14)
(245.708 0.000278385 1.69357e-14)
(324.107 -37.321 3.1292e-14)
(319.089 -42.0835 2.9922e-14)
(312.547 -46.4959 2.73162e-14)
(304.885 -50.9871 2.55755e-14)
(295.21 -55.2465 2.30749e-14)
(283.248 -58.8053 2.02259e-14)
(268.891 -60.9613 1.97943e-14)
(252.863 -60.6978 2.02778e-14)
(236.81 -57.021 2.432e-14)
(223.484 -49.7313 2.76483e-14)
(214.806 -40.0904 3.46717e-14)
(211.339 -30.0987 3.71116e-14)
(212.025 -21.3506 4.05902e-14)
(215.169 -14.5292 3.98238e-14)
(219.376 -9.57232 4.2997e-14)
(223.73 -6.13898 4.07462e-14)
(227.766 -3.82682 3.95738e-14)
(231.283 -2.3014 3.33412e-14)
(234.235 -1.31498 2.88798e-14)
(236.647 -0.694113 1.87693e-14)
(238.585 -0.306211 1.71638e-14)
(240.12 -0.0757182 3.1588e-14)
(241.327 0.056078 3.27788e-14)
(242.273 0.124939 2.12405e-14)
(243.013 0.155054 1.34347e-14)
(243.591 0.161484 6.99247e-14)
(244.041 0.154487 9.32558e-14)
(244.391 0.140564 6.63384e-14)
(244.661 0.123461 1.19251e-14)
(244.87 0.105595 -2.42306e-14)
(245.029 0.08833 -8.14855e-14)
(245.149 0.072376 -3.71223e-14)
(245.238 0.0578479 -4.90475e-14)
(245.303 0.0450344 -1.687e-13)
(245.349 0.0333059 6.29533e-14)
(245.377 0.0237877 -4.74881e-14)
(245.4 0.0131586 6.20334e-14)
(245.406 0.00899464 -2.71973e-14)
(245.427 -0.0120318 -1.08395e-13)
(326.002 -38.4853 2.79893e-14)
(328.806 34.151 2.80359e-14)
(329.748 28.998 3.10334e-14)
(330.696 25.482 2.89021e-14)
(330.629 21.8134 2.60637e-14)
(330.177 18.4672 2.27538e-14)
(328.887 15.2952 2.04119e-14)
(326.332 12.3168 2.29272e-14)
(322.577 9.55327 2.95524e-14)
(316.833 6.47877 4.17531e-14)
(308.197 4.58671 5.65156e-14)
(300.884 3.56602 7.20428e-14)
(294.874 3.39675 8.0859e-14)
(289.358 3.40807 7.92731e-14)
(284.083 3.6434 5.76024e-14)
(278.994 3.98752 1.92256e-14)
(274.088 4.33357 -2.0716e-14)
(269.437 4.61441 -3.76722e-14)
(265.133 4.75818 -5.23007e-14)
(261.28 4.7205 -5.0319e-14)
(257.928 4.5357 -4.42257e-14)
(255.115 4.19811 -4.02379e-14)
(252.809 3.77865 -5.08643e-14)
(250.98 3.31118 -5.20892e-14)
(249.568 2.83743 -4.45732e-14)
(248.492 2.39186 -5.21447e-14)
(247.69 1.98338 -7.12125e-14)
(247.102 1.62418 -5.47883e-14)
(246.676 1.31695 -4.94526e-14)
(246.372 1.05952 -5.1607e-15)
(246.157 0.846917 1.43593e-14)
(246.007 0.67322 2.60333e-14)
(245.902 0.532146 -2.17204e-14)
(245.829 0.41826 -2.32883e-14)
(245.778 0.325852 -1.15993e-14)
(245.743 0.251285 -9.91952e-15)
(245.72 0.188862 2.80772e-14)
(245.704 0.139112 6.38744e-14)
(245.696 0.092074 2.04803e-14)
(245.69 0.0635795 2.3698e-14)
(245.694 0.00057961 3.87059e-15)
(320.753 -41.7414 3.0668e-14)
(315.234 -46.6311 3.03277e-14)
(308.122 -51.1226 2.7862e-14)
(299.77 -55.6481 2.53093e-14)
(289.307 -59.7765 2.32247e-14)
(276.328 -62.9964 2.05452e-14)
(261.021 -64.4134 1.87854e-14)
(244.377 -62.9174 1.89287e-14)
(228.6 -57.6025 2.24475e-14)
(216.367 -48.738 2.71543e-14)
(209.444 -38.1107 2.85258e-14)
(207.793 -27.8162 3.43283e-14)
(209.899 -19.2611 3.75192e-14)
(213.993 -12.8106 3.78747e-14)
(218.767 -8.25195 3.59271e-14)
(223.442 -5.15492 3.34877e-14)
(227.647 -3.10301 2.65641e-14)
(231.25 -1.77305 2.58078e-14)
(234.234 -0.936215 1.87747e-14)
(236.656 -0.412779 1.89244e-14)
(238.59 -0.102246 3.03277e-14)
(240.12 0.0757177 3.18942e-14)
(241.324 0.168431 1.5252e-14)
(242.27 0.209154 1.44215e-14)
(243.011 0.217773 5.90357e-14)
(243.59 0.208316 1.02065e-13)
(244.042 0.189644 9.35938e-14)
(244.393 0.166788 2.19152e-14)
(244.664 0.142975 2.25242e-14)
(244.872 0.120169 -5.68696e-14)
(245.031 0.0991453 -7.56982e-14)
(245.15 0.0803885 3.5969e-14)
(245.24 0.0637266 -1.00527e-13)
(245.304 0.04931 -9.61843e-14)
(245.35 0.0363167 -1.66399e-13)
(245.379 0.0259132 -1.73549e-14)
(245.402 0.0143926 -5.83364e-14)
(245.408 0.00984662 8.34133e-14)
(245.428 -0.0121851 -5.16035e-14)
(322.856 -43.0121 2.78596e-14)
(326.002 38.4853 2.75735e-14)
(327.079 33.0843 3.12883e-14)
(328.319 29.4145 2.93298e-14)
(328.584 25.6024 2.63481e-14)
(328.376 22.133 2.32758e-14)
(327.371 18.9001 2.03781e-14)
(325.352 15.8956 2.25035e-14)
(322.066 13.1123 2.8976e-14)
(317.603 10.6134 4.00541e-14)
(311.493 8.13044 5.47539e-14)
(304.032 6.62041 7.00451e-14)
(297.111 5.90554 7.9681e-14)
(290.847 5.64467 7.85132e-14)
(285.017 5.67663 6.33391e-14)
(279.484 5.79921 2.68677e-14)
(274.228 5.91998 -1.24591e-14)
(269.317 5.96135 -4.32514e-14)
(264.838 5.85286 -5.181e-14)
(260.876 5.60985 -5.22917e-14)
(257.496 5.20092 -4.56635e-14)
(254.682 4.70121 -3.87945e-14)
(252.418 4.13787 -4.92724e-14)
(250.643 3.56256 -5.06478e-14)
(249.282 3.01499 -6.13889e-14)
(248.26 2.50792 -3.6163e-14)
(247.503 2.05938 -5.4817e-14)
(246.954 1.67275 -5.81214e-14)
(246.561 1.34763 -5.23107e-14)
(246.283 1.07841 -1.72002e-14)
(246.089 0.858188 3.23671e-14)
(245.954 0.679714 -7.10166e-15)
(245.861 0.535707 -3.8134e-14)
(245.796 0.420081 -4.4811e-14)
(245.753 0.326681 2.61938e-15)
(245.722 0.251585 3.27906e-14)
(245.703 0.188949 3.66318e-14)
(245.689 0.138967 1.85442e-14)
(245.683 0.0921175 4.94852e-14)
(245.678 0.0638332 2.37428e-15)
(245.682 0.000756044 2.10453e-14)
(317.007 -46.3285 3.01822e-14)
(310.959 -51.3585 3.01323e-14)
(303.19 -55.9254 2.8017e-14)
(294.061 -60.4457 2.60745e-14)
(282.697 -64.39 2.39945e-14)
(268.674 -67.1401 2.06589e-14)
(252.436 -67.6023 1.90654e-14)
(235.378 -64.6099 1.88898e-14)
(220.075 -57.4676 2.00884e-14)
(209.334 -47.0813 2.31822e-14)
(204.431 -35.6557 2.8072e-14)
(204.641 -25.2767 3.14484e-14)
(208.098 -17.0587 2.93247e-14)
(213.048 -11.0644 2.84523e-14)
(218.31 -6.93366 2.43712e-14)
(223.248 -4.17949 2.14315e-14)
(227.586 -2.38905 1.87709e-14)
(231.241 -1.26183 1.88128e-14)
(234.244 -0.556206 1.95514e-14)
(236.662 -0.13804 3.01123e-14)
(238.59 0.102245 3.05092e-14)
(240.116 0.227104 1.57135e-14)
(241.32 0.282259 2.01555e-14)
(242.267 0.293751 4.46146e-14)
(243.011 0.281007 7.93836e-14)
(243.592 0.255822 8.95609e-14)
(244.045 0.225061 7.25799e-14)
(244.396 0.193189 2.15679e-14)
(244.667 0.162707 -2.99915e-14)
(244.874 0.134858 -6.7177e-14)
(245.033 0.110083 -2.49394e-14)
(245.152 0.088499 4.46059e-15)
(245.241 0.0696944 -1.72895e-13)
(245.306 0.0536661 -4.342e-14)
(245.352 0.0393994 -1.48958e-13)
(245.38 0.0281078 -2.31215e-14)
(245.403 0.0156846 4.08282e-14)
(245.409 0.0107457 7.44302e-14)
(245.428 -0.0122478 7.79621e-14)
(319.301 -47.7307 2.77732e-14)
(322.856 43.0121 2.84392e-14)
(324.107 37.321 3.10715e-14)
(325.578 33.483 2.95182e-14)
(326.103 29.5194 2.69785e-14)
(326.192 25.9069 2.33992e-14)
(325.428 22.5526 2.00809e-14)
(323.665 19.4962 2.21107e-14)
(320.88 16.6979 2.82934e-14)
(316.912 14.1512 3.78153e-14)
(311.768 11.9433 5.34497e-14)
(305.446 10.0473 6.76642e-14)
(298.53 8.85364 8.13511e-14)
(291.826 8.21953 7.92804e-14)
(285.542 7.90603 6.45215e-14)
(279.614 7.72485 3.23065e-14)
(274.059 7.56998 -1.14883e-14)
(268.934 7.32553 -3.53181e-14)
(264.327 6.97076 -5.38211e-14)
(260.328 6.46063 -5.41906e-14)
(256.942 5.85553 -4.81366e-14)
(254.178 5.17195 -3.37439e-14)
(251.974 4.47421 -4.66419e-14)
(250.272 3.79896 -6.24795e-14)
(248.979 3.17088 -3.49662e-14)
(248.014 2.61106 -3.37464e-14)
(247.309 2.12506 -5.64558e-14)
(246.803 1.71403 -5.90063e-14)
(246.445 1.37293 -5.2199e-14)
(246.194 1.09332 -4.46532e-14)
(246.02 0.866577 3.31651e-14)
(245.901 0.684118 7.4834e-15)
(245.82 0.537748 -3.98067e-14)
(245.765 0.420794 -9.0412e-15)
(245.727 0.326696 -4.21952e-14)
(245.702 0.251282 2.66126e-14)
(245.686 0.188602 3.75387e-14)
(245.675 0.138571 2.54925e-14)
(245.671 0.091953 1.22676e-14)
(245.666 0.0638812 1.77832e-15)
(245.672 0.000847022 3.01417e-14)
(312.843 -51.1061 2.97785e-14)
(306.191 -56.2872 3.05848e-14)
(297.685 -60.9013 2.80558e-14)
(287.705 -65.3828 2.71431e-14)
(275.317 -69.0653 2.45882e-14)
(260.145 -71.1624 2.19394e-14)
(243.067 -70.4074 1.94149e-14)
(225.743 -65.617 1.82841e-14)
(211.426 -56.5405 2.05972e-14)
(202.56 -44.7463 2.04143e-14)
(199.866 -32.7774 2.39131e-14)
(201.92 -22.5615 2.21106e-14)
(206.623 -14.7879 2.30388e-14)
(212.323 -9.30939 1.99579e-14)
(217.993 -5.62288 2.42305e-14)
(223.139 -3.21611 1.82103e-14)
(227.564 -1.69915 1.92359e-14)
(231.25 -0.749114 2.07396e-14)
(234.251 -0.186255 3.09316e-14)
(236.662 0.138039 3.05676e-14)
(238.585 0.306211 1.72639e-14)
(240.11 0.381014 2.12415e-14)
(241.317 0.39638 3.98954e-14)
(242.267 0.3793 6.73687e-14)
(243.014 0.345258 1.00548e-13)
(243.596 0.303727 7.54099e-14)
(244.049 0.260803 5.66389e-15)
(244.4 0.219847 -5.24043e-16)
(244.67 0.182583 -7.84878e-14)
(244.878 0.149707 -1.01646e-13)
(245.036 0.121141 4.41245e-14)
(245.155 0.0967176 -1.22146e-13)
(245.243 0.0757565 -9.64709e-14)
(245.307 0.0581077 -7.75393e-14)
(245.353 0.0425569 -1.62373e-14)
(245.381 0.0303726 -3.93464e-14)
(245.404 0.0170363 7.04466e-14)
(245.41 0.0116949 -1.84166e-13)
(245.429 -0.0122421 5.62515e-14)
(315.342 -52.664 2.77697e-14)
(319.301 47.7307 2.78593e-14)
(320.753 41.7414 3.0191e-14)
(322.521 37.6996 2.97805e-14)
(323.266 33.548 2.71345e-14)
(323.575 29.7862 2.32859e-14)
(323.09 26.3003 2.01294e-14)
(321.555 23.1207 2.19695e-14)
(318.987 20.2685 2.69036e-14)
(315.46 17.7036 3.78253e-14)
(310.839 15.4037 4.97083e-14)
(305.136 13.4716 6.71358e-14)
(298.672 11.9699 7.6916e-14)
(291.988 10.9375 7.99699e-14)
(285.471 10.2542 6.85653e-14)
(279.292 9.74002 3.46413e-14)
(273.527 9.24945 2.63742e-15)
(268.27 8.70824 -3.26923e-14)
(263.618 8.04838 -4.97659e-14)
(259.615 7.30032 -6.05985e-14)
(256.292 6.46463 -4.76008e-14)
(253.597 5.61614 -5.23406e-14)
(251.494 4.78205 -4.74826e-14)
(249.874 4.00868 -5.07731e-14)
(248.655 3.30993 -5.06228e-14)
(247.759 2.69964 -3.18788e-14)
(247.11 2.18063 -5.75316e-14)
(246.65 1.748 -4.6308e-14)
(246.327 1.39283 -5.24492e-14)
(246.104 1.10431 -2.89869e-14)
(245.952 0.872143 8.33628e-15)
(245.848 0.686492 8.38985e-15)
(245.779 0.538321 -5.55891e-15)
(245.733 0.420436 -8.98376e-15)
(245.703 0.325929 7.83715e-16)
(245.682 0.250396 2.66198e-14)
(245.67 0.187836 4.07293e-14)
(245.662 0.137919 2.64305e-14)
(245.659 0.0915744 -6.27398e-15)
(245.655 0.0638246 2.79125e-14)
(245.661 0.000832769 1.515e-14)
(308.207 -56.0992 3.03066e-14)
(300.869 -61.4213 3.06782e-14)
(291.56 -66.0583 2.83411e-14)
(280.618 -70.4418 2.72852e-14)
(267.056 -73.7416 2.56317e-14)
(250.735 -74.9495 2.26797e-14)
(232.775 -72.6626 2.05534e-14)
(215.706 -65.7857 2.04314e-14)
(202.772 -54.7096 1.92587e-14)
(196.209 -41.7395 2.09375e-14)
(195.846 -29.4965 1.91573e-14)
(199.657 -19.6616 2.10017e-14)
(205.478 -12.4707 2.04487e-14)
(211.806 -7.55509 2.23072e-14)
(217.803 -4.32553 1.61169e-14)
(223.09 -2.28607 1.87269e-14)
(227.568 -1.00837 2.20774e-14)
(231.258 -0.251012 3.11108e-14)
(234.251 0.186254 3.14902e-14)
(236.656 0.412778 1.93228e-14)
(238.577 0.514351 2.29288e-14)
(240.107 0.535014 3.58744e-14)
(241.317 0.512221 4.78718e-14)
(242.272 0.466247 1.00518e-13)
(243.02 0.410081 8.93887e-14)
(243.603 0.352098 3.61347e-14)
(244.056 0.296872 3.93492e-14)
(244.406 0.246763 -4.00722e-14)
(244.675 0.202677 -9.90925e-14)
(244.881 0.164704 -3.94889e-14)
(245.039 0.132329 -2.72588e-14)
(245.157 0.105048 -1.41152e-13)
(245.246 0.0819168 -8.07254e-14)
(245.309 0.0626381 -7.0699e-14)
(245.355 0.0457926 -1.20131e-13)
(245.383 0.0327105 1.44261e-13)
(245.406 0.0184503 2.22375e-14)
(245.412 0.0126942 9.46393e-14)
(245.431 -0.0121932 1.66464e-13)
(310.934 -57.8411 2.7599e-14)
(315.342 52.664 2.88364e-14)
(317.007 46.3285 3.03328e-14)
(319.089 42.0835 3.0339e-14)
(320.092 37.7117 2.73919e-14)
(320.609 33.7701 2.43838e-14)
(320.317 30.135 2.01903e-14)
(319.026 26.8221 2.15312e-14)
(316.672 23.8384 2.60509e-14)
(313.34 21.1976 3.59486e-14)
(309.078 18.858 4.93434e-14)
(303.85 16.7833 6.42699e-14)
(297.765 15.0641 7.61239e-14)
(291.257 13.7228 8.06496e-14)
(284.743 12.6687 7.12371e-14)
(278.471 11.7782 4.10509e-14)
(272.622 10.9412 1.95843e-15)
(267.332 10.0551 -2.89615e-14)
(262.695 9.10673 -4.65869e-14)
(258.772 8.07942 -4.62671e-14)
(255.534 7.04226 -4.99134e-14)
(252.975 6.01586 -3.70869e-14)
(250.969 5.0637 -5.60539e-14)
(249.449 4.19392 -5.26768e-14)
(248.319 3.42876 -5.04578e-14)
(247.496 2.77433 -4.94618e-14)
(246.908 2.2262 -5.72589e-14)
(246.496 1.7746 -6.27675e-14)
(246.21 1.40737 -5.06161e-14)
(246.015 1.11147 -5.58745e-14)
(245.884 0.874983 4.68811e-15)
(245.797 0.686902 1.46772e-14)
(245.739 0.537472 -1.50789e-14)
(245.702 0.419053 1.79048e-14)
(245.678 0.32441 -5.01055e-14)
(245.663 0.248958 2.92354e-14)
(245.654 0.186684 4.85077e-14)
(245.648 0.137026 2.58684e-14)
(245.647 0.0910265 3.43445e-14)
(245.644 0.0636463 3.89572e-15)
(245.651 0.000775539 1.73441e-14)
(303.027 -61.3124 3.00096e-14)
(294.938 -66.7717 3.11218e-14)
(284.723 -71.3888 2.84008e-14)
(272.621 -75.599 2.7715e-14)
(257.761 -78.3334 2.58788e-14)
(240.277 -78.3661 2.35982e-14)
(221.747 -74.1417 2.10829e-14)
(205.289 -64.9336 2.09611e-14)
(194.33 -51.9363 2.08527e-14)
(190.426 -38.0778 1.80571e-14)
(192.418 -25.9434 1.76817e-14)
(197.848 -16.6537 1.93774e-14)
(204.64 -10.1358 2.06975e-14)
(211.479 -5.81245 1.74419e-14)
(217.705 -3.07249 2.14829e-14)
(223.082 -1.35657 2.50889e-14)
(227.574 -0.33777 3.115e-14)
(231.258 0.251011 3.13846e-14)
(234.244 0.556204 2.01148e-14)
(236.647 0.694112 1.92666e-14)
(238.574 0.722185 2.67014e-14)
(240.108 0.691958 5.04112e-14)
(241.324 0.629942 8.43782e-14)
(242.281 0.553984 9.12545e-14)
(243.029 0.475533 5.15114e-14)
(243.612 0.400896 3.51783e-14)
(244.064 0.333261 -2.48759e-15)
(244.412 0.273938 -1.04553e-13)
(244.68 0.222978 -4.22567e-14)
(244.886 0.179868 -9.38512e-15)
(245.042 0.143659 -9.53466e-14)
(245.16 0.113498 -7.59828e-14)
(245.248 0.0881827 1.5223e-15)
(245.311 0.0672616 -2.27337e-14)
(245.357 0.0491075 1.00459e-13)
(245.385 0.0351222 6.36411e-15)
(245.407 0.0199256 4.77157e-14)
(245.414 0.0137341 -2.30566e-16)
(245.432 -0.0120765 8.67458e-14)
(306.008 -63.2796 2.89075e-14)
(310.934 57.8411 2.89219e-14)
(312.843 51.1061 2.99339e-14)
(315.234 46.6311 3.07728e-14)
(316.538 42.0309 2.74926e-14)
(317.331 37.8607 2.51251e-14)
(317.175 34.0546 2.05176e-14)
(316.06 30.5851 2.08067e-14)
(313.91 27.4601 2.50207e-14)
(310.778 24.6723 3.3971e-14)
(306.716 22.2093 4.66271e-14)
(301.769 20.0359 6.28118e-14)
(296.041 18.1109 7.66534e-14)
(289.791 16.4564 8.16117e-14)
(283.389 15.0498 7.12007e-14)
(277.164 13.7977 4.82557e-14)
(271.349 12.5857 9.56914e-15)
(266.122 11.3628 -2.48264e-14)
(261.595 10.0894 -4.605e-14)
(257.784 8.81807 -4.61533e-14)
(254.724 7.55755 -4.56871e-14)
(252.285 6.38709 -3.90669e-14)
(250.413 5.30724 -3.7417e-14)
(249.005 4.35226 -5.06863e-14)
(247.971 3.5284 -5.99307e-14)
(247.229 2.83519 -4.36266e-14)
(246.705 2.26169 -6.39743e-14)
(246.341 1.79386 -6.46196e-14)
(246.093 1.4167 -5.15203e-14)
(245.927 1.11493 -3.27118e-14)
(245.817 0.875161 -1.89148e-14)
(245.746 0.685426 2.32492e-14)
(245.7 0.535272 -1.01447e-14)
(245.672 0.416669 -2.08725e-14)
(245.654 0.322189 -8.57598e-16)
(245.643 0.247006 5.8917e-14)
(245.638 0.185156 7.79985e-14)
(245.634 0.135946 2.46941e-14)
(245.635 0.0902694 5.03019e-14)
(245.632 0.0633312 3.87316e-14)
(245.641 0.00067817 7.79389e-15)
(297.252 -66.759 2.96553e-14)
(288.318 -72.3414 3.2089e-14)
(276.984 -76.8936 2.80244e-14)
(263.588 -80.7826 2.80673e-14)
(247.32 -82.7144 2.6231e-14)
(228.689 -81.1578 2.40911e-14)
(209.888 -74.6156 2.26178e-14)
(194.736 -62.8808 2.19986e-14)
(186.364 -48.1879 1.89192e-14)
(185.353 -33.8435 1.89783e-14)
(189.619 -22.1203 2.10586e-14)
(196.493 -13.5729 1.88189e-14)
(204.085 -7.80337 1.63895e-14)
(211.294 -4.12622 2.13434e-14)
(217.673 -1.824 2.54318e-14)
(223.085 -0.453782 3.06111e-14)
(227.574 0.337768 3.13793e-14)
(231.25 0.749112 2.13736e-14)
(234.234 0.936214 1.92729e-14)
(236.645 0.974708 3.28175e-14)
(238.578 0.934886 4.42543e-14)
(240.119 0.851417 7.3531e-14)
(241.337 0.748779 9.36715e-14)
(242.295 0.642609 6.87524e-14)
(243.042 0.541567 4.65247e-14)
(243.623 0.450118 2.40729e-14)
(244.073 0.369979 -6.30804e-14)
(244.42 0.301368 -8.12906e-14)
(244.687 0.243493 -4.40612e-14)
(244.891 0.195219 -3.65809e-14)
(245.046 0.155124 -7.97619e-14)
(245.163 0.122071 -8.98357e-14)
(245.251 0.0945521 -7.89457e-16)
(245.313 0.0719809 -1.11453e-13)
(245.359 0.052506 2.813e-14)
(245.387 0.037609 1.4043e-13)
(245.409 0.0214774 -7.24419e-14)
(245.416 0.0148261 -1.34489e-14)
(245.434 -0.0118942 6.80102e-14)
(300.512 -69.0004 2.87904e-14)
(306.008 63.2796 2.8728e-14)
(308.207 56.0992 3.02221e-14)
(310.959 51.3585 3.06357e-14)
(312.547 46.4959 2.79173e-14)
(313.623 42.1016 2.57347e-14)
(313.677 38.0781 2.06731e-14)
(312.721 34.4081 2.02255e-14)
(310.718 31.1119 2.4991e-14)
(307.753 28.1603 3.20227e-14)
(303.88 25.5267 4.57517e-14)
(299.146 23.17 6.06688e-14)
(293.668 21.0458 7.33646e-14)
(287.682 19.117 8.10908e-14)
(281.494 17.3657 7.70031e-14)
(275.413 15.7397 5.09984e-14)
(269.744 14.1618 1.62608e-14)
(264.678 12.5772 -2.10878e-14)
(260.31 11.0149 -4.24934e-14)
(256.729 9.47301 -5.52644e-14)
(253.82 8.03774 -5.47198e-14)
(251.555 6.70444 -4.10792e-14)
(249.828 5.516 -2.66127e-14)
(248.546 4.48396 -5.30923e-14)
(247.618 3.60896 -4.18445e-14)
(246.959 2.8823 -4.6146e-14)
(246.501 2.28715 -3.17848e-14)
(246.188 1.80599 -7.81594e-14)
(245.978 1.42096 -5.12454e-14)
(245.84 1.11479 -4.79073e-14)
(245.751 0.872834 -8.18967e-15)
(245.696 0.682099 5.4461e-14)
(245.662 0.531762 -4.65604e-15)
(245.642 0.413419 -3.92232e-14)
(245.631 0.31937 -1.68152e-15)
(245.625 0.244689 8.6091e-15)
(245.622 0.183305 3.69885e-14)
(245.621 0.134574 2.57123e-14)
(245.623 0.0893517 2.15477e-14)
(245.622 0.0628719 5.49666e-14)
(245.631 0.000537493 2.13152e-14)
(290.812 -72.4488 2.83251e-14)
(280.813 -78.1491 3.27718e-14)
(268.212 -82.5111 2.89042e-14)
(253.344 -85.9117 2.79118e-14)
(235.584 -86.6899 2.68828e-14)
(215.911 -83.1032 2.51296e-14)
(197.452 -73.7856 2.26249e-14)
(184.304 -59.4907 2.00382e-14)
(179.106 -43.4842 2.11872e-14)
(181.101 -29.1349 2.07869e-14)
(187.454 -18.118 1.91869e-14)
(195.568 -10.4647 1.85014e-14)
(203.751 -5.5378 2.36987e-14)
(211.216 -2.45114 2.62567e-14)
(217.666 -0.608809 3.05857e-14)
(223.085 0.45378 3.08695e-14)
(227.568 1.00837 2.21457e-14)
(231.241 1.26183 1.93188e-14)
(234.235 1.31498 2.93081e-14)
(236.654 1.26293 3.26112e-14)
(238.595 1.15092 6.38032e-14)
(240.139 1.01246 7.60928e-14)
(241.358 0.868866 8.19005e-14)
(242.314 0.732042 6.60146e-14)
(243.059 0.60819 3.61167e-14)
(243.637 0.499756 -2.9434e-14)
(244.084 0.407034 -8.61991e-14)
(244.429 0.329067 -3.83646e-14)
(244.694 0.264222 -3.73309e-14)
(244.896 0.210749 -1.97076e-14)
(245.051 0.166758 -5.23378e-14)
(245.167 0.13077 -6.73769e-14)
(245.254 0.101039 -3.43202e-14)
(245.316 0.0767981 -4.54937e-14)
(245.361 0.0559957 4.34045e-14)
(245.389 0.0401689 1.20282e-14)
(245.411 0.0231319 2.3528e-14)
(245.418 0.0159984 -7.11102e-15)
(245.436 -0.0116694 3.77855e-14)
(294.397 -75.0349 3.03207e-14)
(300.512 69.0004 2.87884e-14)
(303.027 61.3124 2.99725e-14)
(306.191 56.2872 3.07037e-14)
(308.122 51.1226 2.84346e-14)
(309.481 46.475 2.59667e-14)
(309.753 42.2138 2.03534e-14)
(309 38.308 2.02329e-14)
(307.142 34.7959 2.42304e-14)
(304.31 31.6425 3.04828e-14)
(300.593 28.8078 4.25889e-14)
(296.044 26.2378 5.80823e-14)
(290.8 23.8636 7.38066e-14)
(285.072 21.649 8.11889e-14)
(279.117 19.5718 7.83042e-14)
(273.285 17.58 5.84454e-14)
(267.848 15.6209 2.28732e-14)
(263.01 13.709 -1.60551e-14)
(258.935 11.8331 -3.79482e-14)
(255.55 10.0823 -5.97415e-14)
(252.865 8.44473 -5.68811e-14)
(250.786 6.97554 -3.59489e-14)
(249.223 5.68792 -4.81439e-14)
(248.078 4.58951 -5.02883e-14)
(247.261 3.67075 -5.32502e-14)
(246.689 2.91566 -4.22571e-14)
(246.298 2.30278 -6.35631e-14)
(246.035 1.81112 -6.49157e-14)
(245.864 1.42036 -4.92774e-14)
(245.754 1.1112 -6.84305e-14)
(245.687 0.867969 -1.5063e-14)
(245.647 0.677199 1.0806e-14)
(245.625 0.527219 6.01676e-16)
(245.614 0.409447 -1.56901e-14)
(245.609 0.316154 3.7634e-14)
(245.607 0.242217 1.15828e-14)
(245.607 0.181253 4.4817e-14)
(245.608 0.132886 2.65395e-14)
(245.612 0.0882635 2.12419e-14)
(245.611 0.0622632 3.06655e-14)
(245.621 0.000356538 1.88625e-14)
(283.508 -78.4204 2.80481e-14)
(272.285 -84.1477 3.31162e-14)
(258.208 -88.1863 2.97619e-14)
(241.65 -90.8201 2.80523e-14)
(222.407 -90.0144 2.77555e-14)
(202.031 -83.7975 2.59176e-14)
(184.626 -71.3488 2.3594e-14)
(174.374 -54.6981 2.23524e-14)
(172.791 -37.9207 2.19139e-14)
(177.72 -24.051 2.07169e-14)
(185.919 -14.0123 2.15468e-14)
(194.982 -7.43054 2.59672e-14)
(203.59 -3.29254 2.85865e-14)
(211.19 -0.816247 3.02624e-14)
(217.666 0.608807 3.08008e-14)
(223.082 1.35657 2.56581e-14)
(227.564 1.69914 1.96908e-14)
(231.25 1.77305 2.63507e-14)
(234.253 1.7054 3.81074e-14)
(236.681 1.55559 5.06754e-14)
(238.626 1.36922 7.08786e-14)
(240.17 1.17526 9.17789e-14)
(241.386 0.99008 7.35815e-14)
(242.338 0.822284 4.15853e-14)
(243.079 0.675388 2.83161e-14)
(243.654 0.54985 -5.6996e-14)
(244.098 0.444434 -6.89981e-14)
(244.439 0.357036 -3.41633e-14)
(244.702 0.285173 -3.59118e-14)
(244.903 0.226464 -2.34694e-14)
(245.056 0.178547 -1.24839e-13)
(245.171 0.139605 4.08708e-15)
(245.257 0.107628 -3.46142e-14)
(245.319 0.0817164 -4.35259e-15)
(245.364 0.0595707 4.29413e-14)
(245.391 0.0427971 -1.95073e-14)
(245.413 0.0248638 4.92394e-15)
(245.42 0.0172282 4.97302e-15)
(245.438 -0.0114108 1.60374e-13)
(287.482 -81.4267 3.04673e-14)
(294.397 75.0349 2.87149e-14)
(297.252 66.759 2.9563e-14)
(300.869 61.4213 3.10111e-14)
(303.19 55.9254 2.87057e-14)
(304.885 50.9871 2.61926e-14)
(305.379 46.4489 2.12457e-14)
(304.842 42.2899 2.00992e-14)
(303.162 38.5234 2.35069e-14)
(300.469 35.1217 2.91262e-14)
(296.89 32.0464 4.14764e-14)
(292.523 29.218 5.56074e-14)
(287.506 26.5705 7.29024e-14)
(282.025 24.0526 8.0393e-14)
(276.372 21.6389 8.02527e-14)
(270.832 19.2742 6.04911e-14)
(265.7 16.9661 2.63852e-14)
(261.229 14.7061 -8.14252e-15)
(257.406 12.5869 -3.49087e-14)
(254.306 10.5945 -5.52263e-14)
(251.859 8.79036 -5.90893e-14)
(249.991 7.1966 -4.85429e-14)
(248.605 5.82407 -3.11994e-14)
(247.606 4.66938 -3.72408e-14)
(246.903 3.71372 -4.54257e-14)
(246.42 2.93544 -4.18734e-14)
(246.097 2.30884 -4.49816e-14)
(245.886 1.80969 -6.11756e-14)
(245.752 1.41495 -7.76524e-14)
(245.671 1.1044 -5.20825e-14)
(245.624 0.861228 -1.95041e-14)
(245.6 0.670791 1.35442e-14)
(245.589 0.522065 3.57727e-14)
(245.586 0.405416 -1.14694e-14)
(245.587 0.312661 -5.96288e-14)
(245.589 0.239117 5.93565e-15)
(245.593 0.178699 4.53686e-14)
(245.595 0.130956 2.68874e-14)
(245.601 0.0870046 1.94746e-14)
(245.6 0.0615122 5.63259e-14)
(245.612 0.000136496 2.00794e-14)
(275.205 -84.6297 2.69119e-14)
(262.519 -90.3053 3.21976e-14)
(246.729 -93.7881 3.05746e-14)
(228.358 -95.2921 2.9214e-14)
(207.628 -92.2729 2.76196e-14)
(187.146 -82.8116 2.69375e-14)
(171.817 -67.0148 2.43987e-14)
(165.399 -48.537 2.32584e-14)
(167.629 -31.6438 2.31577e-14)
(175.236 -18.7012 2.45494e-14)
(184.925 -9.96366 2.71836e-14)
(194.678 -4.4205 2.88778e-14)
(203.527 -1.09396 2.9917e-14)
(211.19 0.816245 3.06989e-14)
(217.673 1.82399 2.56769e-14)
(223.09 2.28607 1.92218e-14)
(227.586 2.38905 1.90933e-14)
(231.283 2.3014 3.33912e-14)
(234.297 2.10166 3.7327e-14)
(236.729 1.85142 6.36768e-14)
(238.673 1.58996 8.37609e-14)
(240.212 1.33963 8.41633e-14)
(241.422 1.11241 6.87395e-14)
(242.368 0.913316 2.5563e-14)
(243.103 0.743161 -2.22208e-14)
(243.673 0.600391 -5.44946e-14)
(244.112 0.482185 -5.18422e-14)
(244.451 0.385286 -5.62476e-14)
(244.711 0.306348 1.41393e-14)
(244.91 0.242365 -6.57034e-14)
(245.061 0.190494 -4.75637e-14)
(245.175 0.148582 -1.30814e-15)
(245.26 0.114349 -1.10171e-13)
(245.322 0.0867343 -4.02415e-14)
(245.366 0.06323 3.32491e-14)
(245.393 0.0454979 -1.64247e-14)
(245.416 0.0266777 1.08125e-13)
(245.423 0.0185158 -5.37116e-14)
(245.44 -0.0111261 7.30585e-14)
(279.604 -88.158 3.0548e-14)
(287.482 81.4267 2.87897e-14)
(290.812 72.4488 2.81787e-14)
(294.938 66.7717 3.13244e-14)
(297.685 60.9013 2.8503e-14)
(299.77 55.6481 2.59896e-14)
(300.561 50.7941 2.23875e-14)
(300.232 46.336 1.96302e-14)
(298.739 42.2874 2.30652e-14)
(296.211 38.5985 2.77312e-14)
(292.791 35.2347 3.92905e-14)
(288.614 32.1105 5.347e-14)
(283.817 29.1542 6.81444e-14)
(278.633 26.315 7.99427e-14)
(273.289 23.545 8.19505e-14)
(268.115 20.8232 6.56112e-14)
(263.419 18.1473 3.46321e-14)
(259.264 15.6159 -9.64565e-15)
(255.797 13.217 -3.36119e-14)
(252.997 11.0257 -4.30962e-14)
(250.818 9.06871 -6.66765e-14)
(249.178 7.36901 -5.40687e-14)
(247.982 5.92529 -2.26852e-14)
(247.134 4.72357 -3.38858e-14)
(246.548 3.73798 -5.94025e-14)
(246.155 2.94219 -5.80081e-14)
(245.899 2.30573 -6.03982e-14)
(245.739 1.80157 -5.92533e-14)
(245.643 1.4056 -7.17415e-14)
(245.59 1.09499 -7.94531e-14)
(245.564 0.852907 -2.50004e-14)
(245.555 0.664422 4.96361e-15)
(245.555 0.516592 3.94719e-14)
(245.559 0.400231 -1.22104e-14)
(245.566 0.308122 -8.91198e-15)
(245.572 0.235451 2.96554e-15)
(245.578 0.175826 4.72872e-14)
(245.583 0.128822 2.76147e-14)
(245.59 0.0855979 2.12995e-14)
(245.59 0.060637 6.36668e-15)
(245.602 -0.000122017 2.12713e-14)
(265.687 -91.0681 2.71454e-14)
(251.256 -96.5214 3.18142e-14)
(233.504 -99.1316 3.03767e-14)
(213.184 -98.9629 2.96194e-14)
(191.276 -92.9619 2.82601e-14)
(171.647 -79.6395 2.83619e-14)
(159.619 -60.6895 2.66262e-14)
(157.713 -41.0798 2.5522e-14)
(163.713 -24.8218 2.59467e-14)
(173.564 -13.3439 2.80486e-14)
(184.377 -5.93157 2.94625e-14)
(194.549 -1.46675 2.97944e-14)
(203.527 1.09396 3.00829e-14)
(211.216 2.45114 2.68711e-14)
(217.705 3.07249 2.13291e-14)
(223.139 3.21611 1.96105e-14)
(227.647 3.10301 2.72527e-14)
(231.355 2.83737 3.8397e-14)
(234.371 2.50229 4.9028e-14)
(236.799 2.15063 8.48786e-14)
(238.735 1.81286 8.62635e-14)
(240.265 1.50552 7.77497e-14)
(241.466 1.2358 4.86944e-14)
(242.403 1.00512 1.82958e-14)
(243.131 0.811531 -3.87774e-14)
(243.694 0.651387 -7.09204e-14)
(244.129 0.52029 -2.5248e-14)
(244.464 0.413814 -1.25743e-14)
(244.721 0.32775 -2.74424e-14)
(244.918 0.258453 -7.50044e-14)
(245.067 0.202598 -1.15416e-14)
(245.18 0.157696 -6.45866e-14)
(245.264 0.121187 -3.41108e-14)
(245.325 0.0918555 2.57088e-14)
(245.369 0.066972 1.98954e-14)
(245.396 0.0482672 7.43654e-15)
(245.418 0.0285696 -9.21773e-14)
(245.425 0.0198565 3.55321e-15)
(245.442 -0.010813 4.89445e-14)
(270.569 -95.2475 3.0842e-14)
(279.604 88.158 2.90346e-14)
(283.508 78.4204 2.77438e-14)
(288.318 72.3414 3.2039e-14)
(291.56 66.0583 2.88512e-14)
(294.061 60.4457 2.65997e-14)
(295.21 55.2465 2.32758e-14)
(295.133 50.4474 2.00917e-14)
(293.86 46.0689 2.24749e-14)
(291.515 42.058 2.71147e-14)
(288.29 38.3625 3.74078e-14)
(284.317 34.9026 5.02023e-14)
(279.803 31.6055 6.46693e-14)
(274.905 28.4149 7.92835e-14)
(269.947 25.2822 8.26029e-14)
(265.252 22.1822 7.02937e-14)
(260.931 19.2127 3.99603e-14)
(257.205 16.37 5.86479e-15)
(254.109 13.7412 -3.1164e-14)
(251.646 11.3681 -3.94198e-14)
(249.757 9.28209 -6.7889e-14)
(248.359 7.49418 -5.58167e-14)
(247.359 5.99142 -4.21319e-14)
(246.664 4.75231 -2.90801e-14)
(246.197 3.74449 -6.55317e-14)
(245.893 2.93607 -4.52194e-14)
(245.706 2.29409 -3.41336e-14)
(245.596 1.78858 -5.8306e-14)
(245.538 1.39235 -5.29192e-14)
(245.513 1.08438 -3.35094e-14)
(245.506 0.84443 -3.15601e-14)
(245.511 0.656414 2.76483e-15)
(245.521 0.509117 1.0633e-14)
(245.533 0.393977 -1.1569e-14)
(245.545 0.303032 -1.51534e-14)
(245.555 0.23141 -3.32255e-15)
(245.564 0.172684 4.83415e-14)
(245.571 0.126494 2.75257e-14)
(245.579 0.0840548 1.9342e-14)
(245.58 0.05963 5.60822e-14)
(245.593 -0.000416915 2.62259e-14)
(254.681 -97.6628 2.73181e-14)
(238.17 -102.638 3.10544e-14)
(218.22 -103.879 3.02326e-14)
(195.971 -101.259 2.99465e-14)
(173.561 -91.4155 2.87716e-14)
(156.081 -73.7973 2.82178e-14)
(148.733 -52.3655 2.86045e-14)
(151.698 -32.643 2.7841e-14)
(160.985 -17.803 3.01864e-14)
(172.611 -7.95299 2.98377e-14)
(184.135 -1.96715 2.97629e-14)
(194.549 1.46675 2.99969e-14)
(203.59 3.29254 2.91611e-14)
(211.294 4.12622 2.09242e-14)
(217.803 4.32552 1.59068e-14)
(223.248 4.17948 2.27821e-14)
(227.766 3.82682 3.9364e-14)
(231.471 3.37922 4.24467e-14)
(234.478 2.90744 7.65794e-14)
(236.892 2.45271 8.67468e-14)
(238.813 2.03777 9.23549e-14)
(240.329 1.67281 6.31115e-14)
(241.517 1.36022 2.29587e-14)
(242.443 1.09768 -1.72364e-14)
(243.162 0.880481 -7.53981e-14)
(243.719 0.702831 -4.74833e-14)
(244.148 0.558743 -4.14553e-14)
(244.479 0.442622 -3.92118e-15)
(244.732 0.349378 -9.35696e-14)
(244.926 0.274727 -5.03523e-14)
(245.074 0.21486 -5.72232e-14)
(245.185 0.166945 -6.8499e-14)
(245.269 0.128142 -8.04582e-14)
(245.329 0.0970847 2.97682e-14)
(245.373 0.0707974 1.4273e-14)
(245.399 0.0511082 -8.59624e-15)
(245.421 0.0305367 9.63086e-14)
(245.428 0.0212484 2.29651e-14)
(245.445 -0.0104715 4.34036e-14)
(260.103 -102.664 3.12129e-14)
(270.569 95.2475 2.82314e-14)
(275.205 84.6297 2.66236e-14)
(280.813 78.1491 3.29189e-14)
(284.723 71.3888 2.89327e-14)
(287.705 65.3828 2.73981e-14)
(289.307 59.7765 2.40076e-14)
(289.483 54.6121 1.9712e-14)
(288.49 49.8562 2.15803e-14)
(286.369 45.4764 2.68891e-14)
(283.361 41.4089 3.49659e-14)
(279.671 37.5761 4.81729e-14)
(275.437 33.9043 6.24251e-14)
(270.914 30.3404 7.74952e-14)
(266.452 26.8122 8.1255e-14)
(262.173 23.3967 7.64349e-14)
(258.34 20.0912 4.60077e-14)
(255.056 16.9897 2.03534e-14)
(252.373 14.1513 -2.47722e-14)
(250.27 11.6251 -4.59235e-14)
(248.687 9.43151 -4.76581e-14)
(247.541 7.57203 -5.11936e-14)
(246.741 6.02343 -5.06247e-14)
(246.2 4.75635 -4.10444e-14)
(245.852 3.73329 -4.66985e-14)
(245.64 2.91941 -7.21202e-14)
(245.52 2.27551 -2.20546e-14)
(245.459 1.7715 -5.30859e-14)
(245.438 1.3792 -6.04956e-14)
(245.438 1.07271 -3.88095e-14)
(245.45 0.83285 -3.73534e-14)
(245.468 0.646149 -2.72533e-15)
(245.488 0.500604 1.37132e-14)
(245.508 0.387062 1.71162e-14)
(245.525 0.297473 -1.27088e-14)
(245.539 0.227037 -8.38594e-15)
(245.551 0.169295 5.29642e-14)
(245.559 0.12399 3.93856e-14)
(245.568 0.0823864 7.4307e-14)
(245.57 0.0585134 2.2194e-14)
(245.584 -0.000740837 4.31421e-14)
(241.864 -104.295 2.7742e-14)
(222.883 -108.382 3.09546e-14)
(200.578 -107.485 3.01327e-14)
(176.702 -101.411 3.11752e-14)
(154.914 -86.8272 2.99281e-14)
(141.357 -65.0464 2.98926e-14)
(139.756 -42.2499 2.96445e-14)
(147.38 -23.5987 3.04792e-14)
(159.363 -10.6454 2.95038e-14)
(172.18 -2.63878 2.98094e-14)
(184.135 1.96715 2.99955e-14)
(194.678 4.4205 2.96881e-14)
(203.751 5.5378 2.43677e-14)
(211.479 5.81245 1.86319e-14)
(217.993 5.62288 2.34236e-14)
(223.442 5.15492 3.42069e-14)
(227.948 4.55815 3.72281e-14)
(231.635 3.92682 6.06268e-14)
(234.618 3.31626 8.12238e-14)
(237.009 2.75738 8.36345e-14)
(238.908 2.26451 7.6993e-14)
(240.404 1.84144 5.74874e-14)
(241.576 1.48561 5.22168e-15)
(242.49 1.19098 -5.77666e-14)
(243.198 0.949998 -6.02191e-14)
(243.746 0.754708 -7.54852e-14)
(244.169 0.597537 -2.74151e-14)
(244.495 0.471701 -3.29981e-14)
(244.745 0.371228 -5.50924e-14)
(244.936 0.291185 -7.97735e-14)
(245.081 0.227277 -7.09023e-14)
(245.191 0.176327 -4.48605e-14)
(245.273 0.135211 -5.84682e-14)
(245.332 0.102415 2.92569e-14)
(245.376 0.0747069 7.56535e-16)
(245.403 0.0540141 5.25276e-15)
(245.424 0.0325757 -8.83004e-14)
(245.431 0.0226883 2.6852e-14)
(245.448 -0.0101035 4.05402e-14)
(247.851 -110.328 3.13848e-14)
(260.103 102.664 2.84195e-14)
(265.687 91.0681 2.70242e-14)
(272.285 84.1477 3.30563e-14)
(276.984 76.8936 2.8646e-14)
(280.618 70.4418 2.7956e-14)
(282.697 64.39 2.39676e-14)
(283.248 58.8053 2.02402e-14)
(282.556 53.6263 2.05171e-14)
(280.747 48.8301 2.60783e-14)
(278.024 44.3483 3.37829e-14)
(274.634 40.099 4.41583e-14)
(270.772 36.0339 6.17791e-14)
(266.752 32.048 7.46898e-14)
(262.725 28.1745 8.41525e-14)
(258.977 24.397 7.22864e-14)
(255.649 20.8048 6.07407e-14)
(252.854 17.4661 1.25409e-14)
(250.608 14.4498 -1.70967e-14)
(248.884 11.7966 -3.44463e-14)
(247.621 9.51846 -4.73776e-14)
(246.73 7.60361 -6.30596e-14)
(246.131 6.02103 -4.03854e-14)
(245.749 4.73829 -3.63822e-14)
(245.52 3.70885 -4.34793e-14)
(245.396 2.89286 -7.27285e-14)
(245.341 2.2537 -6.42021e-14)
(245.328 1.75368 -3.44868e-14)
(245.341 1.36183 -6.39729e-14)
(245.365 1.05613 -6.22047e-14)
(245.395 0.818792 -1.92216e-14)
(245.427 0.634608 -3.58928e-14)
(245.457 0.491264 -1.90977e-14)
(245.483 0.37958 -7.81274e-15)
(245.506 0.291506 -1.24617e-14)
(245.524 0.22237 -1.97369e-14)
(245.538 0.165684 7.72523e-14)
(245.548 0.121328 9.3225e-14)
(245.558 0.080601 6.62489e-17)
(245.561 0.0572401 8.19378e-15)
(245.575 -0.00109057 1.85253e-14)
(226.817 -110.749 2.7528e-14)
(205.07 -113.241 2.98539e-14)
(180.348 -109.248 2.92511e-14)
(155.606 -98.4329 3.107e-14)
(136.358 -78.4896 3.03774e-14)
(128.643 -53.608 3.03593e-14)
(133.084 -30.9647 2.98319e-14)
(144.721 -14.1724 2.90165e-14)
(158.615 -3.53631 3.00479e-14)
(172.18 2.63878 2.98742e-14)
(184.377 5.93157 2.99147e-14)
(194.982 7.43054 2.6347e-14)
(204.085 7.80337 1.60573e-14)
(211.806 7.55509 2.17591e-14)
(218.31 6.93366 2.51299e-14)
(223.73 6.13898 4.12131e-14)
(228.2 5.29616 4.78948e-14)
(231.848 4.47871 7.35325e-14)
(234.793 3.72817 8.67961e-14)
(237.15 3.06424 8.13042e-14)
(239.019 2.49285 6.84868e-14)
(240.492 2.01125 2.33109e-14)
(241.644 1.61189 -1.53272e-14)
(242.542 1.28498 -2.71736e-14)
(243.238 1.02004 -4.95784e-14)
(243.777 0.806995 -4.51384e-14)
(244.192 0.636656 -1.99983e-14)
(244.512 0.501042 -6.81901e-14)
(244.758 0.393292 -6.35e-14)
(244.946 0.307822 -6.06186e-14)
(245.089 0.239845 -1.54487e-14)
(245.197 0.185838 -4.08831e-14)
(245.278 0.142392 -3.48799e-14)
(245.337 0.107843 2.68119e-14)
(245.38 0.078698 8.00599e-14)
(245.406 0.0569826 -9.20639e-16)
(245.427 0.0346812 -4.13313e-15)
(245.434 0.0241702 2.91773e-14)
(245.452 -0.00971251 3.90471e-14)
(233.377 -118.072 3.17773e-14)
(247.851 110.328 2.87184e-14)
(254.681 97.6628 2.72974e-14)
(262.519 90.3053 3.2009e-14)
(268.212 82.5111 2.94273e-14)
(272.621 75.599 2.81219e-14)
(275.317 69.0653 2.5152e-14)
(276.328 62.9964 2.06076e-14)
(276.064 57.3448 2.02415e-14)
(274.585 52.0828 2.46928e-14)
(272.23 47.1415 3.08659e-14)
(269.261 42.4496 4.32649e-14)
(265.892 37.9356 5.75231e-14)
(262.328 33.5667 7.1388e-14)
(258.861 29.2964 8.34604e-14)
(255.666 25.2015 8.21117e-14)
(252.897 21.3421 5.91472e-14)
(250.62 17.7998 3.01987e-14)
(248.835 14.6376 -1.50351e-14)
(247.506 11.8858 -3.62964e-14)
(246.567 9.54252 -5.30258e-14)
(245.937 7.59163 -5.48957e-14)
(245.541 5.99197 -4.91506e-14)
(245.314 4.7008 -3.32064e-14)
(245.2 3.67439 -5.32416e-14)
(245.162 2.86528 -4.78474e-14)
(245.17 2.22804 -4.4611e-14)
(245.201 1.7279 -3.97522e-14)
(245.245 1.33881 -8.89577e-14)
(245.294 1.03696 -6.15648e-14)
(245.343 0.803167 -5.07487e-14)
(245.387 0.622039 3.728e-15)
(245.427 0.481216 4.50228e-14)
(245.46 0.371586 2.35033e-14)
(245.488 0.285178 -1.63881e-14)
(245.509 0.217437 -2.21954e-14)
(245.526 0.161881 3.32076e-14)
(245.537 0.118525 3.9527e-14)
(245.548 0.0787107 -3.39267e-14)
(245.551 0.0558669 3.61155e-14)
(245.566 -0.00145776 2.9126e-14)
(208.927 -116.572 2.82549e-14)
(184.307 -116.426 3.00297e-14)
(157.546 -107.959 2.9236e-14)
(133.678 -91.2293 3.09552e-14)
(119.178 -66.1646 3.02063e-14)
(118.886 -39.7601 2.96656e-14)
(128.881 -18.7276 2.94195e-14)
(143.46 -4.72212 2.98694e-14)
(158.615 3.53631 3.02412e-14)
(172.611 7.95299 3.02743e-14)
(184.925 9.96366 2.77755e-14)
(195.568 10.4647 1.88914e-14)
(204.64 10.1358 2.0473e-14)
(212.323 9.30939 1.98662e-14)
(218.767 8.25194 3.63815e-14)
(224.121 7.12932 3.93607e-14)
(228.525 6.03825 6.62161e-14)
(232.111 5.03367 7.8965e-14)
(235.004 4.14234 8.26285e-14)
(237.316 3.37285 8.37925e-14)
(239.149 2.72252 6.21885e-14)
(240.592 2.18206 2.2428e-14)
(241.721 1.73898 -3.19062e-14)
(242.6 1.37958 -4.41528e-14)
(243.283 1.09056 -7.97794e-14)
(243.811 0.859659 -4.3592e-16)
(244.218 0.676075 -3.32085e-14)
(244.532 0.530628 -4.64255e-14)
(244.773 0.415558 -5.77168e-14)
(244.957 0.324628 -4.07854e-14)
(245.098 0.252557 -1.80143e-14)
(245.204 0.195474 -8.79104e-14)
(245.284 0.149681 -1.41391e-14)
(245.341 0.113365 -9.29945e-15)
(245.384 0.082769 -7.56747e-14)
(245.41 0.0600104 -6.5602e-14)
(245.431 0.036861 1.69408e-16)
(245.438 0.0256924 2.87949e-14)
(245.455 -0.00930782 3.86989e-14)
(216.11 -125.518 3.21641e-14)
(233.377 118.072 2.87789e-14)
(241.864 104.295 2.74612e-14)
(251.256 96.5215 3.1377e-14)
(258.208 88.1863 3.02626e-14)
(263.588 80.7827 2.85153e-14)
(267.056 73.7416 2.58475e-14)
(268.674 67.1401 2.15354e-14)
(268.891 60.9613 1.93415e-14)
(267.894 55.1915 2.34948e-14)
(266.051 49.7405 3.01145e-14)
(263.555 44.5764 3.91728e-14)
(260.698 39.6263 5.39355e-14)
(257.724 34.8173 6.7607e-14)
(254.849 30.1908 8.14199e-14)
(252.287 25.7933 8.35283e-14)
(250.113 21.7032 6.86392e-14)
(248.379 17.992 3.76342e-14)
(247.076 14.7173 -5.48863e-15)
(246.154 11.8966 -3.30929e-14)
(245.544 9.5149 -4.05782e-14)
(245.173 7.5429 -5.91984e-14)
(244.974 5.94056 -6.62628e-14)
(244.897 4.6573 -3.50845e-14)
(244.895 3.63542 -3.94977e-14)
(244.937 2.82535 -3.38871e-14)
(245.001 2.19034 -4.8646e-14)
(245.077 1.69593 -3.9711e-14)
(245.154 1.31255 -5.22422e-14)
(245.227 1.01579 -5.70522e-14)
(245.292 0.786256 -6.56862e-14)
(245.349 0.608534 2.26893e-14)
(245.398 0.470532 1.16331e-14)
(245.438 0.363152 5.90857e-15)
(245.47 0.27853 -5.9032e-14)
(245.495 0.212284 -3.0084e-14)
(245.514 0.157901 3.24525e-14)
(245.527 0.115601 1.03418e-13)
(245.539 0.0767275 2.77159e-14)
(245.543 0.0544093 3.02284e-14)
(245.558 -0.00184195 4.52095e-14)
(187.95 -121.261 2.85622e-14)
(160.128 -116.814 3.03192e-14)
(132.817 -102.195 2.97479e-14)
(111.936 -78.5367 2.82044e-14)
(105.355 -49.8779 2.92181e-14)
(112.298 -24.4908 2.92813e-14)
(126.837 -6.26461 2.96529e-14)
(143.46 4.72212 3.00335e-14)
(159.363 10.6454 2.91163e-14)
(173.564 13.3439 2.90224e-14)
(185.919 14.0123 2.23387e-14)
(196.493 13.5729 1.90375e-14)
(205.478 12.4707 2.0214e-14)
(213.048 11.0644 2.87011e-14)
(219.376 9.57232 4.29419e-14)
(224.619 8.12103 5.46656e-14)
(228.925 6.7819 6.74412e-14)
(232.428 5.59009 8.76804e-14)
(235.252 4.55786 7.43981e-14)
(237.508 3.68259 7.96149e-14)
(239.297 2.95316 3.94517e-14)
(240.705 2.35371 -2.16493e-14)
(241.807 1.8667 -3.79812e-14)
(242.666 1.4747 -6.39165e-14)
(243.332 1.16148 -3.92598e-14)
(243.848 0.912651 -4.60003e-14)
(244.246 0.715763 -6.19149e-14)
(244.553 0.560436 -4.95228e-14)
(244.789 0.438011 -8.97253e-14)
(244.97 0.341593 -3.90366e-14)
(245.107 0.265405 -3.50382e-14)
(245.212 0.205228 -3.81833e-14)
(245.29 0.157071 -8.83996e-15)
(245.346 0.118976 6.19957e-14)
(245.389 0.0869172 6.81737e-14)
(245.414 0.0630954 -2.10059e-14)
(245.435 0.0391178 1.08083e-13)
(245.442 0.0272921 2.76928e-14)
(245.459 -0.00889058 3.84865e-14)
(195.248 -131.993 3.25051e-14)
(216.11 125.518 2.89898e-14)
(226.817 110.749 2.7082e-14)
(238.17 102.638 3.0594e-14)
(246.729 93.7881 3.08398e-14)
(253.344 85.9117 2.90884e-14)
(257.761 78.3334 2.67597e-14)
(260.145 71.1625 2.16737e-14)
(261.021 64.4134 1.9916e-14)
(260.68 58.0799 2.21538e-14)
(259.404 52.1164 3.00037e-14)
(257.481 46.4492 3.68189e-14)
(255.25 41.0175 5.23475e-14)
(252.926 35.8053 6.70576e-14)
(250.761 30.8327 7.8377e-14)
(248.87 26.1698 8.55566e-14)
(247.333 21.8884 6.89891e-14)
(246.174 18.0543 4.53645e-14)
(245.367 14.7061 7.69931e-15)
(244.849 11.8406 -2.50907e-14)
(244.558 9.44353 -3.96485e-14)
(244.441 7.47645 -5.27252e-14)
(244.433 5.87939 -7.02627e-14)
(244.498 4.59437 -4.12768e-14)
(244.597 3.57371 -2.68754e-14)
(244.716 2.77179 -5.47118e-14)
(244.841 2.14593 -4.61653e-14)
(244.959 1.65998 -5.78637e-14)
(245.067 1.2838 -3.2872e-14)
(245.163 0.992876 -5.15009e-14)
(245.244 0.768101 -8.76337e-14)
(245.313 0.594288 -3.62676e-14)
(245.37 0.459306 4.57124e-14)
(245.416 0.354341 2.15285e-14)
(245.453 0.271615 -5.98953e-14)
(245.481 0.206923 -3.8088e-14)
(245.502 0.153783 3.43846e-14)
(245.517 0.112565 1.9271e-14)
(245.53 0.0746567 1.84567e-14)
(245.534 0.0528799 2.96144e-14)
(245.549 -0.00224236 4.62663e-14)
(163.287 -123.474 2.78904e-14)
(132.906 -112.58 3.06104e-14)
(107.102 -89.9197 3.03862e-14)
(93.7553 -60.5109 2.96625e-14)
(95.7863 -31.2299 2.96823e-14)
(109.09 -8.21929 2.94787e-14)
(126.837 6.26461 2.97764e-14)
(144.721 14.1724 2.98289e-14)
(160.985 17.803 3.0765e-14)
(175.236 18.7012 2.56312e-14)
(187.454 18.118 1.8639e-14)
(197.848 16.6537 1.93879e-14)
(206.623 14.7879 2.29604e-14)
(213.993 12.8106 3.79106e-14)
(220.14 10.8864 3.97435e-14)
(225.228 9.1093 5.58401e-14)
(229.403 7.52396 7.79172e-14)
(232.8 6.14615 8.16417e-14)
(235.539 4.97368 8.53847e-14)
(237.728 3.99289 5.96848e-14)
(239.465 3.1844 1.097e-14)
(240.832 2.52587 -2.12725e-14)
(241.903 1.99488 -4.77847e-14)
(242.738 1.57019 -6.49279e-14)
(243.387 1.23273 -3.35629e-14)
(243.889 0.965911 -5.94071e-14)
(244.277 0.755676 -4.33266e-14)
(244.576 0.590436 -5.79147e-14)
(244.806 0.460628 -5.82945e-14)
(244.983 0.358701 2.39417e-14)
(245.118 0.278379 -7.02131e-14)
(245.22 0.215093 -9.07863e-14)
(245.296 0.164558 9.06092e-15)
(245.352 0.124671 6.63226e-14)
(245.393 0.0911371 6.10094e-14)
(245.419 0.0662476 1.06323e-14)
(245.439 0.041432 1.16087e-14)
(245.446 0.0289245 2.87109e-14)
(245.463 -0.00846227 3.16825e-14)
(170.294 -136.383 3.27811e-14)
(195.248 131.993 2.72291e-14)
(208.927 116.572 2.80767e-14)
(222.883 108.382 3.05321e-14)
(233.504 99.1316 3.03211e-14)
(241.65 90.8201 2.88429e-14)
(247.32 82.7145 2.76817e-14)
(250.735 74.9495 2.27069e-14)
(252.436 67.6023 1.95487e-14)
(252.863 60.6978 2.20916e-14)
(252.259 54.1743 2.71814e-14)
(251.06 47.9947 3.56401e-14)
(249.567 42.102 4.95388e-14)
(248.046 36.4949 6.18218e-14)
(246.643 31.2214 7.61963e-14)
(245.484 26.3433 8.25456e-14)
(244.622 21.9202 7.40642e-14)
(244.034 18.0057 5.23267e-14)
(243.718 14.6177 1.55416e-14)
(243.598 11.7447 -2.51343e-14)
(243.624 9.34705 -3.73428e-14)
(243.742 7.37466 -5.14976e-14)
(243.909 5.77806 -5.3932e-14)
(244.106 4.50422 -5.58657e-14)
(244.311 3.49811 -4.82074e-14)
(244.507 2.71006 -5.33547e-14)
(244.687 2.09652 -4.94925e-14)
(244.846 1.62063 -4.57932e-14)
(244.984 1.25264 -6.23318e-14)
(245.102 0.968554 -5.1283e-14)
(245.199 0.749045 -5.97724e-14)
(245.279 0.579126 -3.53055e-14)
(245.344 0.447623 7.84236e-15)
(245.396 0.345216 9.71756e-15)
(245.437 0.264434 1.55694e-14)
(245.468 0.201416 -4.54687e-14)
(245.492 0.149522 2.79466e-14)
(245.507 0.109453 -2.30804e-14)
(245.521 0.0725135 7.3954e-14)
(245.526 0.0512904 2.80521e-14)
(245.541 -0.00265679 2.27442e-14)
(134.46 -121.124 2.65338e-14)
(104.02 -101.92 3.07216e-14)
(84.3409 -70.6056 2.99039e-14)
(80.741 -38.3197 2.95224e-14)
(90.6677 -10.6673 2.94403e-14)
(109.09 8.21929 2.95842e-14)
(128.881 18.7276 2.99893e-14)
(147.38 23.5987 3.08875e-14)
(163.713 24.8218 2.67105e-14)
(177.72 24.051 2.12985e-14)
(189.619 22.1203 2.05453e-14)
(199.657 19.6616 2.09692e-14)
(208.098 17.0587 2.95662e-14)
(215.169 14.5292 3.99052e-14)
(221.065 12.1867 4.70809e-14)
(225.95 10.0897 6.71454e-14)
(229.963 8.2618 8.17803e-14)
(233.23 6.70017 8.24972e-14)
(235.867 5.38859 7.93588e-14)
(237.978 4.3029 4.2334e-14)
(239.653 3.41565 -2.96027e-15)
(240.974 2.69818 -4.1284e-14)
(242.01 2.12326 -4.00758e-14)
(242.818 1.6659 -5.08248e-14)
(243.446 1.30418 -5.75359e-14)
(243.933 1.01936 -3.48202e-14)
(244.31 0.795763 -4.15448e-14)
(244.601 0.620591 -1.01456e-13)
(244.825 0.483385 -1.94203e-14)
(244.997 0.375933 1.04022e-14)
(245.129 0.291463 -1.39517e-13)
(245.228 0.225057 -5.24668e-14)
(245.303 0.172132 2.69122e-14)
(245.358 0.130443 4.15376e-14)
(245.399 0.0954272 -1.7432e-14)
(245.424 0.0694568 1.86913e-14)
(245.443 0.0438016 1.55285e-14)
(245.45 0.0305925 1.69531e-14)
(245.467 -0.0080252 6.8514e-14)
(140.776 -136.986 3.23352e-14)
(170.294 136.383 2.74157e-14)
(187.95 121.261 2.82188e-14)
(205.07 113.241 2.92463e-14)
(218.22 103.879 3.08608e-14)
(228.358 95.2921 2.95574e-14)
(235.584 86.6899 2.74521e-14)
(240.277 78.3661 2.38602e-14)
(243.067 70.4074 1.95106e-14)
(244.377 62.9174 2.17523e-14)
(244.716 55.8434 2.61249e-14)
(244.397 49.1574 3.3621e-14)
(243.787 42.8351 4.50811e-14)
(243.137 36.8934 6.30585e-14)
(242.562 31.3744 7.32856e-14)
(242.164 26.3342 8.35726e-14)
(241.99 21.8289 7.76164e-14)
(241.99 17.8759 5.71814e-14)
(242.155 14.4633 2.0213e-14)
(242.403 11.5761 -1.10181e-14)
(242.711 9.17843 -4.478e-14)
(243.054 7.22278 -4.36706e-14)
(243.402 5.649 -5.43593e-14)
(243.734 4.39771 -6.04344e-14)
(244.039 3.41233 -3.4605e-14)
(244.307 2.6418 -4.90005e-14)
(244.541 2.04236 -5.86569e-14)
(244.74 1.57847 -1.3281e-14)
(244.906 1.21981 -5.69797e-14)
(245.044 0.942407 -5.89455e-14)
(245.156 0.728994 -4.49623e-14)
(245.247 0.563848 -4.71631e-14)
(245.319 0.43559 1.41264e-14)
(245.377 0.335827 -2.03294e-14)
(245.422 0.25708 5.5174e-14)
(245.456 0.195755 -4.32625e-14)
(245.481 0.14516 -4.16879e-14)
(245.498 0.10624 4.3576e-14)
(245.512 0.0703151 7.69314e-14)
(245.517 0.0496485 1.88909e-14)
(245.534 -0.00308319 3.15071e-14)
(102.64 -111.642 2.62879e-14)
(76.1956 -81.1365 3.01621e-14)
(67.4393 -45.5321 3.00929e-14)
(73.0571 -13.5709 2.93452e-14)
(90.6677 10.6674 2.94958e-14)
(112.298 24.4908 2.95445e-14)
(133.084 30.9648 3.07952e-14)
(151.698 32.643 2.93145e-14)
(167.629 31.6438 2.48472e-14)
(181.101 29.1349 2.06839e-14)
(192.418 25.9434 1.77502e-14)
(201.92 22.5615 2.15388e-14)
(209.899 19.2611 3.66929e-14)
(216.583 16.2036 4.14962e-14)
(222.162 13.4592 5.52004e-14)
(226.792 11.0568 7.38395e-14)
(230.607 8.99241 8.6715e-14)
(233.721 7.24968 8.37071e-14)
(236.239 5.80104 7.03689e-14)
(238.258 4.61156 1.67532e-14)
(239.864 3.64622 -2.03897e-14)
(241.132 2.87018 -3.18257e-14)
(242.128 2.25154 -6.38747e-14)
(242.906 1.76162 -6.63916e-14)
(243.512 1.3757 -1.06865e-14)
(243.982 1.07291 -5.56784e-14)
(244.347 0.835957 -5.43894e-14)
(244.629 0.650857 -9.09267e-14)
(244.846 0.506249 -2.9892e-14)
(245.013 0.393267 -6.52519e-14)
(245.141 0.304642 -1.0401e-13)
(245.238 0.235108 -3.31067e-14)
(245.311 0.179784 3.26875e-14)
(245.364 0.136283 -2.66072e-14)
(245.404 0.0997815 -2.26971e-14)
(245.429 0.0727225 1.83572e-14)
(245.447 0.0462188 6.89667e-15)
(245.455 0.0322866 1.03016e-13)
(245.472 -0.00758189 4.1746e-14)
(106.465 -130.764 3.16814e-14)
(140.776 136.986 2.84868e-14)
(163.287 123.474 2.77685e-14)
(184.307 116.426 2.92581e-14)
(200.578 107.485 3.0553e-14)
(213.184 98.9629 2.97857e-14)
(222.407 90.0144 2.75776e-14)
(228.689 81.1578 2.53224e-14)
(232.775 72.6626 2.00255e-14)
(235.378 64.6099 2.05674e-14)
(236.81 57.021 2.48603e-14)
(237.569 49.8801 3.10012e-14)
(237.983 43.1937 4.22211e-14)
(238.289 36.9887 5.45754e-14)
(238.602 31.2968 7.2363e-14)
(238.997 26.153 7.75768e-14)
(239.482 21.5863 8.06756e-14)
(240.019 17.5988 6.45377e-14)
(240.608 14.1859 3.45566e-14)
(241.227 11.3234 -1.06304e-14)
(241.833 8.95953 -3.51318e-14)
(242.403 7.03934 -5.66764e-14)
(242.923 5.49967 -6.18866e-14)
(243.382 4.27829 -6.13198e-14)
(243.781 3.31736 -5.07549e-14)
(244.119 2.56763 -4.43344e-14)
(244.404 1.98497 -5.84019e-14)
(244.639 1.53292 -5.68355e-14)
(244.832 1.18492 -4.32958e-14)
(244.989 0.916239 -8.87251e-14)
(245.115 0.708517 -4.31144e-14)
(245.216 0.547867 -4.61358e-14)
(245.296 0.423066 -2.81255e-14)
(245.359 0.326134 3.12946e-14)
(245.408 0.249583 3.47277e-15)
(245.444 0.189963 -3.85322e-14)
(245.472 0.140479 -4.5807e-14)
(245.489 0.103025 2.37316e-14)
(245.504 0.0680527 8.10101e-14)
(245.51 0.0479663 -1.71234e-14)
(245.526 -0.00351945 4.82099e-14)
(69.855 -91.0191 2.80301e-14)
(55.5921 -53.4008 2.90621e-14)
(56.7474 -16.874 2.91631e-14)
(73.0571 13.571 2.96485e-14)
(95.7863 31.2299 2.94518e-14)
(118.886 39.7601 3.01585e-14)
(139.756 42.2499 2.98836e-14)
(157.713 41.0798 2.73349e-14)
(172.791 37.9207 2.24539e-14)
(185.353 33.8435 1.84391e-14)
(195.846 29.4965 1.98732e-14)
(204.641 25.2767 3.11903e-14)
(212.025 21.3506 3.94991e-14)
(218.23 17.8149 4.57313e-14)
(223.429 14.6965 6.21512e-14)
(227.76 11.9995 8.66423e-14)
(231.341 9.71025 8.15275e-14)
(234.274 7.79286 8.18908e-14)
(236.656 6.20938 4.58266e-14)
(238.571 4.91764 7.14391e-15)
(240.097 3.87532 -2.80795e-14)
(241.306 3.04134 -4.1973e-14)
(242.257 2.37936 -5.12991e-14)
(243.002 1.85711 -3.985e-14)
(243.583 1.44712 -4.36697e-14)
(244.035 1.12644 -5.50886e-14)
(244.386 0.876183 -9.03169e-14)
(244.658 0.681181 -8.4861e-15)
(244.868 0.529182 -3.26331e-14)
(245.03 0.410675 -9.70223e-14)
(245.154 0.317896 -4.03597e-14)
(245.248 0.245231 -1.60521e-14)
(245.319 0.187502 2.62325e-14)
(245.371 0.142182 1.87626e-14)
(245.41 0.104195 -2.19438e-14)
(245.434 0.076034 -4.26793e-14)
(245.452 0.0486763 6.16896e-14)
(245.46 0.0340041 4.87516e-14)
(245.477 -0.00713495 3.82377e-14)
(68.7458 -109.274 3.05388e-14)
(106.465 130.764 3.03773e-14)
(134.46 121.124 2.642e-14)
(160.128 116.814 2.95464e-14)
(180.348 109.248 2.89504e-14)
(195.971 101.259 3.08093e-14)
(207.628 92.2729 2.81834e-14)
(215.911 83.1032 2.6312e-14)
(221.747 74.1417 1.96529e-14)
(225.743 65.617 2.11726e-14)
(228.6 57.6025 2.30238e-14)
(230.633 50.1035 3.17232e-14)
(232.182 43.1388 3.75113e-14)
(233.493 36.7364 5.264e-14)
(234.689 30.9275 6.98371e-14)
(235.829 25.7289 7.85378e-14)
(236.97 21.1502 8.16271e-14)
(238.078 17.1895 7.49553e-14)
(239.133 13.822 4.5395e-14)
(240.115 11.0114 2.22302e-15)
(241.002 8.70126 -2.00513e-14)
(241.787 6.83057 -4.68262e-14)
(242.47 5.33255 -6.44755e-14)
(243.05 4.14694 -5.09683e-14)
(243.538 3.21581 -3.94004e-14)
(243.943 2.48825 -3.86484e-14)
(244.274 1.92338 -5.87209e-14)
(244.544 1.48707 -6.17523e-14)
(244.762 1.14946 -2.74788e-14)
(244.937 0.888709 -8.97452e-14)
(245.077 0.687152 -7.08273e-14)
(245.187 0.531351 -5.75362e-14)
(245.274 0.410341 -1.05541e-14)
(245.342 0.316293 7.56965e-14)
(245.394 0.241982 1.66855e-14)
(245.433 0.184077 -2.02983e-14)
(245.462 0.135829 -5.68914e-14)
(245.481 0.0996283 3.0063e-14)
(245.496 0.0657479 -2.26989e-14)
(245.502 0.046251 4.65136e-14)
(245.519 -0.00396347 2.56036e-14)
(44.8063 -62.3092 2.8872e-14)
(41.3482 -19.9074 2.96287e-14)
(56.7474 16.874 2.94537e-14)
(80.741 38.3197 2.9522e-14)
(105.355 49.8779 2.93999e-14)
(128.643 53.608 3.04939e-14)
(148.733 52.3655 2.94927e-14)
(165.399 48.537 2.55779e-14)
(179.106 43.4842 2.0092e-14)
(190.426 38.0778 1.78777e-14)
(199.866 32.7774 2.5075e-14)
(207.793 27.8162 3.39623e-14)
(214.468 23.3219 3.99047e-14)
(220.114 19.3287 5.02106e-14)
(224.87 15.8735 7.34616e-14)
(228.854 12.9117 8.12815e-14)
(232.167 10.4093 8.69127e-14)
(234.895 8.32397 7.25003e-14)
(237.12 6.61221 3.6965e-14)
(238.917 5.22016 -7.4291e-15)
(240.355 4.10201 -3.14948e-14)
(241.497 3.21101 -5.55814e-14)
(242.399 2.5063 -6.55232e-14)
(243.107 1.95208 -1.7843e-14)
(243.661 1.51826 -5.2543e-14)
(244.093 1.17983 -5.31209e-14)
(244.429 0.916351 -5.57211e-14)
(244.69 0.711498 -3.05694e-14)
(244.892 0.552141 -5.44177e-14)
(245.048 0.428126 -8.10058e-14)
(245.168 0.3312 -6.15579e-14)
(245.259 0.255407 -5.84386e-15)
(245.328 0.19527 -3.19334e-14)
(245.378 0.148129 -2.85793e-14)
(245.416 0.108659 4.91624e-14)
(245.44 0.0793839 1.07847e-14)
(245.458 0.0511642 7.42246e-14)
(245.465 0.0357408 -2.01694e-14)
(245.482 -0.00668608 2.68642e-14)
(37.1425 -70.5231 3.02955e-14)
(68.7458 109.274 2.94038e-14)
(102.64 111.642 2.63397e-14)
(132.906 112.58 2.98044e-14)
(157.546 107.959 2.89176e-14)
(176.702 101.411 3.19333e-14)
(191.276 92.9619 2.86479e-14)
(202.031 83.7975 2.70259e-14)
(209.888 74.6156 2.18442e-14)
(215.706 65.7857 1.87098e-14)
(220.075 57.4676 2.25184e-14)
(223.484 49.7313 2.95591e-14)
(226.261 42.6019 3.53786e-14)
(228.653 36.1069 4.40407e-14)
(230.804 30.271 6.79623e-14)
(232.77 25.0913 7.83178e-14)
(234.586 20.5634 8.3153e-14)
(236.246 16.6727 7.18674e-14)
(237.739 13.3836 6.33149e-14)
(239.067 10.6507 9.1964e-15)
(240.222 8.40888 -2.63369e-14)
(241.211 6.59823 -3.7979e-14)
(242.046 5.1519 -5.53845e-14)
(242.74 4.00638 -5.08942e-14)
(243.311 3.1059 -5.5436e-14)
(243.776 2.40564 -4.02283e-14)
(244.153 1.86092 -3.55804e-14)
(244.455 1.43885 -4.66112e-14)
(244.697 1.11234 -2.53295e-14)
(244.889 0.86019 -5.23026e-14)
(245.041 0.665294 -6.88305e-14)
(245.16 0.514572 -6.24397e-14)
(245.253 0.39742 -8.52649e-15)
(245.325 0.306306 -4.94988e-14)
(245.381 0.234287 1.35786e-14)
(245.422 0.178135 2.21057e-14)
(245.453 0.131336 -6.82846e-14)
(245.473 0.0963261 3.23244e-14)
(245.489 0.0633979 2.0641e-14)
(245.495 0.0445156 7.14376e-14)
(245.512 -0.00441308 3.12191e-14)
(24.8474 -20.5172 2.90578e-14)
(41.3482 19.9074 2.95031e-14)
(67.4393 45.5321 2.95228e-14)
(93.7553 60.511 2.93951e-14)
(119.178 66.1646 3.02128e-14)
(141.357 65.0464 3.07798e-14)
(159.619 60.6895 2.76534e-14)
(174.374 54.6981 2.37737e-14)
(186.364 48.1879 1.90344e-14)
(196.209 41.7395 2.162e-14)
(204.431 35.6557 2.9394e-14)
(211.339 30.0987 3.62931e-14)
(217.209 25.1324 4.01132e-14)
(222.23 20.7708 6.23507e-14)
(226.485 16.9961 7.86991e-14)
(230.078 13.7739 8.22879e-14)
(233.09 11.0792 8.25535e-14)
(235.586 8.84002 6.20594e-14)
(237.635 7.00444 2.20091e-14)
(239.299 5.5173 -1.66046e-14)
(240.638 4.32571 -4.28268e-14)
(241.706 3.3786 -5.3318e-14)
(242.553 2.63186 -5.20832e-14)
(243.221 2.04621 -2.47204e-14)
(243.745 1.58888 -5.07804e-14)
(244.155 1.23292 -3.38627e-14)
(244.475 0.956356 -6.1259e-14)
(244.724 0.741739 -7.52843e-14)
(244.918 0.575075 -6.77677e-15)
(245.067 0.445583 -1.31686e-13)
(245.182 0.344528 -5.79608e-14)
(245.27 0.265618 2.35604e-14)
(245.337 0.203073 6.59137e-14)
(245.386 0.154114 2.09466e-14)
(245.423 0.113164 -9.80899e-14)
(245.445 0.0827605 3.1462e-14)
(245.463 0.0536645 3.06918e-14)
(245.47 0.037492 -1.82619e-14)
(245.488 -0.00623411 6.96334e-14)
(11.8105 -17.7936 3.1362e-14)
(37.1425 70.5231 2.79823e-14)
(69.8551 91.0191 2.86013e-14)
(104.02 101.92 3.00973e-14)
(132.817 102.195 2.8658e-14)
(155.606 98.4329 3.12702e-14)
(173.561 91.4155 3.01667e-14)
(187.146 82.8116 2.81531e-14)
(197.452 73.7856 2.24317e-14)
(205.289 64.9336 1.82121e-14)
(211.426 56.5405 1.91635e-14)
(216.367 48.738 2.59136e-14)
(220.458 41.5871 3.61692e-14)
(223.975 35.1195 4.43696e-14)
(227.092 29.3483 5.74142e-14)
(229.858 24.259 7.79285e-14)
(232.326 19.8386 8.36601e-14)
(234.521 16.0632 7.69904e-14)
(236.432 12.8815 6.10667e-14)
(238.088 10.2442 3.24136e-14)
(239.496 8.08948 -1.1837e-14)
(240.674 6.34858 -4.36572e-14)
(241.651 4.9551 -4.8711e-14)
(242.45 3.85765 -6.78816e-14)
(243.099 2.99454 -4.30548e-14)
(243.621 2.32003 -3.80528e-14)
(244.04 1.79535 -5.77292e-14)
(244.372 1.38875 -3.9626e-14)
(244.636 1.07417 -2.71719e-14)
(244.843 0.831129 -4.26676e-14)
(245.007 0.643105 -6.95967e-14)
(245.134 0.497554 -6.62058e-14)
(245.234 0.384336 -3.34059e-14)
(245.31 0.296214 7.40447e-14)
(245.369 0.226525 2.75991e-14)
(245.412 0.172149 -7.33497e-15)
(245.445 0.126793 -7.99648e-14)
(245.466 0.0929487 3.6402e-14)
(245.482 0.0610011 -3.20769e-14)
(245.489 0.0427625 2.50737e-14)
(245.506 -0.00486681 3.19337e-14)
(24.8474 20.5172 2.95483e-14)
(55.5921 53.4009 2.92542e-14)
(84.3409 70.6056 2.99223e-14)
(111.936 78.5367 2.96749e-14)
(136.358 78.4896 3.05867e-14)
(156.081 73.7973 3.00115e-14)
(171.817 67.0148 2.68477e-14)
(184.304 59.4907 2.12834e-14)
(194.33 51.9363 1.9355e-14)
(202.56 44.7463 2.1002e-14)
(209.444 38.1107 3.05507e-14)
(215.256 32.1009 3.75622e-14)
(220.254 26.7594 4.68514e-14)
(224.568 22.0782 6.41614e-14)
(228.26 18.0405 8.06281e-14)
(231.431 14.6056 8.27154e-14)
(234.109 11.7161 7.09093e-14)
(236.348 9.32992 5.26629e-14)
(238.202 7.38298 9.50257e-15)
(239.718 5.80627 -2.57472e-14)
(240.947 4.54436 -3.94522e-14)
(241.934 3.54362 -5.60422e-14)
(242.721 2.75572 -3.9269e-14)
(243.344 2.13915 -5.88563e-14)
(243.836 1.65874 -4.69566e-14)
(244.222 1.28555 -5.31316e-14)
(244.525 0.99608 -5.26303e-14)
(244.761 0.771821 -4.45005e-15)
(244.945 0.597925 -5.38889e-14)
(245.088 0.463005 -9.59309e-14)
(245.198 0.35785 -4.16097e-14)
(245.283 0.27584 2.69947e-14)
(245.347 0.210897 -3.82373e-14)
(245.394 0.160122 2.23314e-15)
(245.43 0.117696 -4.09263e-14)
(245.452 0.0861569 3.68124e-14)
(245.469 0.056147 2.2279e-14)
(245.476 0.0392511 1.83607e-14)
(245.493 -0.00577884 4.10353e-14)
(11.8105 17.7936 2.85569e-14)
(44.8063 62.3092 2.97369e-14)
(76.1956 81.1366 2.9703e-14)
(107.102 89.9198 3.00461e-14)
(133.678 91.2294 3.06012e-14)
(154.914 86.8272 3.11252e-14)
(171.647 79.6395 2.85969e-14)
(184.626 71.3488 2.5033e-14)
(194.736 62.8808 2.04196e-14)
(202.772 54.7096 1.92952e-14)
(209.334 47.0813 2.42649e-14)
(214.806 40.0904 3.10899e-14)
(219.484 33.7802 3.9454e-14)
(223.559 28.1705 5.20156e-14)
(227.117 23.251 7.25027e-14)
(230.212 18.9946 7.80795e-14)
(232.914 15.3672 8.04474e-14)
(235.221 12.3244 6.47698e-14)
(237.182 9.80472 3.19133e-14)
(238.822 7.73894 -4.79376e-15)
(240.177 6.08159 -2.82293e-14)
(241.285 4.75558 -4.34404e-14)
(242.181 3.70413 -3.80742e-14)
(242.903 2.87714 -4.22331e-14)
(243.478 2.23072 -4.9067e-14)
(243.934 1.72764 -2.42294e-14)
(244.295 1.33753 -7.85635e-14)
(244.578 1.03539 -3.86774e-14)
(244.801 0.801653 -7.08852e-15)
(244.975 0.620626 -7.70822e-14)
(245.111 0.480346 -2.76722e-14)
(245.216 0.371132 -2.50845e-14)
(245.296 0.286048 -6.26505e-14)
(245.358 0.218721 5.57181e-14)
(245.403 0.166139 4.03288e-14)
(245.437 0.122245 2.1408e-15)
(245.458 0.0895576 -1.84388e-14)
(245.475 0.0585784 -3.48464e-14)
(245.482 0.041008 2.7911e-14)
(245.499 -0.00532239 3.32595e-14)
)
;

boundaryField
{
    front
    {
        type            empty;
    }
    back
    {
        type            empty;
    }
    airfoil
    {
        type            movingWallSlipVelocity;
        value           uniform (0 0 0);
    }
    freestream
    {
        type            subsonicInletTotal;
        inletDirection  uniform (1 0 0);
        value           nonuniform List<vector> 
168
(
(245.597 0 0)
(245.661 0 0)
(245.705 0 0)
(245.748 0 0)
(245.79 0 0)
(245.826 0 0)
(245.855 0 0)
(245.876 0 0)
(245.887 0 0)
(245.892 0 0)
(245.892 0 0)
(245.885 0 0)
(245.874 0 0)
(245.858 0 0)
(245.839 0 0)
(245.818 0 0)
(245.797 0 0)
(245.776 0 0)
(245.755 0 0)
(245.735 0 0)
(245.717 0 0)
(245.7 0 0)
(245.686 0 0)
(245.673 0 0)
(245.662 0 0)
(245.651 0 0)
(245.641 0 0)
(245.63 0 0)
(245.62 0 0)
(245.61 0 0)
(245.6 0 0)
(245.591 0 0)
(245.582 0 0)
(245.573 0 0)
(245.564 0 0)
(245.555 0 0)
(245.547 0 0)
(245.539 0 0)
(245.531 0 0)
(245.523 0 0)
(245.516 0 0)
(245.509 0 0)
(245.502 0 0)
(245.496 0 0)
(245.49 0 0)
(245.484 0 0)
(245.478 0 0)
(245.473 0 0)
(245.468 0 0)
(245.463 0 0)
(245.458 0 0)
(245.454 0 0)
(245.45 0 0)
(245.446 0 0)
(245.443 0 0)
(245.439 0 0)
(245.436 0 0)
(245.433 0 0)
(245.431 0 0)
(245.428 0 0)
(245.426 0 0)
(245.424 0 0)
(245.422 0 0)
(245.42 0 0)
(245.418 0 0)
(245.417 0 0)
(245.416 0 0)
(245.414 0 0)
(245.413 0 0)
(245.412 0 0)
(245.411 0 0)
(245.41 0 0)
(245.409 0 0)
(245.408 0 0)
(245.407 0 0)
(245.406 0 0)
(245.405 0 0)
(245.404 0 0)
(245.403 0 0)
(245.403 0 0)
(245.402 0 0)
(245.401 0 0)
(245.401 0 0)
(245.401 0 0)
(245.401 0 0)
(245.401 0 0)
(245.401 0 0)
(245.402 0 0)
(245.403 0 0)
(245.403 0 0)
(245.404 0 0)
(245.405 0 0)
(245.406 0 0)
(245.407 0 0)
(245.408 0 0)
(245.409 0 0)
(245.41 0 0)
(245.411 0 0)
(245.412 0 0)
(245.413 0 0)
(245.414 0 0)
(245.416 0 0)
(245.417 0 0)
(245.418 0 0)
(245.42 0 0)
(245.422 0 0)
(245.424 0 0)
(245.426 0 0)
(245.428 0 0)
(245.431 0 0)
(245.433 0 0)
(245.436 0 0)
(245.439 0 0)
(245.443 0 0)
(245.446 0 0)
(245.45 0 0)
(245.454 0 0)
(245.458 0 0)
(245.463 0 0)
(245.468 0 0)
(245.473 0 0)
(245.478 0 0)
(245.484 0 0)
(245.49 0 0)
(245.496 0 0)
(245.502 0 0)
(245.509 0 0)
(245.516 0 0)
(245.523 0 0)
(245.531 0 0)
(245.539 0 0)
(245.547 0 0)
(245.555 0 0)
(245.564 0 0)
(245.573 0 0)
(245.582 0 0)
(245.591 0 0)
(245.6 0 0)
(245.61 0 0)
(245.62 0 0)
(245.63 0 0)
(245.641 0 0)
(245.651 0 0)
(245.662 0 0)
(245.673 0 0)
(245.686 0 0)
(245.7 0 0)
(245.717 0 0)
(245.735 0 0)
(245.755 0 0)
(245.776 0 0)
(245.797 0 0)
(245.818 0 0)
(245.839 0 0)
(245.858 0 0)
(245.874 0 0)
(245.885 0 0)
(245.892 0 0)
(245.892 0 0)
(245.887 0 0)
(245.876 0 0)
(245.855 0 0)
(245.826 0 0)
(245.79 0 0)
(245.748 0 0)
(245.705 0 0)
(245.661 0 0)
(245.597 0 0)
)
;
    }
    outlet
    {
        type            inletOutlet;
        inletValue      uniform (0 0 0);
        value           nonuniform List<vector> 
80
(
(245.521 0.0671486 1.71066e-16)
(245.537 0.0571136 1.67245e-14)
(245.541 0.103606 8.90508e-15)
(245.547 0.139491 1.48882e-14)
(245.548 0.177348 2.2605e-14)
(245.549 0.213079 1.43146e-14)
(245.548 0.247278 1.28884e-14)
(245.548 0.278762 -4.04009e-15)
(245.548 0.306936 -1.16967e-14)
(245.548 0.330832 1.13846e-14)
(245.548 0.350015 -3.80062e-15)
(245.549 0.363574 1.89904e-16)
(245.549 0.371252 4.28357e-15)
(245.55 0.374018 1.64317e-16)
(245.55 0.371548 -8.84726e-15)
(245.55 0.363904 -1.77237e-14)
(245.55 0.352799 -2.00401e-14)
(245.551 0.337594 -3.62985e-14)
(245.551 0.319545 -3.74045e-14)
(245.551 0.299139 -5.84082e-14)
(245.551 0.277014 -4.69129e-14)
(245.549 0.253989 -5.14164e-14)
(245.546 0.230528 -5.29422e-14)
(245.541 0.207068 -4.70458e-14)
(245.534 0.18391 -5.24929e-14)
(245.528 0.161578 -5.13448e-14)
(245.522 0.140452 -4.35705e-14)
(245.515 0.12066 -3.54803e-14)
(245.505 0.102255 -3.36794e-14)
(245.493 0.0853346 -1.26175e-14)
(245.478 0.0700234 1.64291e-14)
(245.464 0.0563949 6.41632e-14)
(245.446 0.0445498 6.88993e-14)
(245.411 0.0342462 7.01216e-14)
(245.361 0.0254121 5.68943e-14)
(245.314 0.0185238 4.32283e-14)
(245.215 0.0134566 2.95409e-14)
(244.865 0.00844619 2.35462e-14)
(244.477 0.00479289 2.35225e-14)
(241.408 0.00176361 2.71233e-14)
(241.408 -0.00175881 2.90635e-14)
(244.477 -0.00478869 2.36488e-14)
(244.865 -0.00844181 2.38717e-14)
(245.215 -0.0134521 2.94199e-14)
(245.314 -0.0185194 4.24873e-14)
(245.361 -0.0254075 5.59669e-14)
(245.411 -0.0342417 6.94772e-14)
(245.446 -0.0445453 6.79821e-14)
(245.464 -0.0563904 6.22512e-14)
(245.478 -0.0700189 1.06855e-14)
(245.493 -0.0853302 -2.00092e-14)
(245.505 -0.10225 -3.90217e-14)
(245.515 -0.120656 -4.0888e-14)
(245.522 -0.140448 -4.87557e-14)
(245.528 -0.161574 -5.41602e-14)
(245.534 -0.183906 -5.25147e-14)
(245.541 -0.207064 -5.01048e-14)
(245.546 -0.230524 -5.04362e-14)
(245.549 -0.253986 -5.08287e-14)
(245.551 -0.277011 -4.49302e-14)
(245.551 -0.299136 -5.13974e-14)
(245.551 -0.319542 -3.19527e-14)
(245.551 -0.337592 -2.46168e-14)
(245.55 -0.352796 1.01696e-15)
(245.55 -0.363902 -4.39333e-15)
(245.55 -0.371546 -5.74608e-15)
(245.55 -0.374016 -1.50739e-14)
(245.549 -0.37125 1.70028e-15)
(245.549 -0.363572 1.24321e-14)
(245.548 -0.350013 2.55188e-14)
(245.548 -0.330831 1.78238e-14)
(245.548 -0.306935 2.08921e-14)
(245.548 -0.278761 2.32683e-14)
(245.548 -0.247277 2.62761e-14)
(245.549 -0.213078 2.91935e-14)
(245.548 -0.177347 4.21685e-14)
(245.547 -0.13949 3.28444e-14)
(245.541 -0.103606 1.75008e-14)
(245.537 -0.0571132 2.59521e-14)
(245.521 -0.0671484 8.86802e-15)
)
;
    }
}


// ************************************************************************* //
